,MOFA_methylation_Factor1,MOFA_methylation_Factor2,MOFA_methylation_Factor3,MOFA_methylation_Factor4,MOFA_methylation_Factor5
TCGA.A1.A0SF,-0.5840386329307783,-0.3337744291481356,-0.9129742433692755,0.4898195707614524,0.7328644548826054
TCGA.A1.A0SI,0.10400743109507925,-1.008461472824182,-1.2961943746799005,0.9044616942005573,1.5377810282443618
TCGA.A1.A0SN,-1.3639206154212884,1.8195931707446285,-0.4848503023427622,-0.2464285078421903,0.18313822927057907
TCGA.A1.A0SQ,-2.407904497134589,-2.107269172850344,-1.2826000212140891,-0.03628150807147973,-1.472705318064956
TCGA.A2.A0CK,-1.2222875225933763,-0.5135181603677469,2.1112244737360357,0.14209115134669198,-0.7159152599248946
TCGA.A2.A0CO,-0.8047739899445489,-0.13362252569144936,-0.4084002596968795,-0.4030352314891147,1.365977706840262
TCGA.A2.A0CR,1.3177488751408646,1.3765082932624302,0.3582207950810983,-1.6495789180510874,1.533235836923595
TCGA.A2.A0EP,2.7755667930079344,0.9460117930532318,1.473935030119886,-2.261802450790658,1.4568489568778018
TCGA.A2.A1FV,-3.4932451850000428,1.4632724402150266,-2.910041489885282,-1.839901647751999,-0.9721523993992188
TCGA.A2.A1FW,-3.14560254255868,0.4466045520725275,-2.1003687404373808,-1.402388097003728,-2.492723600914071
TCGA.A2.A1FX,-2.0313547773650815,-0.5801864039035145,-1.9059557291618374,-1.1799003763002773,-1.0249531195127328
TCGA.A2.A1FZ,-0.17534989312905228,1.3600466706497272,1.7706298639805271,0.16519417474085005,0.8259716088289826
TCGA.A2.A1G0,0.2825858650305917,-2.053065212350411,1.2234519590167336,-0.8972177520400272,-0.40002295405619653
TCGA.A2.A1G1,2.948968364044177,0.9084377213476379,-1.5800194129114589,0.597408616778267,-0.23823212582673
TCGA.A2.A1G4,-2.5668556833633898,1.245890875351916,1.4547274055167931,0.11431293738418556,-1.1268230889666142
TCGA.A2.A259,0.9009865237702597,-0.9857644299156815,2.0258499444012075,-0.6550403771214423,-0.028373601449581676
TCGA.A2.A25B,-1.9230867954669362,-0.23830330288772822,-1.6537965123021632,-1.703217930807511,-1.4424890240832648
TCGA.A2.A25C,-0.6209621652902356,-0.4598614527549635,1.3073336642379039,-0.8268230713038149,-0.0025447719873172322
TCGA.A2.A25D,-0.40598523418134824,0.5332097607281074,-0.5052699355507232,-0.07723959827626255,0.3806105971274822
TCGA.A2.A25E,-1.3362689091229152,-0.01880665133423033,-0.08538948653497985,-1.999689522138491,-1.7533543989094316
TCGA.A2.A25F,3.4026313181679817,1.1651551344289908,0.8531751433396965,-2.4950248320752264,1.0626994220040122
TCGA.A2.A3KC,-0.6887570088374769,1.7304553421536832,1.1641065297860924,0.38650091580761303,0.47852024729136766
TCGA.A2.A3KD,0.4063870625577928,-0.5810598967239495,1.7127350151191238,0.23625175334685633,0.20529475570419034
TCGA.A2.A3XS,3.359987032100545,1.6666232172121271,-0.9881823962871336,0.7106911361245523,-1.1782977804050465
TCGA.A2.A3XT,3.275707290456921,0.9522786913139092,0.4373519948311676,0.38494664350956187,-0.8414253274833373
TCGA.A2.A3XU,3.034656763720641,-1.3043376094720414,0.6551023918675268,3.9719019514667635,-2.0932771680123414
TCGA.A2.A3XV,-0.6560293344299176,3.0441247244464313,-0.051255516649247206,1.1728555531273293,0.9995572320089784
TCGA.A2.A3XX,3.5841781991463018,1.1944648030347795,1.0051118836124533,0.365498350019309,-0.7475446862662741
TCGA.A2.A3XY,3.686490973266858,0.3637207385344749,-0.5037012994911287,-0.20937118156091133,-0.4287806920784782
TCGA.A2.A3XZ,2.0945025683991374,0.8494146062795243,1.5549987783508719,-1.0119243205380606,0.27447141605504816
TCGA.A2.A3Y0,3.7694343391253615,-0.7084219081291705,-0.44566720765942885,0.1784028185367843,-0.21772967617934308
TCGA.A2.A4RW,-0.18454642208089256,1.9718461488197943,1.4790550021051885,-0.21448998938654915,-0.0369171830520374
TCGA.A2.A4RX,3.4922084709105903,0.27536163351975806,1.0042807048508195,0.3742527044796085,-0.3129089383514283
TCGA.A2.A4S0,-0.4950743409011987,-3.3132494555621324,3.0284029696211054,0.8042163922262859,-1.3805520227757748
TCGA.A2.A4S2,-0.7967045311293172,0.879773189747452,0.382153308269121,0.029076184587861553,1.1503101787639258
TCGA.A2.A4S3,1.2269902666802202,-1.739440620820569,-0.554956343209637,-1.3755620048817165,-0.5612146633988716
TCGA.A7.A13D,3.488812922574036,0.49055771598540804,-0.5961730841746674,2.408330219350271,-1.872588331883972
TCGA.A7.A13E,2.8190849162728746,2.5619967497048854,-3.880878522404393,3.5136061235468556,-0.4348525133269519
TCGA.A7.A13F,-2.688134605806864,1.0981298787806066,-1.6535350737279124,-0.37119782258810347,-0.08916722283179983
TCGA.A7.A13G,-1.3450048828106056,-3.3771362360749695,3.023024670383963,2.1027918776307137,-0.3735024504048163
TCGA.A7.A13H,0.2443851756611063,-0.02405684712638486,1.265322536333892,-0.3019042342956901,0.8761265922623759
TCGA.A7.A26E,-1.9986920580938456,0.8738118468912829,1.8393067664685172,0.22975448924835165,0.23146019188978215
TCGA.A7.A26F,1.9424771648160355,2.1187591865046533,-1.4253616721663342,0.19270429491969532,0.6509403344460051
TCGA.A7.A26G,3.3361874080644984,-0.5041885978256501,-0.18903687047217194,0.16497707783790388,0.26029671106710606
TCGA.A7.A26H,-1.4297458230855657,0.36200437931947665,-0.5012415575255337,0.4484035598191229,0.6791513053029785
TCGA.A7.A26I,3.9572383296162092,-0.5230084313072951,1.0528299273248551,0.5991000250990911,-1.3217855811395114
TCGA.A7.A26J,-2.2280808935464917,-0.19575971845321694,-1.3896759098419564,-1.6543827409312155,-0.05399790161127012
TCGA.A7.A2KD,-0.41597790161654974,-1.7463063150232854,-2.1167079521577756,0.13390863620622678,1.0021581678606546
TCGA.A7.A3IY,1.8681980626386652,-1.5744601060655665,1.8950399205459767,0.5965691381256152,0.1991306695278
TCGA.A7.A3IZ,-3.624293935444103,-0.6451965778120474,-1.2962867288781807,0.7765403109985388,-0.350236601573773
TCGA.A7.A3J0,-0.2564659577883673,-4.7403906593768825,1.821361899218176,1.7746649001296142,-1.1317992726563764
TCGA.A7.A3J1,-0.22873368643281372,0.24398250584072032,0.6299643111681187,-0.3178496858655456,1.3541510574580797
TCGA.A7.A3RF,-1.7229633654737502,-3.557519030425876,-0.47461904405818045,0.12030201809513177,-1.299801693281577
TCGA.A7.A425,-0.37355084145359657,-1.1444888331180065,-0.5655957668153521,0.2825061367801439,1.0940903266770017
TCGA.A7.A426,-0.019146349436126815,-0.026810519525484806,0.21769779316745122,-0.79676469885339,0.6006351403734262
TCGA.A7.A4SA,1.0984590566076862,-0.7696044756188387,0.19306636250727785,-1.3934972107611137,0.018549123515970867
TCGA.A7.A4SB,-1.0391658519805074,-1.9969703661657394,-0.47047835609195965,-0.1328492438970129,-0.13351754012459796
TCGA.A7.A4SC,-0.2756857313706439,2.085360484479394,1.5851002534267875,0.7320502498964597,0.7282814087562507
TCGA.A7.A4SD,3.4200881933000074,-1.9787134976849958,-1.7393084461511839,0.08157462116232231,-0.06691443275997282
TCGA.A7.A4SE,3.6039044636042608,-0.11643864445231661,0.3055540732804048,0.944368667577784,-0.932031007648305
TCGA.A7.A4SF,-1.42063773083822,-1.6700504441752047,-4.163510315343158,0.7246139420379432,0.08404272257336827
TCGA.A7.A5ZV,2.403206004933632,3.648719973722123,-1.9675764297871337,1.6501890509754837,-0.7743774920310565
TCGA.A7.A5ZW,0.8548067470423193,-0.28609873422339843,2.1380427942577476,-0.05079893879428534,0.5720706528419977
TCGA.A7.A5ZX,0.07302324967650209,0.42736367744064396,1.859187893007565,0.9405213884002552,0.48707835697411733
TCGA.AC.A23C,-0.08150102568522828,0.6535440537136001,-0.2902478857615102,-0.44970263683566103,1.1476748446208702
TCGA.AC.A23E,-1.3581960473529757,-0.5743216525338845,-0.09623668096993407,-0.1366017707408297,1.04444957161181
TCGA.AC.A23G,1.008033270694491,0.08245733037160653,0.7274104692716791,-0.2756333877377128,1.1598056138620072
TCGA.AC.A23H,-1.9828717326616319,4.9953305665092325,-1.9815075080927536,-1.3711492583987293,-0.15477710864527935
TCGA.AC.A2B8,-0.3809031922760613,-0.4855673087528057,-0.5703827561353954,-0.11955236790952391,1.2410494505625949
TCGA.AC.A2BK,3.623452077328164,-0.07789950368950495,-3.1207276219168514,2.2918920382197623,-1.6296138979720904
TCGA.AC.A2BM,-1.4407397288326933,0.5308924825957336,0.22580730763154008,-1.8742850964511417,-1.9055783004255167
TCGA.AC.A2FB,1.5326941411592019,1.181115450548426,1.143489044705543,-1.3658813151924902,1.116370013918119
TCGA.AC.A2FE,0.18798174317337088,2.1882955606516465,0.9093274417896736,-0.6648629023721321,1.0378776250631665
TCGA.AC.A2FF,1.8318233230886847,0.02805157500978245,1.7836566604088113,-1.1265390166689673,0.6991903002692597
TCGA.AC.A2FG,-0.32171647830500905,-1.4497771142967402,0.4460510474234935,0.43068007297820504,1.3653511550705522
TCGA.AC.A2FM,-3.765104993461598,3.380833241606707,1.212169418061982,-0.6275087444291616,-2.100857298674559
TCGA.AC.A2FO,0.362727756744456,0.9919072898169248,-0.4411045738978493,-1.626828865465603,1.0048107073218244
TCGA.AC.A2QH,2.726566909827911,-0.8954024525242665,-1.1072484975591543,-0.518652231688684,-2.0898514812211624
TCGA.AC.A2QI,-0.35676036756290214,-1.8389012650769794,-1.4234878810091827,-0.26427378401342977,1.4804420152986504
TCGA.AC.A2QJ,3.5880230453593636,-1.436418170604414,-1.0134777193772155,-0.7455897340859694,0.4490490802235921
TCGA.AC.A3BB,0.27406143010324036,0.17324142441897258,0.43560945140688134,-0.6813498183460069,1.5465983936222671
TCGA.AC.A3EH,-2.845801858321732,0.885542599148856,-1.3609725231783338,1.8975280752862536,1.4169526911587538
TCGA.AC.A3HN,0.2403639982326197,-0.13982963129739212,2.059207329800602,-0.3158554095931084,0.8863803765547059
TCGA.AC.A3OD,-0.11793868275283972,2.1012677717781645,1.9044164933328303,-0.11262436191976903,0.5899867251883509
TCGA.AC.A3QP,0.8918787723991981,-0.5565804606927675,1.0737097348276152,0.08106838483532634,0.6918171528129003
TCGA.AC.A3QQ,-1.872753214994926,-0.95915503610383,-1.4865526605701456,-0.6361406139303799,1.4335459127951695
TCGA.AC.A3TM,-1.1321879769666512,-0.1091092955304095,1.053547937893078,0.6112082602791685,0.8189732964269119
TCGA.AC.A3TN,-2.9765607150618556,-0.09457213363834834,1.0288164957676604,1.2579299223332123,0.9188364243485584
TCGA.AC.A3W5,0.264138806524001,1.1697289468205503,-1.153638332174204,-0.3295810752183515,1.4325364162238903
TCGA.AC.A3W6,0.6326730427980631,0.38863475754244486,0.408621835319783,-0.41631879434050273,1.4592432013442556
TCGA.AC.A3W7,-1.0106884109367202,0.016994135663342107,1.8964213970362473,1.6102653810607475,0.8611748653679795
TCGA.AC.A5XS,0.4759830835555378,0.02844845329657883,-0.8860716537827427,-1.3926094190554978,0.9538508302262182
TCGA.AC.A62Y,-0.1719791048678816,-1.7040455439532598,1.0874693910770334,1.5072960145860945,0.9382758856222067
TCGA.AO.A1KP,-3.4926440298261068,-0.4183149651259115,-1.4061818861262088,-0.45664232067296867,-1.2270990878632493
TCGA.AO.A1KQ,-0.5351252364132186,-1.9423601099560825,-1.8082781537454367,-1.2587454609363338,-0.41216159525099133
TCGA.AO.A1KR,2.588294346738042,1.7156225909635527,-1.1004654282882798,1.386856316615766,-0.09981464937604013
TCGA.AO.A1KS,-1.3638516437329153,0.6685647059966605,1.3939359945272556,0.6319630015722143,-1.2703581657375522
TCGA.AO.A1KT,-1.1743120534257223,-0.9394567342042806,-3.263813279439883,0.6249136478638547,-0.2666026026017735
TCGA.AQ.A0Y5,-0.8503411713185174,-0.1816855160177232,-0.7048658379944821,1.2886416694586769,-0.40969859974050604
TCGA.AQ.A1H2,-2.5776068543787356,-2.542845184550321,-2.7873530128932145,1.5183918867115835,0.0016515009945742292
TCGA.AQ.A1H3,-0.8889956637967436,1.1942037662043181,0.9336210094991603,0.45391568644282465,1.529224338057105
TCGA.AQ.A54N,3.7773193964030543,0.5325577974617605,-1.06349717545992,4.407974060247856,-1.7400361447537962
TCGA.AQ.A54O,-0.8431272429560054,-1.9533152880025395,1.3407577062281517,0.40738989287343735,-0.725817724195513
TCGA.AR.A1AI,3.6801840729185735,-0.8084168389184586,-1.8625060479182116,0.03912316236631916,0.23188095302834041
TCGA.AR.A1AJ,3.617082243114198,0.7115201179446643,0.6090935713353494,-1.0876734219210902,0.4399883291724962
TCGA.AR.A1AM,0.8676502836964393,-1.784392797952721,0.6650601065926016,0.026214876597578745,0.32737765491909243
TCGA.AR.A1AN,0.47036502063396285,-1.8685813867844436,1.1293831893532535,0.6650369096887271,0.3909873998966973
TCGA.AR.A1AP,-1.750704782855147,1.7549603564855207,0.6320614609535683,2.42271266979938,0.3446785515129644
TCGA.AR.A1AQ,3.1749863905272058,1.988226034674604,0.3808107937473443,0.48506497544481136,0.21565836969624713
TCGA.AR.A1AR,3.1788691721358804,0.9013558020257925,0.2834670300907355,1.2862379340947219,-0.08187148405904475
TCGA.AR.A1AS,-1.9588852737700049,-1.4380981970331095,-1.5318843817625036,0.7988294161593429,2.0112711891985375
TCGA.AR.A1AU,-0.053324553446759716,-0.5478967761094133,1.8090580365696884,0.39364676340805327,-1.4810804356104634
TCGA.AR.A1AV,-3.848016331974068,1.0013512971078165,-0.24567559586006302,1.732827150016918,-0.35334753956593434
TCGA.AR.A1AW,1.2740247821184143,2.706226004361525,0.4153133964457567,-1.6945152738156957,1.4745864094842354
TCGA.AR.A1AX,2.191893312505334,0.09857763426832176,1.304071181602225,-1.3348359329465285,0.7830110885232595
TCGA.AR.A1AY,3.777621837660145,1.6772118276153618,0.3459912050477219,3.673901103374968,-1.505410402841024
TCGA.AR.A24K,-2.623701150891549,0.07118267862162887,1.639285900204126,3.006350578303173,0.04062852499226184
TCGA.AR.A24L,0.02065216691858387,-1.293478347586423,0.3613854292879529,-2.3728271206080955,-1.1452624523111508
TCGA.AR.A24M,-1.6176770767101345,-1.089319982687476,0.5307552403668496,0.06491093744446451,0.9376171554406072
TCGA.AR.A24N,-2.2767577219801343,2.6587986211231467,-0.3044380704402829,1.5608257277491018,1.7786121186962522
TCGA.AR.A24O,0.6507483830669718,-0.8425464115891994,0.9841124073921835,-0.7987034002776683,0.7050439942243447
TCGA.AR.A24P,-0.852744377206472,0.7456906708244511,1.8901275963502011,1.2076206266003726,0.5979857089527658
TCGA.AR.A24Q,3.7815730574266535,0.06900486134990541,-0.38854515249677474,0.8104650744148484,-1.3444460249376449
TCGA.AR.A24R,-1.9801101737369777,1.4849287825431454,-0.7203930435775606,-0.7757074816332383,-0.4458507423565703
TCGA.AR.A24S,0.6882313591484724,-2.6293567775356146,-1.820534684685082,0.11778980218356146,0.3445492499935369
TCGA.B6.A1KC,-2.0524799096606907,2.2723561329036346,-0.6645417372535227,-2.1075115417010966,-3.22367291040859
TCGA.B6.A1KF,2.85553432933896,1.9754262485478018,-1.688920893141426,2.261184271816244,-1.320826633551112
TCGA.B6.A1KI,-0.15767620337996094,-1.834524378843507,0.5998427858427244,-0.3127487580713872,1.0526375862598152
TCGA.B6.A1KN,-1.8373369012796161,0.8535676448645778,-1.9733599299954614,0.19933399595583184,-0.3144032011414157
TCGA.B6.A2IU,-1.2984443422837937,-1.1477227051845567,-1.4253016985157259,-1.025385318871731,1.068890224083697
TCGA.BH.A0AU,-0.5081231946624409,-0.6203023824792173,1.46826134042362,-1.0453178313456275,-1.1391175918268452
TCGA.BH.A0AZ,-0.03497542191909076,-0.9379347061121323,0.3562978367137012,-0.416597053745244,-0.1354724270650983
TCGA.BH.A0B5,-2.017554577564806,0.22527648039309286,-0.999844105206547,-0.7233485566137904,1.0875035550448005
TCGA.BH.A0B6,0.40820713601233855,0.2773690114277122,-0.3426617006295967,-1.089563682006003,0.6470921984039727
TCGA.BH.A0BF,0.5892703358708178,1.158313651671806,-0.6737462750233199,-0.9303460890051347,1.11438279533036
TCGA.BH.A0BS,-1.5618997288612426,-2.7267703674715453,-0.02521028793104068,0.7208148951855525,0.9258278951663172
TCGA.BH.A0BZ,-0.8676491332008262,2.730718456461148,-1.2450308430536863,-2.1528335135247407,-0.3457661837126332
TCGA.BH.A0C3,0.9832886534844294,-0.3425159499829617,0.9531325216418994,-2.068574771812627,0.3260557208627983
TCGA.BH.A0DD,-2.9048208841535943,-0.6429158103940713,-2.9859223467929397,1.038052029726592,0.29606801933164906
TCGA.BH.A0DG,0.16256507592218727,1.1963727315596868,1.4420425439994184,-0.740398098374091,-0.24187805179898103
TCGA.BH.A0DI,0.5122908850568882,1.5809021190103922,1.1409136909192898,-0.15470397436125954,0.34922755891201074
TCGA.BH.A0DV,1.0714854453984601,-0.01067178915775177,1.336638988494936,-0.6198059370140218,1.1329528693725932
TCGA.BH.A0E2,-2.0546456234215134,0.9249021353967569,1.836292382507596,-0.01024981264457913,-2.4311196069063477
TCGA.BH.A0H3,-0.11283419350869267,0.1571556291398712,2.345647550758138,0.7020006409131675,0.42903901998545957
TCGA.BH.A0HA,-1.9711080328802484,-0.28059787559983324,2.248052415985541,-1.1842978482784756,-0.9580909869143754
TCGA.BH.A0HN,-2.69185512769752,-1.7505611509935075,-0.6367483205470987,0.6472741535671902,1.3277877350924883
TCGA.BH.A1EN,-1.5598310612704704,3.609337630880888,-3.122436725855756,0.48833952759304117,0.6610652923417106
TCGA.BH.A1EO,-1.2171716628479732,1.5096258261238638,-0.7744193976801781,-0.569682895492627,0.44302308089211345
TCGA.BH.A1ES,-2.116799206285176,0.28681783536865846,2.6018617951797056,-0.9440385098196314,-3.1024655958577676
TCGA.BH.A1ET,-1.3834354574761545,-1.9633311336883765,-0.16472980225574657,-0.32558169128839254,0.40793624884913593
TCGA.BH.A1EU,0.8827390004778529,-0.5416831725663583,1.2282952865512218,-0.6103480063620543,1.0437202201711369
TCGA.BH.A1EV,-1.273478095414439,0.17188278103339114,1.0941269705223757,1.9356105304726634,0.6571814824039975
TCGA.BH.A1EW,-0.47856885337708577,1.254946324281583,1.0338619095700432,-0.08114262254125677,0.46133512100482377
TCGA.BH.A1EX,-0.20120110220626136,-1.139633322787641,-1.8706220593636846,0.68435436780346,1.413006392525643
TCGA.BH.A1EY,0.0021160155858763498,0.6629713494936555,0.03130527604362416,0.2735585424552012,0.9623446144197639
TCGA.BH.A1F0,3.6235983530877673,0.14591666636937317,0.06486201078862208,-1.704987000418338,0.6769626306620146
TCGA.BH.A1F2,-1.106883852677276,-0.2543198304840995,-2.630276448413077,0.0068838022314446955,0.35911349416412675
TCGA.BH.A1F5,-2.0548503601508585,-2.470624474068473,0.2890350279112683,0.09434632602526016,-0.5635452541453976
TCGA.BH.A1F6,3.0539828616810163,2.8258294664082726,0.3938563622527348,0.4291539932822167,-0.5494983364762982
TCGA.BH.A1F8,-1.6373932470902675,-0.4404423344685931,-1.9769916712822395,0.8201669481931976,-1.2781832277197547
TCGA.BH.A1FB,2.055828591261088,-0.24488356537616138,1.5883460568055088,-0.8340664833270804,0.7754487040849265
TCGA.BH.A1FC,2.908660036906819,3.528772109197664,0.14873683322203485,0.9309953634266882,-0.1871478377771808
TCGA.BH.A1FE,0.8358058600504377,0.7375763500245754,0.08057817934497521,-0.9215390646522332,0.9485877817781571
TCGA.BH.A1FG,-1.7916435724865603,-1.6881678832285063,2.478613338481591,0.915612342963723,-0.49695144610311404
TCGA.BH.A1FH,1.8455913886307167,-0.629019953409474,1.8426664901678924,-0.13749330012936845,-0.057434416842955284
TCGA.BH.A1FJ,-3.433106528123041,-0.07709361366963555,-1.1648094244487495,0.013096259365612954,1.2948721511754433
TCGA.BH.A1FL,-2.8928944879432272,-0.8002879624019934,0.22253413389270207,1.9240155953415958,1.0719360475502653
TCGA.BH.A1FM,-1.766032453517402,-1.800536092248684,-2.105171509059349,0.5529075725577071,-0.9517177364110583
TCGA.BH.A1FN,0.2139628683261549,-3.178268956037906,1.189326360439632,2.1741053423975627,-1.4911713369718493
TCGA.BH.A1FR,0.3590024317166534,-1.9137494046072567,1.3354565025240328,-1.6369718182061601,-0.5379502901261445
TCGA.BH.A201,0.1114166175689107,-1.195363277326494,1.3122841135176742,1.2886136542145632,0.15115684292484888
TCGA.BH.A202,0.3039589033019653,1.716352811753282,0.8273168748621468,1.6156822242247935,0.6434678140859824
TCGA.BH.A203,0.24084477410433433,2.526807848821758,0.7925804332893382,0.7639848716016727,0.24890324489560783
TCGA.BH.A204,-3.527057671493884,0.29161095870308945,-3.0480910637483145,-2.309769271942615,-2.467084551486643
TCGA.BH.A209,1.513791849552045,2.671556158230406,1.3143848058576726,-1.4765286081258888,0.5042430470056379
TCGA.BH.A28Q,-2.000423626845117,0.7447692150448595,1.2649228709865987,0.8645258547782748,1.282449613206332
TCGA.BH.A42T,-2.459811685069551,1.9204250560255725,0.8701488953959863,1.0425485905760454,-0.16751084544127476
TCGA.BH.A42V,0.11030400133540273,0.8800709085568859,0.8121048792811905,-0.6061926175735736,0.153642169705415
TCGA.C8.A1HE,-2.7265356824223197,0.28497074355270813,2.7786331315012545,1.7409223081286973,0.8927231794985725
TCGA.C8.A1HF,-0.014371559527494972,0.48791504538993186,0.6755161724838122,1.0685128046818175,0.27126752331616505
TCGA.C8.A1HG,0.5527282561112039,-1.8116254661895377,-0.9607335964777399,-1.4880741335248333,-1.691061563339818
TCGA.C8.A1HI,-0.006272317992845153,-0.4071704936032996,1.5262610681227622,-0.1187433716704074,-1.0361073084178882
TCGA.C8.A1HJ,4.234680809827652,-0.4386995457807956,-1.2540950842700593,1.1082548204842768,-2.086773093198369
TCGA.C8.A1HK,-0.7585560635129378,-1.6495685195300145,-2.137107401952696,0.8682635847488434,-1.0008498880342296
TCGA.C8.A1HL,-1.9665476649795355,-1.930254149985742,-2.57849263002348,-0.8843872988752053,-1.4826447696100964
TCGA.C8.A1HM,-0.5384949044038647,-0.6741503901195609,-2.767758398688087,-0.7250206070534048,0.11452459604776653
TCGA.C8.A1HN,-1.6794780998890446,-0.8986980494174479,-0.12129542491332142,0.5530803871262471,-2.4173789015851637
TCGA.C8.A1HO,-3.553502572686411,2.1352206678382974,0.7503104494997173,-0.5940993689933339,-3.061667503492475
TCGA.C8.A26V,-1.9515274535007479,1.4256115688231257,-0.35474901243143825,1.3095679922723757,1.290526499010626
TCGA.C8.A26W,0.4777892748843665,-2.628606313975703,-0.9302173438427548,-0.5866781410911709,0.2306346996913524
TCGA.C8.A26X,1.115861294451061,2.0545988375306132,-1.4745017414341308,-0.4034821110664544,1.540907043075199
TCGA.C8.A26Y,1.6721653617597656,0.07356815772557863,-0.6459227358070669,-1.6334422979905991,0.3479573238549494
TCGA.C8.A26Z,-1.943662458108803,-2.272852634461368,-1.4577792676355994,-2.1536192593374346,-2.397600461257359
TCGA.C8.A273,-1.6254733931651575,0.6862166988514485,-0.30420912204166883,-1.4491939496933166,-1.4452546943978875
TCGA.C8.A274,-2.9883660296691756,1.7903344708752778,0.46130707481813965,2.186151852780481,0.5781476946959744
TCGA.C8.A275,0.24123671713557784,2.402098253427734,0.10398873430813514,-0.07915907305741199,0.5980934418044853
TCGA.C8.A278,0.9051386758765094,1.8732171681134258,-0.5307194572371515,-1.0845082295473871,1.1880138426236588
TCGA.C8.A27A,-1.95380168147735,-0.22646455197517387,-1.3009089583276154,-1.9815754282670623,-4.485158082850964
TCGA.C8.A27B,4.160213139547193,0.37151249088496685,-0.8337116790461967,1.037277942601658,-1.0102384896295662
TCGA.C8.A3M7,0.6809766926770844,1.0951827235465037,0.17304104684980484,-0.3719671209608121,1.4117984301700355
TCGA.C8.A3M8,-2.341774176925766,2.4780128220540147,0.047835705615763974,-0.647895849135813,-1.4020860367470467
TCGA.D8.A1J8,-1.8296683214400273,2.3684941322709743,0.2256186840760657,0.06315454426543025,0.6824031048972171
TCGA.D8.A1J9,-1.7868685148891617,1.8130772361181131,-0.2041651674304137,1.121094545777102,0.5907508924325847
TCGA.D8.A1JA,-0.8357407448231314,-0.6275971381022476,-2.087825121020039,1.847929127729537,-0.23084575198025298
TCGA.D8.A1JB,1.2847942900850169,0.28042046480441407,1.4248331225427877,-0.6883402843949832,0.14952315357282475
TCGA.D8.A1JC,-0.2527726701743388,-2.0174036890639804,-1.545846874651426,-1.2436764751122382,-1.1691117635776542
TCGA.D8.A1JD,-0.6851781220099702,-0.70398795689645,-1.1962061735978529,-0.3303914096969394,-0.19321024429991587
TCGA.D8.A1JE,-0.42602876047514976,-1.9917262956926172,0.1712087535092968,0.22959207660988126,0.8504223962555649
TCGA.D8.A1JF,0.28639568340125987,1.4835355527247571,-2.956522473176295,-0.31455858319947755,1.5466378384570505
TCGA.D8.A1JG,1.0960901825867668,1.2857487735863489,-1.727324283128892,-0.4208867488242152,0.6130473943894603
TCGA.D8.A1JH,0.12186465020412508,-1.0365936386489167,1.8378419029468582,0.04353861100451832,-0.028843382144356635
TCGA.D8.A1JI,-2.901661847965499,-2.0186929299394194,-2.1409871008979846,-0.9955024829158923,0.043074758495842996
TCGA.D8.A1JJ,-0.624476479215927,-0.3162582785165943,0.12368438251492406,1.3602919550160832,0.07908213534558232
TCGA.D8.A1JK,1.6228274514876113,-1.35621462058241,-2.725520806478458,-0.18393546939899114,1.1385952286244316
TCGA.D8.A1JL,3.710303887822599,0.04488521124349489,0.6038530458798914,0.31349339093823836,-0.5144878852915915
TCGA.D8.A1JN,-3.3271805204485045,0.8923962695088,-1.9929799872383762,2.7537122298749885,1.5244178245754894
TCGA.D8.A1JP,-0.751272023129919,-0.39519965979783517,1.0082169891644328,1.8036321195791567,-0.296534147211566
TCGA.D8.A1JS,-2.459236485967005,-3.0588189763747327,1.026580533100737,1.2788590434043818,0.9702009129129553
TCGA.D8.A1JT,-2.501200485627709,-0.9306144786083992,-2.68771288598243,-0.515288468147963,0.008282042802040236
TCGA.D8.A1JU,0.6004635199363254,-0.7723346380503721,1.7079598663259357,-0.21943174347384975,1.0186869447962268
TCGA.D8.A1X5,-1.6356517986347692,0.29205360270186476,-1.9124376242514776,0.045068236777197186,-0.33044699420032186
TCGA.D8.A1X6,-1.6312158410305018,-2.9005657496145045,-2.358160566243705,-0.8701882755204006,0.19152467044439786
TCGA.D8.A1X7,-0.8395822585107802,-2.760780731808039,-0.8407038808647103,0.639210769225208,0.4802975822282466
TCGA.D8.A1X8,-1.1084219387319119,-0.3296437372034686,0.20433065228609962,-0.6085178901295366,0.46423077080494846
TCGA.D8.A1X9,-2.6643062141892413,1.1339949488816143,-1.9603177463045636,-1.0268013805522198,-1.0172841445039111
TCGA.D8.A1XA,-2.358371135111118,-1.2246942720112866,-2.622663057551015,0.5083089973911272,-0.055093901616012936
TCGA.D8.A1XB,-1.1673340816661357,0.6336350518940166,0.8179571467178083,-0.06403969419673917,0.28427107613792985
TCGA.D8.A1XC,-2.093371011704974,-1.720260106668352,1.217961429562438,2.049468775954314,0.2770546006319077
TCGA.D8.A1XD,-1.498453407244797,-0.19651075839749949,1.5373806798466363,0.24463156232551578,-2.1188127096741094
TCGA.D8.A1XF,-3.489259145850169,5.404351443727492,1.340739852068603,-0.8083196987886669,-2.8284725322583704
TCGA.D8.A1XG,-0.130944498617846,-2.5147080005315186,2.3320888498074344,1.9978959834526617,-0.6892585819399125
TCGA.D8.A1XJ,-0.9114682470450884,1.985116219145933,0.4892599833367429,2.48572176772496,0.8919691481422654
TCGA.D8.A1XK,4.097177476010687,0.8172817901713132,1.340310763346322,0.5215366825873786,-0.7336212648810418
TCGA.D8.A1XL,-0.20272514400378344,-0.6316761953868055,0.26218048385223963,0.5954925467393691,-0.11970173592000162
TCGA.D8.A1XM,-0.14062225614992105,-0.48457572629732676,1.3880641368985323,-0.39810163303928103,0.1135683237194755
TCGA.D8.A1XO,-0.34160647854397247,-1.0309953633046705,0.9292754848095044,0.2042680196598146,1.1608008957132787
TCGA.D8.A1XQ,3.363870735632448,-0.2293257506499478,-2.597669162802583,-0.30003064080766956,-0.8905710556940242
TCGA.D8.A1XR,-1.119986174066333,-4.964845155449554,-0.46982189349875314,1.2872175890146669,0.20050448808901283
TCGA.D8.A1XS,-1.1339886206850096,-2.2323874835054416,-0.24696373635707702,0.5726020611630889,0.2809809885401814
TCGA.D8.A1XT,1.555824299098503,0.5651334100483723,1.5831069792196355,-0.06882843738035108,-0.6017129929397713
TCGA.D8.A1XU,-1.3116390092747907,0.3413009153586781,0.11809442642644455,0.47006293638379704,-0.12031807931459769
TCGA.D8.A1XV,-2.735822008083319,-0.5866221597533823,0.6545704346868849,2.4390354997438024,0.13886553802729815
TCGA.D8.A1XY,0.38218795610078926,-3.208811558047622,-1.445046988067068,-0.48961957613271184,0.10724392837769887
TCGA.D8.A1XZ,-0.7932573541929071,-1.1252218205439148,-2.2345104841811327,0.7140556372225794,-0.4570740779880202
TCGA.D8.A1Y0,-0.6951441571884558,-0.28946936172773013,-0.05416694825988161,-1.1842457793848309,0.31021420137883354
TCGA.D8.A1Y1,-1.2906601668838675,-0.7149935583049377,-1.809366923910259,0.11610522948410246,1.0577777565317985
TCGA.D8.A1Y2,1.3824394590540137,-1.7573117670772345,0.7148250946326358,-0.15841645215799494,0.010992369485369002
TCGA.D8.A1Y3,-1.6441341564190517,4.4797218501112,-1.1943449790255702,-0.08896632701352593,-0.16287060250807844
TCGA.D8.A27E,0.6390545386598754,-3.515873160474274,2.540341873615186,0.35926267608824425,-0.7849844430288847
TCGA.D8.A27F,4.358856714369692,-0.676627260010864,-0.45016736058476814,1.7953740958080646,-1.658677068936205
TCGA.D8.A27G,-0.853420202554924,2.354713110525253,-0.9573890910135283,-0.828547626479305,0.5438520195649355
TCGA.D8.A27H,3.424970658751711,1.1601531552119768,0.5087159488598875,1.408809673272411,-2.055993665479809
TCGA.D8.A27I,1.1611304123582986,0.043923504800277686,0.4359475938052324,-0.884620127036526,1.0506858670410069
TCGA.D8.A27K,-0.20676661703894883,0.6593171274384767,1.8630185263621848,1.004249164318875,1.5426275164585173
TCGA.D8.A27L,0.7800997640110993,-1.37787043954107,0.03971086036853025,-0.450149887156922,0.6211503726389189
TCGA.D8.A27M,3.4461795673085907,0.5308383734897676,-0.013417461787381553,-0.911314921597,0.17872094390117435
TCGA.D8.A27N,-0.7355993302990533,1.2297292743492667,0.1955951108031683,0.39542844152017564,-0.06790401827887153
TCGA.D8.A27P,0.019337508333036164,-2.7700492812465347,2.01387476162043,0.9938612409643905,0.1869821801344439
TCGA.D8.A27R,0.8175888081570818,0.2573462205641266,1.0199361709717851,-0.7090533299026672,-1.3791154892756514
TCGA.D8.A27T,-1.056851826410418,-1.130735743651297,-1.279140329355562,-0.97335134413325,1.3472611864934858
TCGA.D8.A27V,-0.9157268159607952,-1.1170739877153033,-1.0020084384034191,-0.48927883056411375,1.0349501026099666
TCGA.D8.A27W,-0.9655156115099138,0.8369587268285554,-0.25594355040339567,-1.575887562449059,-2.2368215170782877
TCGA.D8.A3Z5,-0.1543144767777437,-0.47627608504121,1.0349303743196672,0.2932858193718197,0.7963442341803495
TCGA.D8.A3Z6,-1.4114285316547877,0.09968599441544801,-0.2673805631278119,0.06404359895921743,1.2668192374929519
TCGA.D8.A4Z1,1.5877322759832668,-0.09654367840837151,1.6277612547873384,-0.018225990884840355,0.30015056588145267
TCGA.E2.A14N,3.6569595139771804,0.7887435075860108,1.1374787818874177,-0.23379551558270545,-0.11814473890109899
TCGA.E2.A14U,1.175546442687374,-1.1978645111050978,2.6148709993490447,0.2475770130835233,0.07401582052419027
TCGA.E2.A15I,-0.15595749540651002,-2.8006812052550494,-0.3172061900348256,-0.9659438699761752,0.7308394389268257
TCGA.E2.A15K,-0.33705790267186875,-3.2844633165294854,-1.9328145570051258,-1.386114031849869,1.1372833013263783
TCGA.E2.A1AZ,3.566143242870615,0.9595911173376213,-0.15975743734177952,0.15410337247586453,-0.03851019720472898
TCGA.E2.A1B0,2.060656891878124,-0.6544672223019871,-2.1149215184665744,0.16408748603082549,0.8009877272234851
TCGA.E2.A1B1,1.8657648224907453,-1.0123439465383186,1.7334939990135585,-0.9306061714093538,0.20628390718835052
TCGA.E2.A1B4,-1.8568320716588467,-2.3252118163114743,-0.24189618381629738,0.30652123186563224,1.0207599180272886
TCGA.E2.A1B5,1.9681363200661257,1.6113349492292561,1.2945203435889854,-1.8341520237985443,0.9136569428324891
TCGA.E2.A1B6,3.628095650872065,0.4815017622572396,0.8138369675543937,-2.0933011456504214,0.9331801291357962
TCGA.E2.A1BC,-0.6198589969649491,-0.4422949399856534,0.8363102138338021,0.35597388435761157,0.8723902093901806
TCGA.E2.A1BD,-2.6774808066365763,0.8671506868216464,1.557935679974592,1.606776017510142,0.5807596498213962
TCGA.E2.A1IE,-2.3876073289687025,0.26016284057185424,-0.1713907943577514,-1.1676730967373146,-1.782199123395796
TCGA.E2.A1IF,1.3007876731447146,-1.7083730264249704,0.7828288160908055,0.029212943539284133,1.0290837285842493
TCGA.E2.A1IG,-2.102947196081436,-0.46880465859810905,-1.460131027516669,-0.43395557142198016,-1.5821054861861699
TCGA.E2.A1IH,-0.358531740363506,-0.40922175054668525,1.5133628518980333,-0.4067408135531379,-0.20186729391073277
TCGA.E2.A1II,3.3644924538615726,0.4828097730863845,-0.6531026627468873,-0.35290988602727236,0.45034145359492517
TCGA.E2.A1IJ,0.4290864650926361,-0.04155018364995862,0.2752518317665871,-0.584711011194263,1.42822292204642
TCGA.E2.A1IK,1.2714648886477413,-2.79296802770455,1.3040514329162127,-0.48519125007032704,0.05721916741733581
TCGA.E2.A1IL,-1.0844180306609972,-2.4871821804641705,1.376307607754017,0.9718356167970874,0.22402044457864692
TCGA.E2.A1IN,-1.1580598903759682,-2.9363060065800353,-1.053922361781423,0.9186418401877866,0.15431303859105672
TCGA.E2.A1IO,0.3968227241541144,-1.0792157401530098,-0.4227198817907111,-0.40021050078531933,0.46148684639042675
TCGA.E2.A1IU,-0.9016929718370648,-1.57769439569615,0.16807035475769502,-0.5936356750912771,0.555335331737589
TCGA.E2.A1L6,-0.3674224957373982,-1.2358098109591455,1.1857059473104787,0.27774741335049674,0.3293405660193103
TCGA.E2.A1L7,-1.1792948230461782,2.4339838712221105,1.8338354224711761,0.878278774635962,-0.4998679905898038
TCGA.E2.A1L8,-1.002933280331893,-1.6321294722714057,-1.3770455728354911,0.07204675965601616,1.747881344329897
TCGA.E2.A1L9,-0.3213322345101398,-1.1276774171711668,1.130452418979822,0.4739925447478073,0.6081185519517411
TCGA.E2.A1LA,-0.14033007718894977,-1.3897949696552698,-1.843801942599731,-1.3494246919101025,0.34062224080924897
TCGA.E2.A1LB,-0.19001070214615706,0.40434267713296307,0.5213279337070673,0.9975147284022566,0.26109614149077
TCGA.E2.A1LE,0.22954896577474812,1.9233084419008353,-1.442124771459433,0.10517190812561789,0.9116096144904962
TCGA.E2.A1LG,3.2017836741054637,-2.452948840562203,0.24990833216170044,2.3377960320014943,-1.2151842111665252
TCGA.E2.A1LH,3.569802216843581,1.0698698870457586,0.2417201282219378,-0.8702771303133515,-0.24078529216054104
TCGA.E2.A1LI,3.5946716282357243,1.0394760945391057,-0.9479461280734194,0.36345962676711197,-0.30020503910694396
TCGA.E2.A1LK,2.6993125077497866,3.339095194151469,-3.0399497511043942,2.706542042108246,-1.4063441257560907
TCGA.E2.A1LL,1.872847628766368,0.1462893324147567,-2.0379614927717262,-0.21095316487341592,0.7389734507018229
TCGA.E2.A1LS,3.08840169960486,1.96021911199532,-0.8115354441840994,2.368223249934648,-1.5671476969303764
TCGA.E2.A2P5,-2.03596319344314,0.9930663734022296,-1.7739421956831187,0.5881243584166824,0.851207144705523
TCGA.E2.A2P6,-3.160483392568023,0.03439082921778207,0.0624919293662901,1.8705584903868142,0.23766901039403593
TCGA.E2.A3DX,1.445350887251853,0.05477752790947198,1.4181235680983275,-1.16060138518952,1.2104575264107436
TCGA.E2.A56Z,-2.756591846192311,-0.9798779098500437,0.1594194387277922,-0.5954499797965135,-1.8168579837737795
TCGA.E2.A570,-0.5402599536554982,-1.189185665457679,0.7253381828143096,0.674785586966335,1.084466124165729
TCGA.E2.A573,4.067930552340432,0.16234779325555584,-0.10411423001461367,-0.5723510975628113,-0.2535304668072775
TCGA.E2.A574,3.828863790147242,-0.2448269128687232,-3.024022682367126,2.198618077726411,-1.8341160923448732
TCGA.E9.A1N3,-0.5540144573184363,-0.997195960871595,2.283717589326486,-1.2327366235497512,-1.769809655535718
TCGA.E9.A1N4,0.04338483019880183,-3.2278034319339985,-0.46191468479246867,-0.6971344022079595,1.0607533297051184
TCGA.E9.A1N5,-0.8594957867998746,-0.007276867023724767,1.471883230239943,-1.102945707757048,-0.13421022943913946
TCGA.E9.A1N6,0.014430464260766973,-0.7496067793399449,-0.23650878760215954,0.42794060575570797,-0.07015862242694675
TCGA.E9.A1N8,4.240772212145523,-0.5679485600984562,-0.14514406810741504,4.217884737657894,-1.9495217113350591
TCGA.E9.A1N9,0.11689778546735358,-0.11463787218433308,0.4997278773591659,-0.42371799925216896,-0.6556092325881837
TCGA.E9.A1NA,-2.0575532046374336,3.3037510769378056,-0.8847191005347245,-0.017671184342107946,-0.5652349259899578
TCGA.E9.A1ND,3.078276007050844,1.1506872542403876,-0.7854070306194819,-0.6125456092164596,1.042479721659835
TCGA.E9.A1NE,1.8513035232411295,0.65533791271274,1.5188321741145325,-1.8344445475813749,0.3836467686850693
TCGA.E9.A1NF,-0.8656983386133972,0.25249605364088146,-0.31914203257190954,1.2918607497050936,0.6036992350711093
TCGA.E9.A1NG,1.5350242711286308,-1.8848113409388108,0.6035465491590369,-1.023303361994273,0.8285866470282278
TCGA.E9.A1NH,-1.0989068267822006,-0.13807297397438165,1.4944671394911695,0.8221654443857754,1.2673168133592712
TCGA.E9.A1NI,-2.197143388614688,-0.6781994682450764,-1.6755623927417835,-0.4357851461557111,0.6192754242648789
TCGA.E9.A1QZ,1.602515746659795,0.11211277158373985,0.11901401736825472,-1.9053726330897722,0.6819944099237126
TCGA.E9.A1R0,-0.2792920993783119,0.1031754727627553,-0.33356254600675467,-1.6225047176935832,0.8422819035262883
TCGA.E9.A1R2,-0.6422504970220875,0.6898417407431363,2.301747055670403,-0.9902036710289289,-1.3236515344714659
TCGA.E9.A1R3,0.2780956757675139,-3.4748442704194016,0.1102098436365526,1.1303694831820603,0.2986835389629931
TCGA.E9.A1R4,0.3295847160867173,-0.6686487949873846,-0.3789683328060115,-0.7426887296680851,0.971690131222921
TCGA.E9.A1R5,-2.0716910793937613,1.2882307795510262,0.4010499319748109,1.586902889176431,0.4786865876197841
TCGA.E9.A1R6,-2.913728884295607,1.2076852677808578,-0.2860918681028962,-0.8724307797972835,-1.3335998933971427
TCGA.E9.A1R7,-1.6541951481359822,0.9731182034166521,0.40396613259572467,0.06428299620091182,-0.8709296910333464
TCGA.E9.A1RB,0.5259643753757866,-2.5223150062165516,-0.2635328934843948,0.9600318306386877,-0.2793424183929203
TCGA.E9.A1RC,-2.6828552736500235,3.9252360715953296,1.5441621944865678,1.6232514568383731,0.058695162046295934
TCGA.E9.A1RD,-1.347389058517436,1.6414562141530151,1.8571766478901222,-0.7939364797339601,0.65623320697143
TCGA.E9.A1RE,-3.384595901837746,1.9918503031487316,-2.1941181489214348,-0.3965883107148615,-0.8676036979172325
TCGA.E9.A1RF,-0.6311139094891002,3.5732351098500197,-0.0692445199682877,-2.2663857507276224,-1.126634923121385
TCGA.E9.A1RH,1.6976999172603882,-0.5408740534424764,-2.3171473253720163,-0.16523310630417756,0.5613955461130768
TCGA.E9.A1RI,-0.44916885653457667,0.014116650999398513,1.872225547177951,-0.9356353680854411,0.13024449756054493
TCGA.E9.A226,0.037711142988974045,1.8562521961837959,0.6925794547023486,-1.7768460159387631,0.18763196499816628
TCGA.E9.A227,0.48120159599399726,-2.482532679751056,0.770329387043162,-0.5105276074008849,0.29880175553429716
TCGA.E9.A228,-1.7372738474488643,4.662514656171899,0.9226648256006789,-2.1100733968653453,-2.0973217751525066
TCGA.E9.A229,-0.42705612955656436,-1.5599664057101459,0.5783652714870812,-0.7839190218815826,0.13231235762415558
TCGA.E9.A22A,0.7874126392020447,3.3813066137152212,1.73167029308114,-1.9984286825938533,-0.3962283647247384
TCGA.E9.A22B,-1.0422110508919968,3.799451173345167,1.6041127439021656,-1.674355773366075,-1.944924174092923
TCGA.E9.A22D,-0.2544311698214338,4.206745519396844,0.8277201756759499,-2.566379821933624,0.16448740766440845
TCGA.E9.A22E,0.8175747178022419,0.5516012157844733,0.5497900320849017,-1.3073887514541054,0.0496670376736327
TCGA.E9.A22G,3.8078826552563245,1.2403810508134707,-1.2021254753264368,0.9657921941667591,-2.028386269597284
TCGA.E9.A22H,-1.4506825215511534,-1.4001915915064491,0.2470554566268446,-0.42250727350772105,0.6937452545182906
TCGA.E9.A243,3.486217803603247,-0.1775559296323319,-0.24003608289361067,-1.451379271419682,0.693233663960574
TCGA.E9.A244,3.392587985891068,0.5507301758555767,-0.5799456134545176,1.69184522914341,-0.9038433641374203
TCGA.E9.A245,-0.39851889656555406,-3.7342407202381867,0.7282978730427131,-0.44105566694299747,-1.0261384743726114
TCGA.E9.A247,-3.001509283569816,1.8418502687254585,-0.04065005621942534,0.23292351981415194,-0.7124253612318205
TCGA.E9.A248,2.638615354546128,-0.5371307974156347,-0.9715834159022615,-1.7601871318257487,0.8213167585376829
TCGA.E9.A249,-1.3395703745559557,-0.43475855674339225,1.1249110192293519,2.096906833813746,1.4542051538438625
TCGA.E9.A24A,0.8299044766418133,-2.1647272187472426,2.078893181282329,0.7201046562164171,0.07862486916091838
TCGA.E9.A295,-1.4256399234557138,1.275687116637261,-0.9733022842629385,-0.23877074894367822,-0.1638468668202885
TCGA.E9.A2JS,-2.370872263435672,3.065717724996462,-0.17031882920780533,-0.040413322971347886,-2.019603862551826
TCGA.E9.A2JT,2.7269463239374594,1.542235226859567,0.8196878835972367,-2.5999996339340776,1.4675831749321315
TCGA.E9.A3Q9,-0.6023424463929528,-3.6190998304013697,-1.1632627920588807,-0.6568567262554329,0.5070173084134842
TCGA.E9.A3QA,3.728178710841917,0.33642511886851084,0.2523790010988948,-1.275438393515202,0.4799476081082191
TCGA.E9.A3X8,1.016424543285494,0.8245540249915959,1.3119153205335405,-0.2503870925817847,1.3384287490568862
TCGA.E9.A54X,-0.5170867749209166,-2.7483062104974962,2.341038064029622,0.5794432471321136,-0.9006835898973409
TCGA.E9.A5UO,-3.942723862218022,0.8777548605526315,-1.4461464267490174,-1.0084441702036953,-2.3528154519724707
TCGA.E9.A5UP,-2.380249508884696,0.4037203588500657,-0.22949991972339825,1.8516804280661359,1.2927649734941802
TCGA.EW.A1IW,-1.0585873072778071,2.497202984812634,0.6614538632725441,0.4163342024819536,0.8581550050510295
TCGA.EW.A1IX,0.3206474678326954,-2.3481351136066655,0.3770205865960969,-0.9712171225132209,0.2875201077484629
TCGA.EW.A1IY,0.5894610767251848,0.39441554752952596,1.679388912893848,0.13592909826598715,0.8312297666277236
TCGA.EW.A1J1,-1.1177954473077292,-4.274873284999617,0.017631845237948633,-1.107435214349321,-2.129205212292719
TCGA.EW.A1J2,-0.3279600985845505,0.3620056266862593,0.9707587582802749,0.05824663866611957,1.1566581302481613
TCGA.EW.A1J3,-2.0651984600289173,-0.8297924624546895,0.17734523240006747,1.1955879638297948,0.9560754484065209
TCGA.EW.A1J6,-0.5962076375555003,-2.8242052336034913,-0.5411750041077424,0.661994771536236,-1.729598963913647
TCGA.EW.A1OV,0.7376377527391682,0.580200300085784,-1.7520778019843237,-0.8150115051308768,0.94114499458665
TCGA.EW.A1OW,4.205500074236436,-1.6475248956313093,-2.1644187693649286,1.9578712369632663,-1.2197478345742863
TCGA.EW.A1OX,-3.48400192093838,2.058764960793808,-0.5140564205749298,-1.7971931948380295,-4.214321042184584
TCGA.EW.A1OY,-1.1527713538737678,-3.833851255774797,-2.72431243998284,0.543675505523595,-1.177454888954438
TCGA.EW.A1OZ,-2.4718038213852096,2.409627015540128,-1.6033611596098163,0.16727795412814886,-0.573710614063269
TCGA.EW.A1P0,-1.4646754644466076,-0.9676280120173851,0.49920230003087235,0.2388238652104122,-2.111676210818737
TCGA.EW.A1P3,-1.181995106084403,-0.5684932564661902,0.14889089203702402,-0.127595794204125,0.8972219304052726
TCGA.EW.A1P4,3.6490900676154854,-0.2840051958380226,0.5366035184459325,0.19786408455409646,-0.4786909023871645
TCGA.EW.A1P5,-1.6738212145238227,-0.5348274669665282,1.083549053365931,0.14367796285180853,0.2091872581582938
TCGA.EW.A1P6,-0.7028593614912595,-3.2676821776846428,-1.3777204384606605,1.1615984157403954,-0.03941040134934642
TCGA.EW.A1P8,4.139180191592546,-0.8187719298634685,-0.3512083230178377,1.0832402022842555,-0.581967510013398
TCGA.EW.A1PA,-1.1603381463293665,-0.2209912334659073,-0.8540006946723981,-0.40414737444994825,-0.697963658405456
TCGA.EW.A1PB,3.459161310134185,1.055358415157211,-0.4589468271625811,-0.7913579635065876,0.2223320008546624
TCGA.EW.A1PC,-1.8020835487904923,0.4739235733841297,-4.598631702085946,0.5720024466967284,0.8901982855892735
TCGA.EW.A1PD,-1.0893036203935198,-0.12087095190663869,1.2212369499620073,0.8202771170727512,-0.9759555712616474
TCGA.EW.A1PE,-0.9581395278175963,-1.6636580021565113,0.5481119121825642,0.7599260686260075,0.9611047831812807
TCGA.EW.A1PF,0.49812087911799346,-0.29486416446230157,1.259583806975381,-0.7409823566716739,-0.4215667503503652
TCGA.EW.A1PH,3.802610775242449,-2.1184245020711474,-3.6073062750500795,1.9666200905792333,-1.6210123109861239
TCGA.EW.A2FR,1.6323318526865853,-0.5400501295285141,0.9935909672616725,-0.1602854726543435,-0.17467547262153185
TCGA.EW.A2FS,-0.3091690668604829,1.9049103929951163,-0.649399307187236,-1.806372299365137,-0.4150103085936529
TCGA.EW.A2FV,0.04971296695374841,-0.03654367309249926,-0.9718918432094236,-1.6120664529204434,-0.14396550294695068
TCGA.EW.A2FW,-2.030360633126749,-2.2975063183032303,0.48529420045585736,-1.4509840493948887,-1.6246650880674325
TCGA.EW.A3E8,-0.6162938919907534,1.96442084939469,-0.057579150435304975,-1.0783737350465163,1.0135004087599155
TCGA.EW.A3U0,3.6241793481509608,-0.3086992513422033,-0.9697129898018285,-0.5620436277341708,0.06375796116925735
TCGA.EW.A423,-2.9037148011647202,0.8473537112491052,-1.2529928425583383,1.819774838091505,0.1752432412419635
TCGA.EW.A424,-2.009585614361456,1.526738816281944,0.6809500471138283,1.6997867525252432,0.5662675481240464
TCGA.GI.A2C8,-0.9229312975500555,1.8937724224983048,-0.9044868069358408,-0.9088672849848769,0.3855747450848116
TCGA.GI.A2C9,3.5878547440467505,0.8605411437362777,-0.9567458331010158,2.3087500833830013,-1.5111040447917934
TCGA.GM.A2D9,-2.2236363101824144,0.9953031362469937,0.11681616682483696,0.19234585362732168,0.32007030292280836
TCGA.GM.A2DA,0.18133678962197067,-1.4165454098314931,-1.2015661559862645,-1.3483368583099526,0.7490332686089568
TCGA.GM.A2DB,1.8576093096075128,-0.09422541199693134,-1.3417919580742659,-0.5871104530224376,0.7682741119799629
TCGA.GM.A2DC,-2.2317314389760754,1.7075703138226659,1.5657271679067928,-0.707975130523304,-1.7932500578803094
TCGA.GM.A2DF,3.015683322454717,1.3327126499217905,-0.7276308695486633,-1.028149984680848,0.046887542154108966
TCGA.GM.A2DH,0.8276613135318752,1.2867147743548948,-0.06484391203991159,-0.3473583639416595,0.6247928036857073
TCGA.GM.A2DI,2.250385603934984,0.1982935129219066,1.1496363818514181,-2.2272063901110832,1.138177324680993
TCGA.GM.A2DK,0.08717914122571688,-0.3574722514198495,0.9721510481560357,-1.3720943819036258,-0.5863631718722849
TCGA.GM.A2DL,-0.6011734489498329,1.0935985061208584,-0.2947356654434917,-0.13141187572779808,0.9650037807146796
TCGA.GM.A2DM,-0.25451936508240075,-2.336481657783999,3.347705130460045,0.11073278137293881,-1.015166046281269
TCGA.GM.A2DN,0.854607380236439,1.1115316933115562,0.7434961232034748,-0.2950650554360194,1.5427554592388089
TCGA.GM.A2DO,1.8180549656760208,1.1438401489915109,-0.11091891219779246,-2.951140041145784,1.0386322549796247
TCGA.GM.A3NW,-2.392567362505802,0.5667905410717123,-1.0573351780682805,0.03038748793371024,-0.20656156490363026
TCGA.GM.A3NY,-2.114181634636032,0.6620713802299809,1.8233282551652663,1.6364118036171975,0.6195764921721121
TCGA.GM.A3XG,2.119649825766955,-0.8921546055342472,2.949391988008296,0.4550254810402773,-0.055977869042852846
TCGA.GM.A3XL,3.2341069930702346,2.1445499517991586,0.5039547693996275,1.187602497482183,-0.9881395296342428
TCGA.GM.A3XN,0.7965621369914359,0.5345499640332244,2.000306084345532,-0.596345592517041,0.8826235376334183
TCGA.GM.A4E0,1.2337450083641377,0.9134062387374229,0.5069571190503659,-0.789265280747511,1.3812648736449966
TCGA.JL.A3YW,1.3029315721305668,2.0986511549283393,-1.3017311616764398,0.08872599976184986,1.4273557235454613
TCGA.JL.A3YX,-1.4912698827236393,-1.1659752228577245,-0.20952113941012182,1.1618455829885004,0.2581835580611918
TCGA.LL.A440,1.9856626757973523,0.196244826464177,1.5240256223842192,-0.6904373219400352,0.6271653503267927
TCGA.LL.A442,-1.1653545915651669,-3.3718258582430423,0.6759474265774569,0.07647466829307949,-0.6954557521767019
TCGA.LL.A50Y,-2.418249597935378,0.8057630658919286,1.6002219007807341,0.5350093420610055,1.1351385171063275
TCGA.LL.A5YL,-0.8494133486788393,3.034364187048843,0.2580650448424448,0.10610970430928794,1.066002849737941
TCGA.LL.A5YM,-3.0871704016656514,2.126209807446001,-0.4265642279932278,-0.15578539320878504,-1.5820675414102794
TCGA.LL.A5YN,1.1223201503926117,0.2354099242440279,-0.5138135357978686,-1.3904372576120188,1.0135387270970322
TCGA.LL.A5YO,2.9652442300925435,0.7030361353455269,1.0278950042828823,-1.9944629366278184,0.9040532820454896
TCGA.LL.A5YP,3.8267308264042823,-0.11501926530742823,-0.03658927554022745,1.2111103309507065,-0.8751806361378469
TCGA.LQ.A4E4,-2.655080774770144,0.9335430705982971,-1.1245040378437738,0.9427963864048094,0.38011563614818084
TCGA.OL.A66H,-0.31721323836979676,-1.737994792388709,0.34566170713070915,-1.889572803312264,-0.8192429171899374
TCGA.OL.A66I,3.1384705651051963,2.554897836555986,0.5252341074383554,-0.32142762762102517,-0.03409544026117336
TCGA.OL.A66J,-1.0771283765647677,-0.3873939389513081,-1.7317950898565377,-1.1956866584791244,0.026617986928657585
TCGA.OL.A66K,-1.8330463434433024,0.6063560176714423,-0.05022475862702148,2.0224325445102407,1.0158877265448771
