,MOFA_RNAseq_Factor1,MOFA_RNAseq_Factor2,MOFA_RNAseq_Factor3,MOFA_RNAseq_Factor4,MOFA_RNAseq_Factor5
TCGA.A1.A0SF,0.9667019735754601,2.9011065097897495,0.16421233744971594,0.24251281389769055,-0.7305557124442683
TCGA.A1.A0SI,-0.10643808465168879,0.7620440414039198,2.1672300399705007,-2.0355116074763946,-0.7173606770773917
TCGA.A1.A0SN,0.2748591646322341,0.10345395463276848,1.9584319246924455,-0.6786599491578502,0.33674813470437626
TCGA.A1.A0SQ,1.6807811592802246,-0.6239727322075121,-1.102762023081268,1.3783470557967856,1.2414388086124606
TCGA.A2.A0CK,1.0532184148027415,2.5739808304209757,-1.7922031453016887,1.2286332224781864,-0.6914679996601204
TCGA.A2.A0CO,0.43187646990436923,4.244725373718627,-0.18698408295288452,0.8245855909537553,-0.6766007528507328
TCGA.A2.A0CR,-0.18404963002548902,4.259185889936914,0.48569519218332435,2.2290589841897246,-2.992455834406827
TCGA.A2.A0EP,-0.00039386424982338687,3.433078586863375,2.0232727023929993,0.8285634906432726,-0.8165648620267031
TCGA.A2.A1FV,1.7573781193687883,0.6044355016516417,-3.3685546252011633,0.398728805547533,2.6980488976610557
TCGA.A2.A1FW,0.9552278388950232,-0.25544108202104465,-0.1463870957197638,0.4161522136964866,2.624524280922913
TCGA.A2.A1FX,1.5348415831324198,-0.6011640545778941,-0.41103191404184447,1.5944221966376042,1.6965858690091906
TCGA.A2.A1FZ,0.9700469907874048,1.8251573356392992,-0.8365109152418854,-1.0375059004798115,0.23291333735038355
TCGA.A2.A1G0,1.2050146428424755,2.700311158826856,-0.6260468104232803,0.35436817301258605,1.5394240820102554
TCGA.A2.A1G1,-4.196607028472581,-1.3358418774066594,1.3424075372421618,-0.5008599198280033,1.5354357505973886
TCGA.A2.A1G4,1.4810835056548524,-0.8242802235617964,-0.12332414917119372,1.3361800884272768,1.5992724837383292
TCGA.A2.A259,0.6776961515605449,2.377834130513517,-0.22242871063238007,0.03587373651771455,1.0808683719565373
TCGA.A2.A25B,0.6160719605847245,-2.477282264321942,2.610371577821783,-0.7292741797789652,1.2505354402962627
TCGA.A2.A25C,1.0604555964523734,0.3517937689541826,0.9437194069331346,-0.729523693653151,0.954286904410321
TCGA.A2.A25D,0.2176909721405805,1.186220434701515,1.6406737445320612,1.550898218961369,-0.46679810713955633
TCGA.A2.A25E,1.1297788955808965,-0.5432959947768154,0.0027580318473033496,0.986184534611111,1.52925345116519
TCGA.A2.A25F,-3.07490627215016,1.8971187328432828,2.4567013693280213,1.652320593947675,2.13298686924776
TCGA.A2.A3KC,0.6684660955986299,2.3765126371429925,-1.0630480653381287,-0.5950515734568105,0.13494303616486933
TCGA.A2.A3KD,1.055678081167866,1.5660572995617767,-1.7503922623608843,0.08091363858074221,0.43994172348861355
TCGA.A2.A3XS,-3.8783608443461572,1.0578589678120964,-1.8271232279728742,1.1285426143508477,-1.0661404860098627
TCGA.A2.A3XT,-3.225970749694196,-0.7114261678316763,-0.3884585887116512,1.8268490763822554,-0.49904215865246343
TCGA.A2.A3XU,-3.637700058317754,-2.276114522675861,-4.629479562978808,0.688236080221892,-1.9151051198666358
TCGA.A2.A3XV,-0.33919310401211333,-2.3803618997326668,0.28134620615412015,-0.38843996994926966,-4.330291526185927
TCGA.A2.A3XX,-3.9699883884102167,0.42779474521082195,-1.8514222406004155,1.3324948757102577,-0.9699353891978407
TCGA.A2.A3XY,-3.625349246831476,1.9491497107902431,-1.0811460106865745,0.7334549608097825,-0.1210001457208327
TCGA.A2.A3XZ,-1.0476895252994682,1.6590529061191812,1.3306959198129886,1.205691087742378,-1.6992394591300142
TCGA.A2.A3Y0,-4.264105249614625,-1.4904098876386924,0.7344722255875212,1.319730667272519,-2.472137154309123
TCGA.A2.A4RW,0.7191355711673418,1.7185299415327193,-0.11022634913724072,0.05360479143339008,-0.1139484019627119
TCGA.A2.A4RX,-3.4295039586988625,2.0073959703077935,-1.1536428377286394,-0.6268827908540261,1.0710134152551634
TCGA.A2.A4S0,2.5036949444108054,-2.27367906505298,-2.614870379768005,3.0240845580656934,1.7940308410244012
TCGA.A2.A4S2,0.804094798332418,1.5190156092004807,0.5263239611709414,0.48756191730188597,-0.8345517833832403
TCGA.A2.A4S3,-0.15494763353440225,-0.678656947212168,1.6612231203588348,0.8207549175652316,-0.9060761780895943
TCGA.A7.A13D,-3.9062642380931947,-2.60543967520213,-3.563715450040821,-1.3219483058727386,0.14700881342995636
TCGA.A7.A13E,-4.223202978155345,-2.4533021983097996,-2.8625508980093937,0.12957299817972948,0.23970398900583706
TCGA.A7.A13F,1.6166496247649877,-1.5326423689324362,-1.7559693292451377,0.20044593189426715,0.5591706392333288
TCGA.A7.A13G,2.2737939679134764,-0.9672843648446257,-2.130296495566387,-1.341253204489868,-0.7106320713568158
TCGA.A7.A13H,0.4701207677250226,2.8722190821255555,-0.1792672746330933,-0.14815652217341094,-0.9693197444094067
TCGA.A7.A26E,1.3995695308620155,0.7789612328598796,-0.9189374398802451,-2.315574895639385,0.8094369491691485
TCGA.A7.A26F,-3.2313326035585783,-1.0869162959506362,2.0018993668309286,-2.640609860448475,0.12620316105332247
TCGA.A7.A26G,-2.8084354923525354,1.2513371196391447,0.7614422980590076,-1.285451941559323,1.9123061749576422
TCGA.A7.A26H,0.9952681719227052,0.8186334974196593,1.0310062185984552,-1.2905915581380552,0.20208211857273922
TCGA.A7.A26I,-3.431330658986149,-1.925568129197585,-1.2541740241158914,-1.7525298078814697,1.3392975833631138
TCGA.A7.A26J,1.1016697686476995,-0.1315182633744297,-0.09278350080553704,-1.2013608882300983,1.0392262305123305
TCGA.A7.A2KD,0.3542334960175106,-0.05541316812917177,1.7470265334932367,-0.6810866088576089,0.028741704437411635
TCGA.A7.A3IY,0.10467395254783754,0.4118259942169303,-1.8437769230299537,0.2941362931195747,-0.19690387762594472
TCGA.A7.A3IZ,2.5323572525052938,-1.9599196685401654,-1.1818824959224652,0.9676817197770854,1.452313636877875
TCGA.A7.A3J0,0.5980398333188149,-0.5883338585429728,-0.6090297059790856,2.892904548567475,1.7421051115650608
TCGA.A7.A3J1,1.2049902749550805,2.94295060787107,0.8062128815947438,0.7383487662773018,-0.6021760777465086
TCGA.A7.A3RF,2.3498752189548355,-3.2100075894593725,-2.0567303545059783,2.7588230912088982,0.9981140044193846
TCGA.A7.A425,0.8725240391029567,2.685184054018301,-2.3830086236532564,-0.24935166611963144,-2.2233269819353687
TCGA.A7.A426,0.7966519649764129,3.856179308742258,-2.4503990566530245,0.35278018984235626,-1.1021399444456765
TCGA.A7.A4SA,0.4721366563376208,2.5648217343511233,0.45888458040960683,1.053799223690931,-0.09108769167438423
TCGA.A7.A4SB,1.4113638995630498,0.3219672897503785,-2.6543456501408493,0.7198477759160976,-0.36330569597268186
TCGA.A7.A4SC,0.6527328583305053,2.524912524534217,-0.6720929549784688,-0.6981269395911536,-0.30837670431184633
TCGA.A7.A4SD,-4.16772868271819,-1.0953939596574302,1.012465737974709,0.21628928869493458,-0.4938720583822818
TCGA.A7.A4SE,-3.3983509812599544,0.5075878290213192,-2.127533705167466,-0.82462198434111,0.13409021397266707
TCGA.A7.A4SF,0.8115306957158847,-1.6905797005973888,1.6769910514982633,0.7884042435904047,-1.534039619526332
TCGA.A7.A5ZV,-3.9019330756462858,-2.538419452708321,-3.5975118092266074,0.983582286518729,-0.5060624717773596
TCGA.A7.A5ZW,0.5762132698685709,2.101171692038609,-0.6111171219277507,-1.3268870194146403,-0.5023339976548358
TCGA.A7.A5ZX,0.7919896030951535,2.5201358916390153,-3.268408770422211,-1.2237565206881817,-0.7106419781111972
TCGA.AC.A23C,0.5119673681129288,0.9514963698708843,1.3304469235486047,-1.2350255805108294,-0.011709395431505055
TCGA.AC.A23E,0.9707634929626774,-0.9942533383222123,-0.1377526723504437,-2.9886190001917194,0.4480013741178565
TCGA.AC.A23G,-0.1577538655390582,2.1514341364528202,-1.1727455127365078,-1.609236749462375,-0.1479490685863596
TCGA.AC.A23H,-0.0443601280873709,-3.323953272492427,1.1289895493547353,-2.4268386494244467,-0.5984628217790069
TCGA.AC.A2B8,1.1369058802589782,1.9135369477155342,0.4779535160863645,-1.2724452771728239,0.27622847766826575
TCGA.AC.A2BK,-3.4855370891824715,-3.5473664527907585,-2.641698220830854,1.406600603568245,1.572031604930499
TCGA.AC.A2BM,1.61273936008077,-0.8066477713181774,1.149734257801879,2.368167992886021,1.5267131971569992
TCGA.AC.A2FB,0.11095784028805177,3.5557016854051824,1.287238319885454,0.5312453802491055,0.42799863987035397
TCGA.AC.A2FE,0.7123350899480624,2.546913377609049,1.2218026274750102,0.5661219270437173,-0.7800832958943233
TCGA.AC.A2FF,0.09966958546321222,4.02272360167111,-0.19215414414259357,-0.4567198666109804,1.2172445581747484
TCGA.AC.A2FG,0.8565556843474409,3.3169187035011385,-2.5211653900646995,-0.8886832530308966,-0.2638581416438622
TCGA.AC.A2FM,1.9140551931898464,-0.3330309683473241,-1.7476813704596816,1.6079255718129488,0.9788672631551972
TCGA.AC.A2FO,0.7978652513531547,3.318308800305487,0.40734524403248434,0.8087604421422857,0.4730928747630422
TCGA.AC.A2QH,-2.0524560820753956,-2.213108920353539,-2.471613689789573,-0.5781059671673587,3.046304114987301
TCGA.AC.A2QI,0.9233611748508912,1.028916303794459,0.5767146176124616,-0.08185599567863536,-0.7294383513403858
TCGA.AC.A2QJ,-2.830056091067652,-0.7724327242097874,-1.413902834518088,0.8295180729520715,-2.526359394004096
TCGA.AC.A3BB,0.9799345282308272,3.24751252892191,0.8164720688018838,0.5294605943274661,-1.3298676665307687
TCGA.AC.A3EH,0.8523997094587092,-0.7267511701368962,-0.1271836279903182,-1.4241067485039873,-1.8207379505015546
TCGA.AC.A3HN,0.7307450602128713,3.0259351960677456,-0.1374358521920991,-0.7124795045891672,-0.22442363220265493
TCGA.AC.A3OD,0.16083687706961192,2.873418502410713,0.3447394145166247,0.6425848281850681,0.38344153056774855
TCGA.AC.A3QP,0.523795663054752,2.013954628625258,-1.6102745516697634,-0.14456559938702268,-2.0601323754065373
TCGA.AC.A3QQ,1.344723109149629,1.3021005742858054,-1.2290881079435798,1.3810477105932033,-3.440143628814488
TCGA.AC.A3TM,0.9908513581392867,1.6279411206310281,-1.3329643008753473,1.0977804684063792,-3.4605014281891844
TCGA.AC.A3TN,2.034283202626438,0.5015344815520287,-1.4637739962324685,0.35888783153328235,-2.877933151267031
TCGA.AC.A3W5,-0.8641852629588322,0.7726042256861498,2.3991270717942363,-1.29540845927969,-1.7713296486566685
TCGA.AC.A3W6,1.000101419076809,1.9700222372222111,1.3387964486799084,0.08537628090892029,-0.9966587386637974
TCGA.AC.A3W7,0.8407923153225161,2.4331842443961813,-1.5674845247855023,-1.486816484158288,-1.4623084865352562
TCGA.AC.A5XS,0.6383467964523458,1.8743590817891775,0.2887385777282325,1.3345194876973157,-2.2353130313235665
TCGA.AC.A62Y,1.722733380870162,0.04744038826982448,-0.27889838121046817,0.7740388576868951,-1.3117909503585425
TCGA.AO.A1KP,1.4271190120724457,-1.9408245089219076,-1.0891823225213852,-0.4540963148952371,0.12159702001627684
TCGA.AO.A1KQ,1.0423137021212527,-0.8078786526633761,1.9680046741328225,2.1521295428459473,-0.4508525692907548
TCGA.AO.A1KR,-3.2441516514040845,-0.887156004421914,-1.5030343497546212,1.4803208808768311,-1.966773949334321
TCGA.AO.A1KS,0.5759927917910711,-0.16360309871042794,0.5556770589232044,-0.4015673062417104,2.1262774684162515
TCGA.AO.A1KT,0.6050783128457489,-1.3548208047338324,-0.04068976463102438,-0.790115797571005,-0.21661149694552687
TCGA.AQ.A0Y5,0.253194559403795,-2.286646561319704,-0.0982077980631169,-2.662190756464397,0.4167014347611883
TCGA.AQ.A1H2,1.9016627702435445,-2.6785401716274606,0.05096777362340096,0.5208422248512395,-1.0883892828693975
TCGA.AQ.A1H3,1.1152073423030222,2.0811996189239865,0.347446859128832,-0.5235294627529549,0.4813450666844751
TCGA.AQ.A54N,-3.780334942354039,-2.6180513511467782,-4.073340619900892,2.448060539542368,-2.6028889635677013
TCGA.AQ.A54O,1.8396616663036158,-1.0796062370871176,-0.5694369019119186,2.280662738823974,-2.2733392740730123
TCGA.AR.A1AI,-4.521644414392446,-1.6062045962395464,1.3518876387906753,1.5509936996636204,0.19333769454037725
TCGA.AR.A1AJ,-3.7399415937509533,1.3659805574233832,1.3981342299051966,1.1656988424808026,0.5019752340981313
TCGA.AR.A1AM,0.7031530026502653,2.890172778966613,-0.9632164326228052,-0.5328378966886919,-0.7698336645032375
TCGA.AR.A1AN,1.2265051100970217,0.8273918367023876,-0.08268828081029637,-0.8003636358635554,0.37285803641787246
TCGA.AR.A1AP,0.4862957811037264,0.52708625790454,0.1815932145767154,-0.7294930257489644,-0.3055746462652775
TCGA.AR.A1AQ,-4.396608510680974,-0.5239879793209952,1.1646159060334913,1.3110099211672162,0.15809466113610718
TCGA.AR.A1AR,-3.112805190746624,-0.2659336149362419,1.1052841326960499,0.5606402114985339,1.5538457099963672
TCGA.AR.A1AS,0.9861269866196275,-3.318804689764783,-1.1094520936086445,-2.14395394080869,-1.8688591190689454
TCGA.AR.A1AU,0.5808150304711549,2.0111971598248215,-2.329629361406512,-0.20942494311254092,1.3267529883171372
TCGA.AR.A1AV,2.1142970361255538,-2.2510433655402675,-0.13080975806792058,-1.1389183099995184,0.47443430510046425
TCGA.AR.A1AW,-0.421937546882815,1.3036776944523534,3.7422889751430035,2.124871573408931,0.6050782040262612
TCGA.AR.A1AX,-0.1462129142608619,2.5557033548662402,2.196686364946869,0.29483019266763005,0.33837742031977514
TCGA.AR.A1AY,-3.8504355899647096,-1.3746507752713335,-2.8966938668243563,-0.7251693760861545,1.5139571604769844
TCGA.AR.A24K,1.4367600814033006,-2.850042941926514,-0.2622411024115089,-1.2315907368826327,0.3027608981738618
TCGA.AR.A24L,1.2194835498962782,-0.2569377705752966,-1.0216796060567999,-0.606878995517526,2.7138885855682355
TCGA.AR.A24M,0.9810750551046715,0.1850245670560201,-1.3321606494321274,-2.7589928451199213,0.7795446605455091
TCGA.AR.A24N,1.1335557402300822,-1.1083837359584197,1.2580966032512353,-1.2022966799266623,-0.3864435743292943
TCGA.AR.A24O,0.5541150679617904,3.1838934706079267,-0.31257981451694916,-1.2653653098848892,1.0815202077245936
TCGA.AR.A24P,0.7014232234297424,0.5897412271695003,-0.032783051949559265,-1.5492813242853882,0.766510788114355
TCGA.AR.A24Q,-3.369309678296873,0.5861080295496295,-0.36240349923728177,0.030690430773820866,1.7790962079106414
TCGA.AR.A24R,1.1372326768826126,-0.17415744206986583,1.134861546408949,1.1240988961031777,1.193811253564502
TCGA.AR.A24S,0.10525256014279655,0.3965240733473788,1.5718826433137576,-0.7399168359981426,0.9068591562292031
TCGA.B6.A1KC,1.9107441869834587,-2.821545509430109,-1.681978366063518,2.556452452520758,3.4756214659596267
TCGA.B6.A1KF,-3.572708798203352,-2.8568870354919813,-4.540540404776952,-1.2704651906262276,-0.24608298933793005
TCGA.B6.A1KI,1.767193468207487,0.15603294424393382,-1.6276084186488178,-1.4094790374608517,-0.5988944040279641
TCGA.B6.A1KN,-0.2058400839658824,-0.2047522034408924,0.45122572970488245,-1.0377745480947926,0.14935961546037418
TCGA.B6.A2IU,1.997862415191873,0.5321480748927093,-2.093874061011639,-0.07482255807016185,-0.7023405849965296
TCGA.BH.A0AU,0.8684217535610694,0.49332616019362985,0.9150307522192078,0.21893887531922238,1.0769647718693678
TCGA.BH.A0AZ,0.5300151627074146,1.8382285042781505,-0.6047541515198663,-1.7324968314503395,0.5544022209957727
TCGA.BH.A0B5,1.1185900807282916,1.5509494933792543,0.4153583986919248,-0.8493996790889954,0.052023895918442205
TCGA.BH.A0B6,0.23013245510855554,1.5865349918868177,3.1846917283640463,1.4381578755838085,-1.0876230813160592
TCGA.BH.A0BF,-0.36379089603798276,1.206724234547142,3.0796716525056427,-0.23600914468876472,-0.03757071947487009
TCGA.BH.A0BS,1.8532836248964826,-1.263078233367226,-2.0480804597009836,-0.9700014266823992,-0.006036527597755553
TCGA.BH.A0BZ,-0.3465360697202061,-0.615880626255759,3.0238613676642525,0.3530538445869084,-0.01662485173497107
TCGA.BH.A0C3,0.5812821820274533,2.1953110213266434,0.6275906575609334,0.08141677857687245,1.2638710307173957
TCGA.BH.A0DD,1.297487196454217,-1.9703471909476793,1.3894230527431635,0.4489243926695144,0.8253934799761877
TCGA.BH.A0DG,0.007398121690364946,1.9616941602588676,0.599051828002345,-0.943621062904274,0.6581456876145564
TCGA.BH.A0DI,-0.2277947756675246,2.3125768227920362,-0.046515694403362874,-1.255488378523268,0.8041828058481976
TCGA.BH.A0DV,0.7284959241461613,3.1375801456875365,-1.3792343860994691,-1.9894644894213493,0.31377516533404193
TCGA.BH.A0E2,0.29451532856985707,0.12332074555768374,-0.07879111092809206,-0.14063089145420335,0.8501645590472108
TCGA.BH.A0H3,0.5379177818802738,2.220587272604414,-0.4602880470217751,-1.0903890727760703,1.1058766492407623
TCGA.BH.A0HA,1.0048517591691184,1.3634694950846653,0.9409821548466349,0.05094456913182781,-0.16397092956914203
TCGA.BH.A0HN,2.5392202332682263,-2.7364277062345637,-1.748264753209194,0.47816350651778766,-2.493155372289083
TCGA.BH.A1EN,-0.012312578486642224,-3.1886711112229404,0.0995218972134084,-1.4350543606323634,-0.04070489232816619
TCGA.BH.A1EO,0.5261382059285376,0.16222375715532536,1.1994533514877848,-1.7003337883119591,1.5029182526699065
TCGA.BH.A1ES,0.5966048677001351,-1.7371480675690214,-1.9522098455844916,-1.1031598272470888,1.9464708382709301
TCGA.BH.A1ET,1.8206497593051063,0.9472555061842614,0.27504759941613693,-1.0907568577135693,0.4227152304662559
TCGA.BH.A1EU,0.8339413813331645,3.4636126585599567,0.8321879911340445,0.09374047026392773,1.3643018438135597
TCGA.BH.A1EV,0.8427029328266873,-2.0045606713444943,-0.40517456227793075,-2.8174511038187187,-1.3237492467104868
TCGA.BH.A1EW,0.7434519275993785,1.2844576492857591,0.7990021902421199,0.2201437087042791,0.7189160353664302
TCGA.BH.A1EX,-0.24049504691444834,0.11672277002856016,1.5862758462751259,-2.2613898417539655,-0.6321551459580426
TCGA.BH.A1EY,0.593991209069318,0.23693487990899983,2.6597326418758582,-0.8325789856691638,-0.4451274637504475
TCGA.BH.A1F0,-3.5160895179125173,2.117649611234896,0.5415030503532637,0.47150893700933516,1.3751290723629506
TCGA.BH.A1F2,0.46086551562806266,-0.41001144132345213,-0.4631414323215098,-2.6306947407824732,0.9502484766270121
TCGA.BH.A1F5,1.7864243289243427,-1.119325955223252,-0.5849793237717372,-0.7777551817400946,0.8672574706113316
TCGA.BH.A1F6,-4.250908709411034,-0.4890024219006302,-0.6733520711414335,0.6068822263146534,0.30426862840030966
TCGA.BH.A1F8,0.6195538770729165,-2.2993338650221298,1.2769567162945181,-0.7986440118321793,1.106962666702725
TCGA.BH.A1FB,-0.21737497564326022,3.730365996229506,0.6156220254853028,-0.8819729136932024,0.9271405752342184
TCGA.BH.A1FC,-4.24328269811329,-2.344388476424561,1.7928861556175826,1.9929037553531592,0.7297274383748114
TCGA.BH.A1FE,-0.1787954214583722,2.057842991432662,2.1664688949688617,-0.8719023508013558,1.3634460489683506
TCGA.BH.A1FG,1.6759294279491708,-0.9024050222086446,-0.73423357686435,0.3415787249194501,-0.403361372872177
TCGA.BH.A1FH,0.08119664946377433,3.1736526909375553,-1.7906827885268801,-1.3518921048907224,1.723843316006718
TCGA.BH.A1FJ,1.7745061554253505,-2.50416207366756,-1.0955806437256095,-0.8633676385673982,-0.01177990494232523
TCGA.BH.A1FL,1.5628855386995713,0.6188578380521292,-0.2811275684683774,-0.1485903527696561,-0.13815571903257165
TCGA.BH.A1FM,0.5238079042750968,-3.4766624044653467,0.24466507084251343,-1.7770652725995528,1.7591503226853173
TCGA.BH.A1FN,-0.7073196373777654,-2.26244949197086,-0.0686128627565666,-1.2208415990969184,0.4438271071593548
TCGA.BH.A1FR,1.7725434584077593,0.015551118046942987,-0.8006633700610759,2.797578798249484,2.122194266707412
TCGA.BH.A201,0.23615689439052898,1.4620881808667476,-2.1557399299908218,-1.8883299211271607,0.6008208580180889
TCGA.BH.A202,-0.7238311635713336,-1.126114137835262,2.1836604398975488,-1.149143943482263,-0.13458310025974915
TCGA.BH.A203,-1.08392287619311,-0.29707114218919284,1.8375049916464552,-0.7606756590869491,-0.6294692773062086
TCGA.BH.A204,2.0470375742371565,-3.798959220567729,-1.592152436222645,1.1666070296991715,3.424404764997833
TCGA.BH.A209,-0.7661681346072798,-0.028000156770282416,3.701410345306376,1.360683200212505,0.06659891683523914
TCGA.BH.A28Q,1.6633679325931296,0.7479724505695257,0.0077083849662372755,-0.7297049593756714,0.43550496932401217
TCGA.BH.A42T,1.1576974397285755,-0.02700344568671846,-0.5536412904559495,1.2280980901541938,-1.4368588327705498
TCGA.BH.A42V,0.487778747051707,3.76136718848676,-1.5699914954435734,0.611014959757166,-0.370755004644658
TCGA.C8.A1HE,2.0031053145391704,0.09768906417229002,-0.18378220638486006,-0.8858465789836426,-0.5270377061456787
TCGA.C8.A1HF,-0.9221873751754576,-1.6132124486355466,3.3611170654595344,0.03881971008594532,-0.7135156107660273
TCGA.C8.A1HG,-0.016216514982523036,-0.964488929555819,1.9578534895157271,2.7162424834422736,1.2477849176185294
TCGA.C8.A1HI,0.4499549822067668,0.8551546557873325,-1.7446435783537626,-0.5682867758726268,0.1348343534516082
TCGA.C8.A1HJ,-4.204211738749944,-0.47372834315571694,-1.79170922134681,0.6488969896195497,1.369881466266797
TCGA.C8.A1HK,-0.5805625843458367,-2.0515459834245626,1.527308432577931,-0.31572353426919625,0.1648631827313343
TCGA.C8.A1HL,1.0220474180325927,-1.7465437860842055,0.17017416125583193,-0.2792428897774415,0.07206683732698889
TCGA.C8.A1HM,-0.29446383530784526,-1.5671049854695416,3.9751814721043037,2.072927788637531,-0.9093093589025302
TCGA.C8.A1HN,1.0319540323005936,-3.3428454833528587,0.30328121181749673,0.840193088341782,0.12196636339432855
TCGA.C8.A1HO,1.861432491999625,-2.141252374961526,0.022010547479613396,2.230565764976102,2.078916371829915
TCGA.C8.A26V,0.3960579274483989,-2.1739056891417623,1.0448264663811764,-1.1097985321763388,-0.7845276412193343
TCGA.C8.A26W,0.6584573354360347,1.4186782278756513,0.9488313434196832,0.25651068740854865,-0.46455992802525203
TCGA.C8.A26X,-1.5854004345848516,-0.13545900517236048,3.362830574330575,-0.6336361399359887,-1.387159866149271
TCGA.C8.A26Y,-1.8711787627367347,-1.7181316485656906,0.8144652566785342,-0.5705388617115343,-2.1103209395533615
TCGA.C8.A26Z,1.5940296840829737,-1.6193272874826488,-0.7128919957430316,0.028697872750009252,1.0162488406449783
TCGA.C8.A273,0.6781022923149607,-1.0925599816405855,-0.5473809449179012,-0.0576083624257056,0.6123634948968907
TCGA.C8.A274,1.153080336195387,-2.5541911705905216,0.6299716495355118,-1.6749017217353594,-1.4436873852493037
TCGA.C8.A275,-1.4345594154383743,-0.6424599200448409,3.506512455349174,-0.696734805160598,-0.7784261192358238
TCGA.C8.A278,-1.0657949013657892,-0.7794723424396729,3.7888267632550554,-1.4651580724155995,-0.5569664478024468
TCGA.C8.A27A,0.7221852515391471,-2.989091509374998,-0.5225255751704755,2.0230303548327435,3.042637221934447
TCGA.C8.A27B,-4.68892518907549,-2.389651949469905,1.010175608277756,1.192690373921115,0.39562995007715124
TCGA.C8.A3M7,-0.2020740059016878,2.3519680997338823,-0.8001878686775218,-0.8579898603497145,-0.6405004166722871
TCGA.C8.A3M8,1.5596064424836549,-0.6693335989939728,-1.6603353412970354,0.7152056533088753,0.39870160388918474
TCGA.D8.A1J8,-0.40644797262165416,-1.704887114405113,3.9514682605077116,-1.1515095628782208,0.11014572303364095
TCGA.D8.A1J9,0.1487703939000668,-1.8385408174026385,1.4930604625840422,-2.7101301035335372,-0.3504443614765162
TCGA.D8.A1JA,-0.7525581145417785,-3.5711782317915404,1.9850676743680717,-2.712665079685949,0.4072092956695942
TCGA.D8.A1JB,-0.14298076637238546,2.7510086376299454,0.9715259744979066,0.8050029417941076,0.9592891133086543
TCGA.D8.A1JC,0.12745027826356198,-0.37064679482606455,1.212098144767824,-0.6129295125962311,0.38414830443110176
TCGA.D8.A1JD,0.7069746543882071,-1.1137610657495367,1.8225584578497276,-1.5478538480103867,0.7094100211192278
TCGA.D8.A1JE,1.9024648228514716,-2.0472374729745666,1.3482344390884982,-1.1563223167904142,0.7834509548791115
TCGA.D8.A1JF,-0.9728689366496023,-1.2421728631344713,2.6746540453735883,-2.448027018259057,0.02386487211480926
TCGA.D8.A1JG,-1.6985016833512079,-1.2966203664582008,3.7804657335952436,-1.6172422785471743,-0.5049661782273421
TCGA.D8.A1JH,1.0170059559135047,2.264852383071947,0.018817431585401563,-1.1178997697804665,1.2873340344450996
TCGA.D8.A1JI,2.9551683772706383,-1.8858937850739592,-1.2602348592876427,2.4851844096335034,0.6754914678910757
TCGA.D8.A1JJ,0.3833332105241761,-2.064216715623711,1.4893959907854275,-1.9016337840883384,-0.29819273659298035
TCGA.D8.A1JK,-2.427207517224354,-1.8136862602829233,2.9101108984762187,-1.3969748139110072,-1.5246612701851276
TCGA.D8.A1JL,-3.827504557220319,0.09782712269925908,0.6744458891835351,0.08087459611081116,0.9869943816582695
TCGA.D8.A1JN,0.806634815451298,-1.240804328709744,0.9309077471475731,-0.0927113793438581,-1.9684783417858445
TCGA.D8.A1JP,0.25570159480835397,0.1386919126688168,0.6491933685448616,-1.058520662925641,0.05295687103505764
TCGA.D8.A1JS,2.4527884685395804,-3.177802728073724,-1.6680749697172939,1.1065039462311208,-2.452490500616178
TCGA.D8.A1JT,1.1491199539931514,-3.456078320519544,-0.46341523067782686,0.5131214284544859,0.3397830585943742
TCGA.D8.A1JU,0.9486116028838918,2.7800909951094246,-0.445728051834752,-1.40169374471087,0.8337686938567795
TCGA.D8.A1X5,1.4075622971078825,-2.408981314642063,1.8036518886115822,-0.249641839491834,0.1496810639240692
TCGA.D8.A1X6,2.10364389316605,-2.7114780052048326,0.5134831688102673,1.0248378754629344,-0.14263719803565872
TCGA.D8.A1X7,1.5972211865899995,-1.3124102872780874,-0.24454344555282814,-0.21711346152540217,0.9964464359695702
TCGA.D8.A1X8,1.6426156074290739,1.8433295730972459,-0.5464778968580035,0.027865442400951203,0.627445508285064
TCGA.D8.A1X9,0.707835184799813,-2.1173103131470836,2.058993479910698,-0.2215902766896769,1.6047055308636928
TCGA.D8.A1XA,1.549983199976025,-1.2487028169663728,0.04896104735435228,0.1805555215616495,0.19679445000088527
TCGA.D8.A1XB,0.8430921414757053,0.14211968902978922,-0.7358769053396657,-2.464985502172013,0.5815094950980118
TCGA.D8.A1XC,2.5613580207011437,-3.510760095384731,-2.4526822292877286,1.8916366082830676,1.057773651668388
TCGA.D8.A1XD,0.8226437521466842,-1.300672770405263,-1.5004528629852287,-1.057403336125084,2.0986864865946946
TCGA.D8.A1XF,1.1756808758193036,-2.706151939967662,-1.1025948168875672,2.9961941317267393,2.0065144269908584
TCGA.D8.A1XG,1.1006318505618249,-1.6190687182525934,-3.272379664401157,0.05690044731697332,1.524160016007504
TCGA.D8.A1XJ,-0.15517415342508317,-2.806852313553175,0.2416959695639226,-2.0082124495539335,-1.046537224223602
TCGA.D8.A1XK,-4.262747411473702,-1.9665619608070033,-0.3090926404145586,0.9974936040899988,0.8971462662537151
TCGA.D8.A1XL,0.07426882445887202,-1.0360701166430937,2.503782053134857,2.0423807849606805,-1.5209573136294006
TCGA.D8.A1XM,0.6682222685035741,1.9691717322400288,0.5503566902743803,-0.3912045329329518,1.238965225590206
TCGA.D8.A1XO,1.3984808696311826,0.2836796784697863,0.8867855583248514,-1.7640987317243806,-0.0694090277782658
TCGA.D8.A1XQ,-3.8697279551390893,-1.5418995064802732,0.766183740486034,0.7957015590427008,-0.31887526891070855
TCGA.D8.A1XR,2.0025349063365385,-1.4178672645610972,-0.7559282309352892,-0.6861416698915361,-0.2506279047816503
TCGA.D8.A1XS,1.1050968930283003,-0.9344142490079133,1.2972035364351164,-0.9676776357590203,0.844691207917777
TCGA.D8.A1XT,-1.5536629755850893,-2.409784463562146,1.6854042032859275,-1.6808731617300485,0.23996899829518392
TCGA.D8.A1XU,1.2257876510510075,0.1279836575194026,-0.18572405718386822,-1.5287109001069028,0.328436112072554
TCGA.D8.A1XV,2.1806404179122034,-2.946249326827147,-1.7167716183962711,1.6369834450483065,1.746938645139107
TCGA.D8.A1XY,0.8187542638985905,-0.8199121262399309,-0.36649473374575886,-2.029570765016411,0.5091681569909364
TCGA.D8.A1XZ,0.41474116168242764,-1.79262707120784,2.0553929125898724,0.3175917380721708,0.6101538793693786
TCGA.D8.A1Y0,0.7028699138828829,1.6841516884109042,1.199617060526928,0.06495376992931835,1.2661450204482265
TCGA.D8.A1Y1,1.1610490276435999,-2.172086140577502,1.0687896063784086,-1.4820935485865918,-0.019270427922850168
TCGA.D8.A1Y2,0.06509580609835867,-0.099087048502903,2.590402150299392,0.20970124267237691,-0.07521280465292564
TCGA.D8.A1Y3,-0.3726004780807807,-3.0243059194888127,1.5499029271745262,1.4821503082248992,-1.7350431315699264
TCGA.D8.A27E,2.1687888578006604,-1.7245756753760626,-0.43246504265249425,2.197828941046764,1.631373328992489
TCGA.D8.A27F,-4.258619281029487,-0.5357161330953351,-2.834375074746957,-0.9863686393175289,1.2035701894885256
TCGA.D8.A27G,1.0810575259605608,0.7252480396679991,1.7766207605447017,-0.2162179500841503,0.5017052758986461
TCGA.D8.A27H,-3.771619555301046,-0.17181327070856528,-2.7450756824638747,-1.248158944273613,1.4365874076400214
TCGA.D8.A27I,0.3962868705532328,3.756271541786596,-0.5046381046817996,-0.4672209267119332,0.6927020076745753
TCGA.D8.A27K,0.7365125876219647,1.740668314360793,0.6729155189363974,-0.9389409316025461,0.007056852496356357
TCGA.D8.A27L,0.6253042505640434,2.3889074127862635,0.4777720462964601,-1.5257747439691511,0.2921505249727154
TCGA.D8.A27M,-4.027879505697296,1.2684733738190543,0.4551190260467224,0.20148589983648574,1.608675060999317
TCGA.D8.A27N,0.0727854359771942,-0.7188197667485137,1.3820421058926255,-1.2486696251578755,-0.013993861249929808
TCGA.D8.A27P,1.0114416445281686,0.8787583253228456,-1.9222062134786964,-1.9112159374896904,-0.20714407308065572
TCGA.D8.A27R,0.27278355235512547,0.3847291651862531,0.4093674690875033,1.3304981382609482,0.004893580484310435
TCGA.D8.A27T,1.3765070855750063,1.5188130515763087,1.464175421650455,-0.5135653792070455,0.46927912224835955
TCGA.D8.A27V,0.4893345105729131,1.8160996416464026,-0.7671166955370288,-1.6543043468907208,0.2700673675908944
TCGA.D8.A27W,0.8110243623150194,-0.5517128572765082,0.6848579388652491,1.510963983473958,2.0405133834913984
TCGA.D8.A3Z5,0.8959313976194465,2.9492086960185873,-3.27425220149062,0.163888049238159,-1.4712994251896734
TCGA.D8.A3Z6,1.4367914048501433,0.4593983806944205,-1.2512240778948114,-1.3831485412742213,-1.3690686485429397
TCGA.D8.A4Z1,0.42074977764608223,3.6144988957203115,-1.948227634048128,-0.43849933322340956,-0.3041934612817344
TCGA.E2.A14N,-4.1955829736994765,-1.1829882561353078,-0.11763917613649529,1.2505345202784246,0.6955374665526597
TCGA.E2.A14U,0.6727183824587626,2.6409069513084544,-3.6324992833803753,0.12429739974218927,-1.1257831004892243
TCGA.E2.A15I,1.210641785118302,2.003697820736338,0.8841049860842115,-0.521965680232675,0.2970496274954488
TCGA.E2.A15K,1.2601835353346496,0.3709793821781927,2.4803164227151013,0.653367238892243,-1.4463527076031801
TCGA.E2.A1AZ,-3.308298795089425,0.2966249409368674,0.799969409175078,0.3107227269536361,1.6848070368019648
TCGA.E2.A1B0,-2.253375331971879,-0.5820806945014204,1.3142621957176173,-1.606587708891519,-0.0027083140067951706
TCGA.E2.A1B1,-0.6210473162568829,2.9105683616437803,0.7297032746333195,-1.2594869200861276,1.315977406330015
TCGA.E2.A1B4,1.6411463769413699,-0.46675481407477476,-1.720319441862409,-0.9126792858832261,-1.8628939732603487
TCGA.E2.A1B5,-0.1814684639212207,2.912954494859857,2.059382949608902,1.8697504421139912,-0.2904924927007706
TCGA.E2.A1B6,-3.9184987282290935,1.928500678454604,0.6204334291805683,3.157400679503722,-1.3028573225306588
TCGA.E2.A1BC,1.2903563793560908,1.0570450080515446,-1.0057192722559647,-1.9523259360700185,0.6164585447307734
TCGA.E2.A1BD,1.448355201460583,0.10928355617274971,-1.3072254987833867,-1.096067870337471,-1.6602683184995353
TCGA.E2.A1IE,2.2357692909953797,-0.8644703353282072,-2.5408672507584322,0.9810267846095843,1.3811631833039044
TCGA.E2.A1IF,0.4665190826741778,2.238558423124637,-1.5184981079642337,-0.7330130155979517,-2.2483075144840026
TCGA.E2.A1IG,0.7699608528477067,-1.0721094538889997,-1.1851696260755054,-0.3066349664896506,0.8026323287402667
TCGA.E2.A1IH,0.32931116428059637,1.5313660423681057,2.525251060516907,0.32026782763619094,0.6993362239114778
TCGA.E2.A1II,-3.8640854777354257,-1.420405836404812,2.1918635658922883,2.682835696480753,1.0447389721883247
TCGA.E2.A1IJ,0.34411931927146566,2.644596272241887,0.5959500443583636,-1.450136280580572,-0.6213855956415171
TCGA.E2.A1IK,1.1353615786552218,0.7584640611438921,-0.6357383073694101,2.999239264993046,0.6915918351074363
TCGA.E2.A1IL,1.5294151687265847,0.9932861302657257,-1.4530497937410407,-1.6439558452613412,-0.451508086021115
TCGA.E2.A1IN,1.1067265846714422,-1.070313187753183,-0.17438345270379402,-2.2306653933388545,0.056975126512821744
TCGA.E2.A1IO,0.4703975619273863,2.5228756587017864,0.48406634144850214,-0.7302404959038694,0.925304004645936
TCGA.E2.A1IU,1.366991568425216,1.3310091775681934,-0.62141684588555,-0.03216349851644534,-0.2880455849947552
TCGA.E2.A1L6,1.3580133779226276,2.2394178106931557,-1.5894259982084127,-0.8686632065616455,0.2784908902190914
TCGA.E2.A1L7,0.0649067454600833,0.570545690120493,1.4174596455496729,1.7200982350579108,1.307867360558863
TCGA.E2.A1L8,1.3669952861290304,0.2585192489990552,0.4726985479555333,-0.694829832275554,-0.3461498975952463
TCGA.E2.A1L9,0.6676497609868014,-0.3035552852495996,0.617154807367512,-1.6578325075932867,-0.3275672420426492
TCGA.E2.A1LA,0.41241949600278904,0.43429071398960756,1.6363594154818044,1.5148343284406849,-0.9280141077340535
TCGA.E2.A1LB,-0.13431084057109954,-2.584779037858833,1.2607404590039117,-2.4956621191027963,-1.3345304476138689
TCGA.E2.A1LE,-1.114526307026874,0.38853900134019637,1.897133161374162,-0.6099649419296661,-1.3839900786898551
TCGA.E2.A1LG,-3.9818981371348174,-1.6348379737015546,-1.1536676258722454,0.21605560432673732,-0.3189339802404888
TCGA.E2.A1LH,-4.350555035014846,1.2938043888763657,-0.20715062642746912,2.1740512065079076,-1.06625174953046
TCGA.E2.A1LI,-4.4990094357152985,-1.1936524719453783,-0.875927040106943,1.559381426977767,-0.16357178893881713
TCGA.E2.A1LK,-4.78270103956175,-3.602446578086316,-3.638278545461053,1.0429834159020852,-1.131374937123748
TCGA.E2.A1LL,-2.702518924108747,-1.0787521821766004,-1.957454475569639,-1.306514714718334,0.13075253972663003
TCGA.E2.A1LS,-3.6807889753817578,-0.9783931918661891,-3.4315491293135225,-0.20730130443331182,0.168587836765189
TCGA.E2.A2P5,0.6982289155574474,-0.23773622510090733,0.5509916972738941,-0.5540947128492892,-1.4423836026137729
TCGA.E2.A2P6,1.8875569665762364,-0.020226963157747455,-1.1044914689019247,0.4292837373575446,-1.9946316701091003
TCGA.E2.A3DX,0.6461511476841948,3.6875052292746333,1.2818343792501388,-0.44816558806819806,0.27663221435612567
TCGA.E2.A56Z,1.6628107533630452,-1.558538732994171,-0.8042460881951533,2.7898365915174774,-0.24108128108334623
TCGA.E2.A570,1.2463510644417084,-0.011673880636606418,-1.1192215345503704,-1.4755776878180633,-1.7003126825277282
TCGA.E2.A573,-4.738809118522105,-0.10493501401041565,0.05287791190699552,1.4696466633251002,-1.4590571216348145
TCGA.E2.A574,-4.0881860401689,-2.962322558233116,-4.869577191451758,-0.060116693331482646,-1.2703478761205445
TCGA.E9.A1N3,2.472202955226285,-1.1310262954228303,-2.4838504970994655,1.9151897473843336,1.9290606874376623
TCGA.E9.A1N4,0.7649904030081633,0.490906007189842,1.2076346513560328,-0.1018598924290626,0.9879899339315326
TCGA.E9.A1N5,1.5983131452110104,0.5680026254549123,1.3863999093775463,0.11542880093320265,0.4101340301424773
TCGA.E9.A1N6,-0.15008773836811515,-2.2084172446636003,1.1630826562833776,-2.382628840362639,-0.08247695482567845
TCGA.E9.A1N8,-3.947591360897166,-1.753011660901042,-3.2804670962773836,0.2323260500247767,0.8288535373445596
TCGA.E9.A1N9,-0.6162727792348777,0.6751677252077547,0.12689150964514456,-0.2463112155264908,1.0657429318527896
TCGA.E9.A1NA,0.04535195743603341,-2.478820080563294,1.3406043721772554,-0.8693460828765278,0.6302653175893145
TCGA.E9.A1ND,-4.22475179919768,-1.3370567128150337,2.231511782054812,-0.06421712040143232,-1.013866676801755
TCGA.E9.A1NE,-0.14461654264904067,2.821932085264561,1.7065756036189978,1.0007000158270922,1.197951065484763
TCGA.E9.A1NF,0.35049879449071664,-1.1228847334332182,1.7410078404458613,-2.2211506009771464,-0.7933334513987965
TCGA.E9.A1NG,-0.14516487124053976,-1.1732296819389798,1.244470126650168,-2.769847460051658,-0.16098174445840618
TCGA.E9.A1NH,1.1295173571343153,0.36541069000714776,0.2990291501585459,-2.1232983778707606,-0.5217242804927744
TCGA.E9.A1NI,1.505030093497944,-1.60756868225056,0.21764774042112686,-1.5207912636477114,-1.158541421955111
TCGA.E9.A1QZ,0.36241206617213334,3.397101104787147,0.14332030161013193,1.4831974398425123,0.682317440072704
TCGA.E9.A1R0,1.5861127621511126,2.819798824977205,-0.6773904834199382,0.6369331978002993,0.3348832466942113
TCGA.E9.A1R2,0.5408980719533472,0.6473504725190933,-0.13191278636833567,1.0569253296922685,0.41446215224077465
TCGA.E9.A1R3,0.34500041613633275,-0.2005524740363754,0.46374830650484083,-1.6853653729557128,-0.346093779970752
TCGA.E9.A1R4,0.6290122861031153,-0.15981086102869083,2.1619109912196217,0.6151024060009747,-0.3325127900767002
TCGA.E9.A1R5,1.3815340319376488,-1.529869454480098,0.19646342753637455,-1.4377364102818317,0.31401702004076415
TCGA.E9.A1R6,2.0054002718028365,-2.7634172290411465,-0.4307632888113383,0.6747407434499555,0.5203692590763653
TCGA.E9.A1R7,1.2822317579924176,-1.4476816553830012,-0.6944279394001659,-0.03531518989794542,1.0759790500397166
TCGA.E9.A1RB,0.061614723289349256,-1.8106978691207554,-0.14050831258954985,-0.9106796183220021,-0.22010993623076644
TCGA.E9.A1RC,1.176502957775754,-2.43599384973766,-1.439077872323388,-2.105357590609138,-0.4223946164161898
TCGA.E9.A1RD,2.0727592561904364,-1.0959347391254048,-0.02862606646530603,-1.4303889759894304,-0.1599722635655301
TCGA.E9.A1RE,1.632488546493061,-1.5194921436666617,0.532090352274196,0.9290637507759999,1.6353014304474935
TCGA.E9.A1RF,0.055908804190586275,-0.7400118677563697,2.3169445622632714,-0.1033340939575844,0.05494790473689704
TCGA.E9.A1RH,-1.9852904982508988,-3.1515202135931624,0.7406398344248584,-2.69859601882891,-0.39630392786232643
TCGA.E9.A1RI,1.0253603769377204,0.4371913780802005,0.1954671774406634,-1.535529891384759,1.4002995421259674
TCGA.E9.A226,0.59653282621859,-2.267708640464844,0.27283383602833994,-2.8429055904062137,0.5719165860677301
TCGA.E9.A227,1.104661719172275,1.7429606169911855,0.9079836622516247,0.4029824370773038,0.20790311545554363
TCGA.E9.A228,1.595320921360096,-2.5055368006205545,-1.0527007388249514,1.3884160795865435,2.145265469878263
TCGA.E9.A229,0.8281754253954419,0.7446869776314108,0.965172929477975,-1.346177003774032,0.8821677994065149
TCGA.E9.A22A,-0.1052808157708376,-0.30657422470370344,2.5102003843578258,-0.4208549817565893,-0.06585221068510284
TCGA.E9.A22B,0.7732213857106631,-0.1195051887553429,-0.6502807608651908,0.1425752217126321,1.4597592554234256
TCGA.E9.A22D,0.738888735124903,-0.4023510474823014,4.156627665837315,2.434605507440396,0.049899048638266934
TCGA.E9.A22E,0.5357825956454119,-0.45648820920813055,2.4718411783532463,-1.5376202610151348,-0.2105791155563012
TCGA.E9.A22G,-4.882320235644521,-2.1185160198116044,-1.8042237918466828,0.9367968513484323,0.5492370151569349
TCGA.E9.A22H,1.9247453095396057,-0.6439363745084316,1.2093349102699682,0.16131907537333517,-0.011708533582440232
TCGA.E9.A243,-3.2466598312157204,0.6460847186823935,2.8557675265047973,0.18699533630525267,0.9245406235191499
TCGA.E9.A244,-3.9184052998895145,-0.5969920170836092,-2.0589918783430043,-0.15670876165145853,0.6870932232149636
TCGA.E9.A245,1.7541026206900807,0.1385930841754261,-2.779925511850458,1.7960966789037753,1.9862923389666363
TCGA.E9.A247,0.7275933518743253,-0.780005974745073,-1.733786961040941,0.4399693336758736,-0.034377277393861295
TCGA.E9.A248,-2.3749668775488444,0.1393507037502868,3.1556314803724383,0.34352173034844113,0.17271262483297645
TCGA.E9.A249,1.4350810806035654,-1.4686467564191237,0.7600229024124485,0.07576348456862268,-0.9571123202421838
TCGA.E9.A24A,1.3642786883526221,-1.5123149551911501,1.200087694456587,-1.272542876557593,0.105068486696593
TCGA.E9.A295,0.42274532587155617,1.4633603633350898,-0.8677946557868653,-0.28522786555011326,0.12424678462284722
TCGA.E9.A2JS,0.7182556650103848,-1.7249131341473882,-0.1977011526069,0.47884715744975787,1.0220215216021362
TCGA.E9.A2JT,-0.30577023333536885,3.000637527841362,2.9783532106487507,2.369490130268461,0.19018080326064885
TCGA.E9.A3Q9,2.2731855089014084,0.634698752116593,-0.917153331333394,2.53103340668746,0.6416338081104153
TCGA.E9.A3QA,-4.187771179663327,0.21580147492168886,0.6636962963654641,2.214029861176887,-0.532114076180235
TCGA.E9.A3X8,0.4467751236685616,2.9241146702906073,-0.5904231988635681,1.1048260934615963,-3.541194610196223
TCGA.E9.A54X,2.2005177219127585,-3.7645693194028227,-3.1413627702988234,1.7818102222913266,-0.2876217002729176
TCGA.E9.A5UO,2.238781598619993,-4.79175491367121,-2.5850843845578355,2.7879358008555855,0.6132649966111403
TCGA.E9.A5UP,1.2570008472951588,-4.011124789561421,-0.8272891295685249,1.6202296755296852,-2.183100473720795
TCGA.EW.A1IW,0.22616875019822819,2.233132257505333,-0.4106751627300096,-0.8143789499376489,0.06991760129540874
TCGA.EW.A1IX,1.4876110592433873,1.5438448385321983,-0.3550437424219682,-1.5576487134159627,0.5889986166809771
TCGA.EW.A1IY,0.024133842786699777,0.9044100385055274,2.630260409977802,-0.8682717434446714,0.8738804892724277
TCGA.EW.A1J1,1.8944487276048283,-1.201594108889783,1.4783492377354794,2.418701611573363,1.5158159330932102
TCGA.EW.A1J2,0.7386049326159816,2.677660014565122,-0.5494537940078966,-1.4855726869335708,0.4342432786500606
TCGA.EW.A1J3,1.3805821640071854,0.41237055319600907,-0.5677329511733743,-0.9579860100930583,-0.25113968255253727
TCGA.EW.A1J6,0.612173612738404,-0.371882390315496,0.5129295431704958,2.9006921511210484,-0.2943446367230551
TCGA.EW.A1OV,-1.169915500547652,0.7754370639398003,3.4009439988525947,1.3738072001099748,-0.527335858922222
TCGA.EW.A1OW,-4.380954477330121,-0.4073655204708626,-2.1348720942693578,-0.2948754326862606,1.0799045525406754
TCGA.EW.A1OX,2.15190010788888,-4.533305209393874,-2.8433164000732574,2.2735778859979785,2.0035047460469384
TCGA.EW.A1OY,0.7460991203558881,-1.0401471861585216,-0.14447092405915848,0.5570954524512601,-0.17740876883225642
TCGA.EW.A1OZ,0.5674411051038861,-1.3657862675624926,1.4225058668165786,-0.30763802103116294,-0.19296216618917444
TCGA.EW.A1P0,1.391742050765406,-1.6228344461031199,0.9149401504688639,1.4623891792182169,0.929480714162556
TCGA.EW.A1P3,1.5405484292307337,1.205518348727192,-1.2158163076043327,0.021525567178876142,-1.2155239948291674
TCGA.EW.A1P4,-4.1916278532227595,-0.7250427216566363,0.7291267858543569,0.23565114956725958,0.8193798637991941
TCGA.EW.A1P5,1.2037929320993541,-1.3560392273425768,0.7967349418079253,0.1997301501629464,0.0037097808853947447
TCGA.EW.A1P6,1.2847217930183843,-0.2726185892663572,0.006767233021836604,-0.8975207039224563,-0.45975894783320953
TCGA.EW.A1P8,-3.7333951493758413,-0.5577459460602929,-1.3006651927299875,0.509117419169726,-0.2962535476986288
TCGA.EW.A1PA,0.723938691786339,1.039868046591315,-0.23908634562576692,1.0949095592723355,1.0323483521656622
TCGA.EW.A1PB,-4.230819949830083,-2.220519609976066,1.7940733842807208,2.153317040437692,-1.4816929448265577
TCGA.EW.A1PC,-0.3877012367312517,-2.6211419022317592,-0.4632007077030598,-0.8257730113811289,-1.2113109504019004
TCGA.EW.A1PD,0.8713467887532411,0.26914958062381944,-1.562517320992346,-0.7011153384291591,1.4870407256856033
TCGA.EW.A1PE,1.1398749391797032,0.4537936307828878,1.9135895463667874,-0.537112055746566,-0.6520133170084205
TCGA.EW.A1PF,0.6215880132571204,1.4651195244131268,0.17828922060844554,-0.6248296015695631,0.7668402489906954
TCGA.EW.A1PH,-4.58497948854366,-0.5613534030518356,-1.6209191016635751,0.16333293139259433,0.13175271593838575
TCGA.EW.A2FR,-0.9867549279108888,-0.6139734201204654,1.3071109972145376,-2.2482053242084943,-0.33151823647896955
TCGA.EW.A2FS,0.315275350308433,2.0203003919153986,-0.7531921681894581,1.8673280923475282,-0.2044949443978102
TCGA.EW.A2FV,-0.39075735191055866,1.5954293245317586,0.3074097121593573,-0.08240998077051777,0.5443392498044806
TCGA.EW.A2FW,1.8414677776261428,-1.8586574084833032,-0.510942370012015,1.7295389256795994,0.7413102522095981
TCGA.EW.A3E8,1.186806126401734,2.846501771015359,0.9784428104662563,1.1543901324432044,-0.9487480760577636
TCGA.EW.A3U0,-3.6732057048614717,2.1779139962684657,0.36022007848821136,1.9124201192085495,0.7333962839894936
TCGA.EW.A423,1.25587880170433,-0.686147662199816,0.17552968095641458,1.3322912423776396,-2.8543083912347336
TCGA.EW.A424,1.199927708553082,1.1589443077012158,-3.1064563831479624,-0.5444224635810201,-1.4563110018358492
TCGA.GI.A2C8,0.999185734791749,-0.04856830349568588,0.8110406597054465,-1.2384359897310224,0.5829399177059436
TCGA.GI.A2C9,-4.052509318531302,-0.71172911484865,-2.767076374854774,-0.7271174915595939,0.357261397525403
TCGA.GM.A2D9,1.4139086735487052,0.70315923726423,-0.4314483383065688,-0.37651391088783714,-1.9145585460251793
TCGA.GM.A2DA,0.6337149223426166,2.571957535845259,0.9201075715055627,0.357929939386613,-0.9912134413566505
TCGA.GM.A2DB,-2.108964724227472,-0.2538632740331515,1.4504887904423862,-0.06348537219803245,-2.7679084474793214
TCGA.GM.A2DC,1.684267294438015,-1.1789657450072286,-0.977522482551888,2.3723610254264362,-0.19838032282586515
TCGA.GM.A2DF,-4.049415103675935,0.5553652844254775,-0.59035396521439,1.7485182415296103,-1.027859375853794
TCGA.GM.A2DH,-1.0793377916866234,0.20257301980649803,2.505641125093754,0.8837342596796908,0.1266167667100073
TCGA.GM.A2DI,0.2401124813776419,3.1097825175569676,2.068352380703382,0.8033573843567461,0.5391804834046019
TCGA.GM.A2DK,0.8378877774798349,2.1151528584271264,-1.5957451859253122,1.3564459293405768,-0.2310540004424142
TCGA.GM.A2DL,0.7359202656253587,-0.1358935720175518,0.014685759359185832,-1.175165987623231,-0.5380443438836832
TCGA.GM.A2DM,1.5142802641776918,-2.5657971441041956,-0.6240682635956285,1.262493749263776,0.3271806372383196
TCGA.GM.A2DN,-0.17182962475776475,1.7822774091853775,1.6866282507973096,-0.003209058787752466,-1.1721009744958852
TCGA.GM.A2DO,0.15970958127241142,1.1048370914209837,3.2167647443129352,3.870477757212435,-0.7541519245074646
TCGA.GM.A3NW,1.3939392768282093,1.4931195905731895,-1.440262790541148,1.267068311683179,-0.37305230396762595
TCGA.GM.A3NY,1.1230471914275735,1.7640653608960661,-1.466996884407529,-0.023311720853282276,-2.6026047921059243
TCGA.GM.A3XG,0.03035620045867006,2.705976767745774,-4.216466486778518,0.08338437398202765,-1.349360439188537
TCGA.GM.A3XL,-3.8639482287282454,-1.5190325984486361,0.45906655624653125,2.2281876101620877,-1.9399197039987512
TCGA.GM.A3XN,0.5730904401832613,3.217656105197301,-0.8496363373699343,0.11678866245922234,-0.9125269955532529
TCGA.GM.A4E0,0.34551106325842457,3.4272869728908724,-1.1574103270663527,0.523434778443673,-1.3477301003438251
TCGA.JL.A3YW,-2.1180707669517305,-0.1148393615143924,1.8533215593791512,-1.639256739048994,-1.9678061038710468
TCGA.JL.A3YX,1.110964338286055,0.42210580921708885,-1.8419660207834139,-0.7843573415878563,-1.607569394111476
TCGA.LL.A440,0.13659235479277654,3.7931962001729693,-1.5881211372009927,-0.29092884924474105,0.3047805737530218
TCGA.LL.A442,2.332038299994375,-3.614070986764615,-1.3220861591732187,1.9746131883428621,-0.32969590880678196
TCGA.LL.A50Y,1.8759550924564015,-0.17025749336200674,0.029244852186025915,1.0531413295883643,-3.5553463153623532
TCGA.LL.A5YL,-0.12119582920786152,1.3005208490819242,-0.28269559329305693,0.34536889829103656,-3.6590375364351515
TCGA.LL.A5YM,1.395174809706894,-1.2483972414397113,-1.6357817324376043,2.9597622424434715,-1.8736573921855848
TCGA.LL.A5YN,0.16221748243207837,2.1722995204666122,1.783157432918436,2.165132129001144,-3.524595685296961
TCGA.LL.A5YO,-2.4698589437883056,1.109175498067636,2.9907814858813113,1.0968167956995396,-2.2698207060860063
TCGA.LL.A5YP,-3.6330500693983927,0.46810165327299247,-1.7712220838038486,0.032370881014848134,0.21461406675623773
TCGA.LQ.A4E4,1.5571394912769039,-0.2280331026950645,-1.8910186355083658,-0.42902044947534346,-1.1819693055834228
TCGA.OL.A66H,1.4072902785137806,-0.5243674196429805,0.17877529501833322,2.3747992362859676,-0.2403661735741199
TCGA.OL.A66I,-3.9357266995502895,0.8058769435359143,0.8155739621152284,2.139421450126463,-0.16909289635505673
TCGA.OL.A66J,1.1983783376129717,1.5961894029851849,-1.8509936127162268,0.7647935822430031,-0.3341309069609547
TCGA.OL.A66K,1.7873818441653644,0.8158464505029439,-1.9198986136243796,-0.32456640973932477,-0.8379667468393223
