,MOFA_shared_Factor1,MOFA_shared_Factor2,MOFA_shared_Factor3,MOFA_shared_Factor4,MOFA_shared_Factor5
TCGA.A1.A0SF,-0.7242328115510298,1.9517778283228022,-0.3703729311554574,-1.335327839562381,-0.965015841601367
TCGA.A1.A0SI,-0.22208154651999068,0.5037636384359865,-1.1266589921622108,-1.9121736204594,-2.478070734865377
TCGA.A1.A0SN,-0.8634510660279262,0.11593538220224665,2.301059494347822,-1.4192961603410688,-0.5632171384668204
TCGA.A1.A0SQ,-2.969495344774523,-1.484991717112829,-1.5620471124608566,-0.5471016395878353,1.820193379549181
TCGA.A2.A0CK,-1.0449793898254667,2.447965236273985,-0.2676261889480367,1.2488671701125642,1.0157592600051701
TCGA.A2.A0CO,-0.44439479937164433,3.081527676048447,-0.14122963250723036,-1.4163709227796726,-0.20570992277651806
TCGA.A2.A0CR,1.7553714724507863,3.8825593755263483,1.0912387723362897,-1.5760220824977456,0.4599174107937709
TCGA.A2.A0EP,2.797627600303894,3.825373214331248,0.6215605235826598,-1.5988863302821519,0.8465212819146345
TCGA.A2.A1FV,-3.0096343179507077,-0.8961683257195806,2.119060609187382,1.088071515191543,1.0350700837773068
TCGA.A2.A1FW,-2.6948050863646413,-1.7495449629185176,1.6797459690753853,-1.4398301862136675,1.2893283432135791
TCGA.A2.A1FX,-2.2640657026048823,-1.2627926864687777,0.1094512948641091,-0.9870568038171751,1.9429926373124822
TCGA.A2.A1FZ,-0.04427350962764404,2.20527332425467,1.0137276213437085,1.592540902504898,-0.437325636801382
TCGA.A2.A1G0,-0.3704239610122215,2.5464207436216837,-2.082432412329821,0.34654781967460835,1.4339949340669058
TCGA.A2.A1G1,3.7301431706047725,-2.131179699046478,0.2588136270705654,-0.8893048626307986,-0.5190396824333098
TCGA.A2.A1G4,-2.0299408664456426,-0.5146920076971102,1.903747259785381,0.4400150563939241,2.2698421671684823
TCGA.A2.A259,0.500132492923362,2.7710098307113107,-1.193030726340961,0.7362533232029861,1.263063903704075
TCGA.A2.A25B,-1.9033911047215264,-2.6793770734233027,0.9213743177059147,-2.3754495086461542,0.5052708936865776
TCGA.A2.A25C,-0.8106008302648579,0.7353029724314567,-0.08396279474420458,-0.19755966148206583,0.6513987653223281
TCGA.A2.A25D,-0.13678321731128,0.5945297883070118,0.9453690396847373,-2.642013390200367,0.43936801480415966
TCGA.A2.A25E,-1.2988351187840714,-0.9138079075617896,0.7436370891523094,-0.47201092290669555,2.3080989472445825
TCGA.A2.A25F,4.388729966772052,1.3251963048528648,1.146273748836371,-2.476866517457376,2.1700480834642777
TCGA.A2.A3KC,-0.2325046127566273,2.474545599788686,1.551765832299742,1.5186203134255853,-0.500766345165271
TCGA.A2.A3KD,0.0009254410156465396,2.248212354477997,-1.0715582859609833,2.464897999778229,0.7256773793431236
TCGA.A2.A3XS,4.411287085838027,-0.6671338532721346,0.7843088391616827,1.1430111520786028,-0.23669103461085098
TCGA.A2.A3XT,4.013011607649012,-1.1626646005799337,0.416809040405685,0.5932471899066388,0.971868657280314
TCGA.A2.A3XU,3.142208761782209,-3.0703436656667247,-2.418852904649926,4.025857620198028,-0.8458964849679673
TCGA.A2.A3XV,0.048196386473632474,-1.590252083299993,3.2878237837960067,0.292277984296641,-2.8066458751871517
TCGA.A2.A3XX,4.582791779955778,-0.2918016245382373,0.44666971843847625,1.8103088257020883,0.4535863111023112
TCGA.A2.A3XY,4.354978303112715,0.5083107137045337,-0.39853801641127173,0.24365285943257597,0.12216196718595002
TCGA.A2.A3XZ,2.3719583649112868,2.030260484691137,0.7178602588558719,-1.0290248342245585,0.6643352732783621
TCGA.A2.A3Y0,4.234425201181956,-2.0934428400389367,-1.1418910823370914,-1.136047605663281,0.062486205826159054
TCGA.A2.A4RW,0.14327098079088885,2.1466270900190323,1.960726288651531,0.8607488742919144,0.17149458886314398
TCGA.A2.A4RX,4.065473395208622,1.3184582913260072,-0.6341361625501033,1.6849349374733305,0.05729537050462254
TCGA.A2.A4S0,-1.8670303468174705,-0.6570028831519745,-3.5057123802039913,3.3212369755801086,4.663271148954408
TCGA.A2.A4S2,-0.5800158185397813,1.691479654001873,0.8818043893726778,-0.5051893943973343,-0.21868962871869918
TCGA.A2.A4S3,0.6109510754745973,-0.7333760201685986,-1.2775199627613707,-2.1323757433589443,0.5446499901934704
TCGA.A7.A13D,3.7655139823073847,-3.2233139666357395,-0.8572807774532463,3.9471543873424024,-1.179798349580541
TCGA.A7.A13E,3.639587359752648,-4.094842757788274,0.8847246897896722,2.2118165868318127,-1.907762742917743
TCGA.A7.A13F,-2.547908557226249,-1.7634170079024913,1.4373254694126318,0.7730141227110291,0.32275754354847985
TCGA.A7.A13G,-2.5846195356178447,0.4405381456074151,-3.4853246418103834,2.944817395359704,-0.3943651719403863
TCGA.A7.A13H,0.26744438190501435,3.10172662391563,-0.21252261542174236,0.32725558864773463,-0.3820168311267172
TCGA.A7.A26E,-1.8314506398497297,1.6780562968769184,1.0700385020185608,2.0295107994343446,-1.1422042797984537
TCGA.A7.A26F,2.801522893401499,-1.5214271823192203,1.7091094055570257,-0.9908920776991461,-2.3613745923211007
TCGA.A7.A26G,3.519643020757088,0.49060046560659043,-1.3843233020325432,-0.35643901830460567,-0.4432384695792951
TCGA.A7.A26H,-1.443414167627932,0.8112014342937045,0.5084810307960056,-0.8018060869064174,-1.172760157644108
TCGA.A7.A26I,3.9074734713159933,-1.6709492316273733,-1.4716629187305574,2.839646399423545,-0.21126443747751805
TCGA.A7.A26J,-2.213635497352126,-0.30935664993967,0.4465907956098251,-0.35331450357789423,-0.32416762316195663
TCGA.A7.A2KD,-0.8980736352284964,-0.6497996195039552,-1.537921126775601,-2.5833323056002055,-1.176593346903956
TCGA.A7.A3IY,1.1827818597766346,1.175823143327856,-2.5478289116183457,2.464307211976289,1.113297295359786
TCGA.A7.A3IZ,-3.958693078466583,-1.7154044109197304,-0.1243036546844538,0.4463464154153705,1.0480235586042423
TCGA.A7.A3J0,-1.2309161812822722,-0.2817701749265673,-4.791739693601664,0.7388440373251199,3.773375882609036
TCGA.A7.A3J1,-0.25605247370279155,3.007976249428121,0.23930898080067162,-0.8478049100481841,0.1326570789996328
TCGA.A7.A3RF,-2.9855324961189074,-2.582074526959238,-3.250420405004773,1.2383301765787664,3.372400309917317
TCGA.A7.A425,-0.7286468449252531,1.8689627972756153,-1.3737698429306542,0.5728601462422127,-1.5097098000195424
TCGA.A7.A426,-0.07813803311174759,3.395396156502173,-0.3636909428167507,1.4070391920997203,-0.2778966012669509
TCGA.A7.A4SA,0.7337223270245578,2.0772440659338582,-0.7833760128390059,-0.9888480969896808,1.059813919510458
TCGA.A7.A4SB,-1.7744592410282651,0.15287833078510815,-1.801653665407435,1.2978124378437579,0.3717671723309518
TCGA.A7.A4SC,0.13234076201392042,2.928018931119179,1.7237639188016312,1.5589514162666256,-0.810747261561373
TCGA.A7.A4SD,3.4683760817130302,-1.9810796416656298,-2.5676539686150788,-1.6182866012367725,-0.4220128260640346
TCGA.A7.A4SE,3.9298571390910735,-0.18727380028780857,-1.1817993406344736,2.45860684839981,-0.6524432752171232
TCGA.A7.A4SF,-2.073560610969527,-2.8341302084891615,-1.0986259812240178,-3.737451163636247,-1.296225293940304
TCGA.A7.A5ZV,3.683286984089232,-3.5814056119866824,2.526767837575213,3.100617436970173,-0.5326564877255231
TCGA.A7.A5ZW,0.5039989652945738,3.2214873708546334,-0.748674437050467,1.9696229312797913,-0.7424445866134907
TCGA.A7.A5ZX,-0.07903693941195737,3.1100452695559313,-0.3069362359993693,3.7343747646065477,-1.019675743607621
TCGA.AC.A23C,-0.12658332654882296,1.0362188121059384,0.6937085274994387,-1.0730593376926212,-1.1459134585261668
TCGA.AC.A23E,-1.7040840897480576,-0.22030666664782564,-0.43178157370132425,0.7435900733089678,-1.9036990981564255
TCGA.AC.A23G,0.8931860813210564,2.4744032043236066,-0.542482818048177,1.6171631687456862,-1.1832259005797718
TCGA.AC.A23H,-0.8917584990704955,-2.9236744641782857,5.654190729113031,0.04430170002850703,-1.9552456432657275
TCGA.AC.A2B8,-0.7318286928233039,1.700962159104655,-0.5581639821521033,-0.6629331588723003,-1.2714597662436327
TCGA.AC.A2BK,3.5492827785472834,-4.89186092615136,-1.393545335725778,1.9326069070257097,0.11159962038137329
TCGA.AC.A2BM,-1.4235027558233835,-0.3268352233561202,1.2868019944906557,-0.8395133867443921,3.2285087491641495
TCGA.AC.A2FB,1.7495772277686883,3.584722380267064,0.9146996278981083,-0.9703870232913849,0.7309007103568821
TCGA.AC.A2FE,0.6061861692880295,2.9313185983665986,2.1350784765454045,-0.6657276314759945,0.13648831508838496
TCGA.AC.A2FF,1.698484562887755,4.135260147198957,-0.45468826564595677,0.6998893841861452,0.3770354928287434
TCGA.AC.A2FG,-0.7302114562991944,2.9286060333911506,-1.9599018920713063,1.649913365461134,-1.0696505629353898
TCGA.AC.A2FM,-2.7076049632441332,-0.10291589290515721,4.390866750156268,1.6253666072634771,2.0299091978910218
TCGA.AC.A2FO,0.45626665839906766,2.8471025368735776,0.9612706305650587,-1.161485344690622,0.47096604126849
TCGA.AC.A2QH,2.398270021976071,-2.228383684277826,-1.3371300557773274,2.608893819244925,0.22139315684800578
TCGA.AC.A2QI,-1.0100298374910526,0.8779816468380236,-1.7414236432247618,-1.4496681201967434,-0.9701000738122162
TCGA.AC.A2QJ,3.3500603049003748,-0.9106413860829838,-1.980517815361032,0.3288465516874338,-0.6435243622391071
TCGA.AC.A3BB,0.18463062440392977,3.348955724201112,0.0838555808952841,-1.1462313269066986,-0.4340165376877115
TCGA.AC.A3EH,-2.4250881215456577,-1.0143183751956684,1.2943196005816657,-0.4478438627206504,-2.9080050375146786
TCGA.AC.A3HN,0.17029422087304877,3.6453855652943163,-0.3590675190327285,0.9220338480153463,-0.20460130084623898
TCGA.AC.A3OD,0.5977591041004789,3.107888464879075,1.9918377537103886,0.4060128415304656,0.7111165593201303
TCGA.AC.A3QP,0.4871912275817116,2.3528953723357318,-1.0501163758608754,1.4677889767167627,-0.7733179208920967
TCGA.AC.A3QQ,-2.0013022908966445,0.8116884885597236,-0.4522213748329312,-1.053185364359368,-0.9340941672985852
TCGA.AC.A3TM,-1.040735140375611,1.9463980058445047,0.0003877737502872395,0.7809279430405386,-0.648945301038281
TCGA.AC.A3TN,-2.900317226748388,1.0539950331141803,0.25187071223658386,1.0238567461102839,-1.1164871995034864
TCGA.AC.A3W5,0.7872009529766696,0.37960290600088714,1.4635344560589827,-2.189919138689931,-2.5704051486935255
TCGA.AC.A3W6,0.3483883063360795,2.3303375040103433,0.291594915134941,-1.0943689323251247,-0.618501462300334
TCGA.AC.A3W7,-0.9118435216519296,2.5961918846956493,-0.21398503216960624,1.8276219712087274,-1.7628996411889715
TCGA.AC.A5XS,0.29235790272294476,1.4389479892445898,0.06779561518339983,-1.6292642311486798,-0.2300793127468908
TCGA.AC.A62Y,-1.019611731965681,0.8031693735324857,-2.076115371580638,0.5499777521875797,0.19884319629606928
TCGA.AO.A1KP,-3.413503548642875,-2.055034422180002,0.5165478182168487,0.07275825834886626,-0.2732722836102901
TCGA.AO.A1KQ,-1.1392233427235126,-1.364427787405918,-1.2604529505815143,-3.2491216398229814,1.5307789994337078
TCGA.AO.A1KR,3.488838212035362,-2.111949052994416,0.8985017299500004,0.6637419700939517,-0.42072389861959997
TCGA.AO.A1KS,-1.0318818559443363,-0.1938824453207426,1.2267793867001349,0.0692659958827058,0.6208627479548704
TCGA.AO.A1KT,-1.603855215582048,-2.4540688048969588,-0.8658184411899912,-1.5727772883989513,-1.064561476044733
TCGA.AQ.A0Y5,-1.2006613696699602,-1.5406255792535608,-0.14658713581650218,0.9595761773718445,-1.9672484170914943
TCGA.AQ.A1H2,-3.4656679700242443,-3.2543775899983203,-2.1737191360824375,-1.6646589115266317,-0.4862985643122366
TCGA.AQ.A1H3,-0.622251837786439,2.2912628167079596,1.0908169004520243,0.1464593713108653,-0.49498808622107404
TCGA.AQ.A54N,4.008901609322117,-3.6396285312292305,-1.2755043409454554,3.593693464179372,-0.35246351486511696
TCGA.AQ.A54O,-1.6088594562836445,-0.000697415306345867,-1.786453711376824,0.5999491549423095,1.601933374673516
TCGA.AR.A1AI,4.145927467695323,-2.8314145239003676,-1.3177409416462436,-2.399441953346207,0.34199393906691766
TCGA.AR.A1AJ,4.553284335844087,0.6209821666669091,0.35345667583517176,-1.6381260902165398,0.9479552778381382
TCGA.AR.A1AM,0.23867065303238602,2.7647042194151883,-2.161557417918027,0.6613584298424238,-0.5267783298341268
TCGA.AR.A1AN,-0.34043461296325905,1.179136688578283,-2.1001153833858512,0.44460946591445194,-0.282730101525951
TCGA.AR.A1AP,-1.1305200722305038,0.46161384119553067,1.7662504852624417,0.43099296835643863,-1.1518083973773365
TCGA.AR.A1AQ,4.536684338635932,-1.132089713029398,1.398260211135682,-0.7407901049719573,0.7555785418715283
TCGA.AR.A1AR,3.8375084246796303,-0.8563199950522387,0.18244551563108397,-0.4713203706618001,0.41022983699636684
TCGA.AR.A1AS,-2.579694877520356,-2.527045666236828,-1.2904219231225753,0.744448665293546,-2.929242709565348
TCGA.AR.A1AU,-0.1415663560996127,1.7000349300480408,-0.6971915136176221,2.3347912696094655,1.0338466695748088
TCGA.AR.A1AV,-3.7335727591022096,-1.7040477700732861,1.3864764182270546,0.5900381854876461,-0.7071670226724763
TCGA.AR.A1AW,2.0395093855925093,1.343369229816405,2.8903544471614615,-3.4425306137613285,1.5543152286454684
TCGA.AR.A1AX,1.9914539491629204,2.889807077227001,-0.12801413616270363,-1.538530376484798,0.8041573154659617
TCGA.AR.A1AY,4.3229280245385535,-1.9123464071250382,0.01765667242836772,4.067678729454225,-0.6389715403702053
TCGA.AR.A24K,-2.8699005423082258,-1.1319725230716307,0.13213432506174516,1.81220255870738,-0.933757166803538
TCGA.AR.A24L,-0.6957267255558618,0.2583582478049811,-1.1149279729972315,1.4785704607509778,1.8535230875691677
TCGA.AR.A24M,-1.9597672824541916,0.7649588396992829,-1.1540123975362768,1.71321357962806,-1.304784097959095
TCGA.AR.A24N,-1.7542221788413532,-0.6210649410876893,2.7035445676423637,-0.30573256640879304,-1.6849434967226482
TCGA.AR.A24O,0.3240182148642955,2.998602238311164,-1.1911276206396133,0.39983084954285375,-0.20575135504882242
TCGA.AR.A24P,-0.6924993992659447,1.3718672112939059,0.5335531638185119,1.546526245729839,-0.6080522831144269
TCGA.AR.A24Q,4.092971506483089,-0.5597986001978621,-0.8838755656190121,0.8068619826834653,0.5012104180960929
TCGA.AR.A24R,-1.476019137178268,-0.6617567475908058,2.1500583515723317,-1.4080573885728391,1.512102514051613
TCGA.AR.A24S,-0.09974277607807029,-0.6282018657678279,-2.5836183293545325,-2.6659357488145257,-0.7726487652053446
TCGA.B6.A1KC,-1.8915946477495191,-2.4037547022002808,2.971139318777703,1.7911621611334096,4.200738220982223
TCGA.B6.A1KF,3.3821942158791134,-3.765903029839416,0.6580965293206525,4.358118566569906,-2.2223047995851415
TCGA.B6.A1KI,-1.225540710930057,1.047180625750408,-2.081402343660981,1.7717450606430283,-1.0181085190635453
TCGA.B6.A1KN,-1.2960525428881067,-1.4765446779503337,1.4892906614549455,-1.8024340908656584,-1.4671535575613963
TCGA.B6.A2IU,-2.0107614121884647,0.564427523923487,-1.124331526997223,0.6242533071240336,-0.6546247835961181
TCGA.BH.A0AU,-0.6555473384963981,0.8940849981728254,-0.018281690994930745,-0.2692872428136116,1.2986083557699104
TCGA.BH.A0AZ,-0.3740459638508243,1.6518738685538934,-1.083263438939467,0.82086927462908,-0.49719232655249196
TCGA.BH.A0B5,-1.8204347027591887,1.207415495973744,0.6761436767933752,-0.9817555775735685,-1.0542654722820393
TCGA.BH.A0B6,0.5064718223263595,1.522933583886524,0.6709178681478006,-3.4233382930932685,0.4628933413098232
TCGA.BH.A0BF,0.9467280241516486,1.0125972083128985,1.3482908803331188,-2.7253882949159096,-0.3687897339209241
TCGA.BH.A0BS,-2.601374317264613,-0.6334369797853366,-2.7294954770877875,1.476421626141622,-0.8563431863389855
TCGA.BH.A0BZ,0.011740523221861395,-0.3150077447707385,3.5646514633869324,-2.3508922634353637,0.4491707432073811
TCGA.BH.A0C3,0.7846501163787235,2.1015010080097007,-0.0767528999178899,-0.46644908753596837,0.960091990286233
TCGA.BH.A0DD,-3.0287318130877288,-2.8047396835629974,-0.06957399503435162,-2.7400496430798222,-0.5108069929616377
TCGA.BH.A0DG,0.5357939183105824,2.0293367347597018,1.2234892332653324,0.19242620107955147,0.26874404243348043
TCGA.BH.A0DI,0.945807898631603,2.339252024576493,1.3340964449442623,0.7532329143643005,-0.5520986832842258
TCGA.BH.A0DV,0.717199509132018,3.3378486212932468,-0.5847637734218472,1.7171120500500052,-1.078844693665004
TCGA.BH.A0E2,-1.3831614419895746,0.24326458529732853,1.6207033144442247,0.8454799737469109,1.506164097043341
TCGA.BH.A0H3,-0.03466508565658227,2.6602506245721216,-0.06482048691087569,1.3366327784877732,-0.41029366536122747
TCGA.BH.A0HA,-1.5850923417081013,1.608261038393261,0.6651981038590096,-0.4024892579117594,1.2003465301593024
TCGA.BH.A0HN,-3.539893517896819,-1.760018931225798,-1.4506762247447507,0.8702332163128703,-0.9095049155512739
TCGA.BH.A1EN,-0.9413728769869245,-3.3368420034025403,3.6701876059540917,0.1281621580111597,-2.342056248454706
TCGA.BH.A1EO,-0.9086591632406031,0.356859233008061,1.7412747028405993,-0.4745601636651421,-1.0240572864647788
TCGA.BH.A1ES,-1.7741739010044253,-0.9408040497387722,1.0380656057592046,3.0843576269615163,1.95661914577063
TCGA.BH.A1ET,-2.0984244706974304,0.9875984786056489,-1.720233842000218,-0.5380609219888848,-0.6713292438322481
TCGA.BH.A1EU,0.6473164056706309,3.334645856394215,-0.8442098687209241,-0.7207678505463501,0.7752611921769329
TCGA.BH.A1EV,-1.5119500954122067,-1.086276572317356,0.17582918872418268,1.3114621426441764,-2.828744320461278
TCGA.BH.A1EW,-0.1905991760944553,1.493699153909313,1.4276258932290675,-0.493391445131909,0.23552737926074124
TCGA.BH.A1EX,-0.46631032714555704,-0.43407012329091366,-1.0294295006735112,-1.9306691773697742,-2.908908793944522
TCGA.BH.A1EY,-0.07996631149022534,0.7366558056232513,0.8101866869601779,-1.6258062628411378,-0.9507875749216963
TCGA.BH.A1F0,4.339497407041803,1.0195328299281057,-0.3849226966625309,-1.369351129809664,0.7797146544593847
TCGA.BH.A1F2,-1.3281667320020103,-1.3594061892112181,-0.013338198314528076,-0.7107304684810135,-2.691016373951101
TCGA.BH.A1F5,-2.783109875063812,-0.8016712947084046,-1.9467379251433854,0.2554771977448262,0.28119321267799613
TCGA.BH.A1F6,4.442187837938423,-1.0637147764337436,2.1418635384256626,1.1576529639693713,0.2175093622306727
TCGA.BH.A1F8,-1.874253240200461,-2.736717469646808,0.1862745443101876,-1.720631643710308,-0.6316815777314095
TCGA.BH.A1FB,1.8873156090377674,3.7898135767102343,-0.8106630495108879,0.09959686780294576,0.17786494251847432
TCGA.BH.A1FC,4.4462614522380814,-2.522473486801021,3.0192615468458754,-0.5039317533497495,1.2024190917989064
TCGA.BH.A1FE,1.031849477837864,1.8681285036940674,0.7464057230569647,-1.7877710755838465,-0.24491205791297893
TCGA.BH.A1FG,-2.291444963718752,0.2449428136747957,-1.3177771338909605,1.2529058804699933,0.9140222589823115
TCGA.BH.A1FH,1.386257940789338,3.4779360777103148,-1.3796824323858592,2.5990540242211138,-0.012435576874970081
TCGA.BH.A1FJ,-3.4975410343086017,-2.0145635965350643,0.3789474707847613,0.7651134945666319,-0.6614001815101854
TCGA.BH.A1FL,-2.8567942465627842,0.436411021301256,-0.36007540712354597,-0.4392871922403687,-1.2836476140113833
TCGA.BH.A1FM,-2.336552134838865,-3.679869396226584,-1.2335943361991644,-0.5332516291128548,-0.6164980928899066
TCGA.BH.A1FN,-0.41036616928870967,-1.9865656564689873,-3.017644269973423,0.6912582438168197,-0.38394511335900383
TCGA.BH.A1FR,-0.46375760258829263,0.6512937024843091,-1.9433793140191995,1.0457510734302384,4.117074086544241
TCGA.BH.A201,-0.17462346595209144,1.5097403284854087,-1.705711252717047,2.433296129300444,-0.8666338085468576
TCGA.BH.A202,0.7406542152104275,-0.5241336608902488,1.6585173320884372,-0.5616844528617895,-1.4901627141121825
TCGA.BH.A203,1.0612661546500464,0.15106900539614573,2.651954905879807,-0.6596908760643823,-1.1543039862740814
TCGA.BH.A204,-3.6522027596605198,-4.242366110984671,1.5344199732996113,0.15758740639608568,2.592671278357089
TCGA.BH.A209,2.2231271927975165,0.562610776348433,2.7589854663603726,-2.3515744828026524,1.56171146693366
TCGA.BH.A28Q,-1.9121495492335032,1.6455511674020094,0.7954560526280682,0.9590356119827387,-0.47571625825006536
TCGA.BH.A42T,-1.7525759207897353,0.18695237626282413,2.4764631191177013,0.520984410438194,0.10690800068702551
TCGA.BH.A42V,0.44426990767572355,3.261799942205922,0.5919507759935377,1.0016429694207705,0.38927549940426914
TCGA.C8.A1HE,-2.6039400748561063,1.2329611629187232,0.4861920181854865,1.3618110131555519,-0.5132651392915142
TCGA.C8.A1HF,0.42905293889556007,-1.1932691784013227,1.0217032036100653,-2.1882995438743262,-0.6317077510409603
TCGA.C8.A1HG,0.19204478102862352,-1.7052524451139772,-1.0671090969947803,-2.9445829309335547,2.917540729312653
TCGA.C8.A1HI,-0.24799415216254617,1.11544784651453,-0.5563897935103145,1.9758796213079,0.3835167496131392
TCGA.C8.A1HJ,4.733573644972804,-2.57612300978035,-1.4346075388475754,1.066625682872201,0.5809103439734176
TCGA.C8.A1HK,-0.9658914046570242,-3.0443562272034095,-0.900893812066927,-2.6583387929685034,-1.3024103611087459
TCGA.C8.A1HL,-2.5159419847601616,-2.6670256265575856,-1.109939959383215,-1.6707093189574838,-0.03681073293988183
TCGA.C8.A1HM,-0.5052577469962163,-2.5671663724744924,0.1739645840912702,-5.350241290735277,0.3968912264913134
TCGA.C8.A1HN,-2.0509090940296106,-3.2233247475376925,-0.10981648458715203,-0.5191092024197286,1.0979849945377793
TCGA.C8.A1HO,-2.799917920101696,-2.0524219549945615,3.331334978376817,0.20917838458600732,3.6134745461829514
TCGA.C8.A26V,-1.5854035444312817,-1.4317409132879453,1.5148532546274627,-0.23786703155506153,-1.507904334467287
TCGA.C8.A26W,-0.353904227098833,0.7392635331722625,-2.4567240774342753,-2.1385867704127244,-0.09671802333322942
TCGA.C8.A26X,1.7137214123897258,-0.14610195209078816,2.0835585513754435,-2.885200329876586,-1.6896910577250865
TCGA.C8.A26Y,1.8194956343936652,-1.3346410106097233,0.29719311077310945,-0.7157809243567429,-1.0200360490209612
TCGA.C8.A26Z,-2.7143543783539084,-1.8438402707905392,-1.1379130575664433,-0.35732051262550374,1.1231474211196637
TCGA.C8.A273,-1.4584561288846514,-0.8446797749892407,1.2551151875493831,0.6627104392774315,1.122772098612503
TCGA.C8.A274,-2.6497312683005747,-1.2737293106914747,2.196954664714317,0.6854565995121371,-2.325413496231266
TCGA.C8.A275,1.1648749032567454,-0.5354472720611028,2.9334542464387034,-2.600054003518051,-1.06580164730806
TCGA.C8.A278,1.39906596122915,-0.5343314314011266,2.205111363981094,-2.802761911073669,-1.297006591965525
TCGA.C8.A27A,-1.8632328974252734,-3.5555745884048853,0.9012063626797714,-0.15257550382865384,3.9112744748328336
TCGA.C8.A27B,4.776254816606642,-3.0594123966330633,-0.4595738804085462,-0.5145030291999586,0.5935040321460543
TCGA.C8.A3M7,0.8718607952577013,2.3014526140510396,0.8595278182258423,0.5549715343073512,-1.5875363930741808
TCGA.C8.A3M8,-1.8735538996636438,-0.5108883237284574,2.9578075443400533,1.467954278189556,1.0596327977593039
TCGA.D8.A1J8,-0.8781202824395637,-0.9376491782113077,3.1587526327070505,-2.3996040479829612,-1.0026295149081539
TCGA.D8.A1J9,-1.3227454488489965,-1.306919005606309,2.184077714687667,-0.21700455705183788,-2.514640170142975
TCGA.D8.A1JA,-1.080124728112797,-3.7032600976384744,-0.2858689645355767,-1.6380949001089251,-2.8188460038888845
TCGA.D8.A1JB,1.3893521791697938,2.7372818463070403,0.09796939843657934,-0.597426814183348,1.1887028181244226
TCGA.D8.A1JC,-0.7107357935887424,-1.2463306041968756,-1.3618837264394887,-2.0215708555962344,-0.014504905841788849
TCGA.D8.A1JD,-1.1273495735554833,-0.9102312993022531,-0.391462908590042,-1.3109296760461664,-0.798387641721814
TCGA.D8.A1JE,-1.6158654682130642,-0.5740848338395201,-2.2127766206214927,-0.015928426316676434,-0.0726019445019301
TCGA.D8.A1JF,0.5453509608667186,-1.6491045865990086,1.6652085677073578,-2.520290287875439,-3.19732041841792
TCGA.D8.A1JG,1.557649410992076,-1.6018644482519044,1.655308952426653,-3.2170225463234474,-1.915463022533162
TCGA.D8.A1JH,-0.242411365050257,2.5941909540291,-1.2218480277717925,0.7851959863479171,0.2746842226740281
TCGA.D8.A1JI,-3.815383580162084,-2.094731580292894,-1.5545622478958359,-0.6377606415254808,1.9494550461725637
TCGA.D8.A1JJ,-0.9532748568445844,-1.254277738403474,-0.15413675865071153,-0.31459297298751576,-1.6816841606404342
TCGA.D8.A1JK,1.5155785776472783,-2.474541866106123,-1.2869002417437962,-3.339519385067791,-2.403796059467711
TCGA.D8.A1JL,4.269837831534862,-0.40437963037412594,-0.6655452490223238,0.08006583118725262,0.5571676437573714
TCGA.D8.A1JN,-2.985141729137199,-1.4022760387217728,1.4250367656749605,-1.7078555754308773,-3.2902301926703688
TCGA.D8.A1JP,-0.7205251254686007,0.12980728486159493,-0.29242278356564705,-0.0785607488828032,-0.875602358918166
TCGA.D8.A1JS,-3.5432960563636042,-1.7570091383404827,-2.7467325596734025,1.381230739331912,0.1853419697395707
TCGA.D8.A1JT,-2.8628071823404992,-3.7041507486601346,-0.34700806090611813,-0.9730168048306014,0.4280378791351692
TCGA.D8.A1JU,0.16281416904046378,3.296890636359135,-1.096083864810013,1.1853182429741351,-0.6147426362222556
TCGA.D8.A1X5,-1.8739384507926105,-2.5741831106204867,0.8078290724885304,-1.937319909609317,-0.4046009760939241
TCGA.D8.A1X6,-2.8139047089897606,-2.9435500868576554,-2.3108734771588746,-2.087022414410347,0.727754320107581
TCGA.D8.A1X7,-1.8634931827785748,-1.1768310998977587,-2.8287849978996813,0.020984017116989273,0.4142447318305409
TCGA.D8.A1X8,-1.36473258115716,1.9732387818412807,-0.2776862060191021,0.4428152574038804,0.28154121228433865
TCGA.D8.A1X9,-2.314203353741423,-1.988520906942249,2.072645800435298,-1.7210803451316377,0.6811463626325068
TCGA.D8.A1XA,-2.7977731038068434,-2.028928829385164,-0.7829195749410551,-1.4882050944697884,-0.3851715730140838
TCGA.D8.A1XB,-1.1843225713879035,0.9848727949034484,0.6066503294971947,1.8649590970143248,-1.3350170663444623
TCGA.D8.A1XC,-3.0595354855084183,-1.9202841854490034,-2.112442050693187,2.9017378419987656,2.461845569234714
TCGA.D8.A1XD,-1.5522721539040525,-0.7636617322659028,0.13452339368789715,2.425078954188711,1.0222023835543412
TCGA.D8.A1XF,-1.9026090975887573,-2.0601602915447197,6.395619857942788,1.897044567449144,3.9048304271151446
TCGA.D8.A1XG,-1.1129926838869084,-0.3317028673235204,-3.195869670872739,4.2689270455652455,1.8335816329785801
TCGA.D8.A1XJ,-0.6273536336901836,-1.6940365053052304,1.8772119963216172,1.212938094051814,-2.6374252403575285
TCGA.D8.A1XK,4.7363224923873535,-1.8666550214681754,0.07244000464252599,1.3867489900949335,1.35219572211397
TCGA.D8.A1XL,-0.31893719178140423,-0.5858610809192056,-0.1648488271476981,-2.5048273739080416,0.6185227583800101
TCGA.D8.A1XM,-0.2159724895691105,2.1980317175730675,-0.36430177971439687,-0.04403553750257639,0.6658963029129482
TCGA.D8.A1XO,-0.9975544935547249,1.2442436517784248,-1.1556722566673394,0.2889165689252385,-1.1234050593422635
TCGA.D8.A1XQ,3.798845498836995,-3.0704725223049674,-0.6950443507222654,-1.4211642673335805,-0.12511198560033832
TCGA.D8.A1XR,-2.7392543946886043,-1.3259387178311914,-4.879809134161217,-0.03042603787337482,-0.39471095041566995
TCGA.D8.A1XS,-1.867796840584291,-0.5057690491448937,-1.8639297769624978,-0.9217069988911706,-0.3862843619559643
TCGA.D8.A1XT,1.7210944005693516,-1.2729646462523458,0.6900851630052075,0.4839371515421231,-0.6940525066238458
TCGA.D8.A1XU,-1.4973328582414511,0.5005629693852239,0.3539284366455203,0.7567963455301395,-0.9065857807772163
TCGA.D8.A1XV,-3.11199345247382,-1.8934903960946383,-0.8912834019647905,2.350413701481694,2.2269398102471127
TCGA.D8.A1XY,-0.9598758205476717,-0.890603740788277,-3.3122874399408144,-0.1936854474440643,-1.2462480978834953
TCGA.D8.A1XZ,-1.1413407027275586,-2.8125542190087955,-0.7333384169254203,-2.9896716882872867,0.028766691870692838
TCGA.D8.A1Y0,-0.647054755272603,1.2790049805358226,0.17440099949440044,-1.5669441995629962,0.41725128651239574
TCGA.D8.A1Y1,-1.8641897744846927,-1.9094297537262164,-0.44716312538323244,-1.1722836286884266,-1.558388275433475
TCGA.D8.A1Y2,0.6690692169784187,0.6934297681002897,-1.6776298166330843,-1.6846784677960118,0.4908096642538236
TCGA.D8.A1Y3,-0.3792724867643974,-2.939067269187555,5.134059653623115,-1.5923854215124431,-0.23830523781281546
TCGA.D8.A27E,-0.9302411675382672,0.144630522868695,-3.8692672381838715,1.8639556852881811,3.7504043925147013
TCGA.D8.A27F,4.517284865902714,-1.6137093065529988,-2.0030954153437293,2.989100624945008,-0.5769352161759859
TCGA.D8.A27G,-0.5414492616589747,1.027192813606277,2.673447303699877,-1.089356622009107,-0.33158345943955664
TCGA.D8.A27H,4.022654676528645,-0.7789144280186794,-0.020553533643563392,3.655285276252265,-0.3005448031783376
TCGA.D8.A27I,0.9432707211173006,3.6123874502432396,-0.38217846559798063,0.38205978267298,-0.20935379606797885
TCGA.D8.A27K,-0.15958634216377163,2.626970997724512,0.3247276798584297,0.6734502056847917,-0.7601540273544427
TCGA.D8.A27L,0.08867768870230489,2.4359630486939325,-1.6776074503194012,-0.28739486070605197,-0.840177885459238
TCGA.D8.A27M,4.298358626954596,0.38703231739738525,-0.06662080278712237,-0.5542418869247859,0.7393574917816449
TCGA.D8.A27N,-0.4786531384157644,-0.30689514431588355,1.4879502089773229,-0.5507546655164555,-0.8378197495367682
TCGA.D8.A27P,-0.9560623118388689,1.7769535856075587,-3.246744473848748,2.6157897521397,-0.7561124699162249
TCGA.D8.A27R,0.7119740086249821,0.3772641565584125,0.5174019737301532,-0.3490834910581124,1.6534442175657964
TCGA.D8.A27T,-1.4743727261707096,1.286080079996062,-0.725778685986335,-1.9475797013812783,-0.6652069891510219
TCGA.D8.A27V,-1.1410017960992218,1.1562144751950094,-1.0190211138700798,-0.11091205419402,-1.563120810949021
TCGA.D8.A27W,-0.8417867884666286,-0.648600078516414,1.6317844886435642,-0.7974854421312805,2.651243824774671
TCGA.D8.A3Z5,-0.3483710336747437,2.7195152631119752,-0.9186009290218278,2.314003490902348,-0.6383731603096786
TCGA.D8.A3Z6,-1.6774596613327568,0.8492556069929666,0.02628832607956833,1.0186396046102495,-1.7599701318679906
TCGA.D8.A4Z1,1.2625678908231284,3.7792571398524264,-0.9504205165595669,2.3260185025668956,-0.13992011057929285
TCGA.E2.A14N,4.524269367006591,-0.9608675324681217,0.19047088813014504,0.5981162518156313,0.8895472344861254
TCGA.E2.A14U,0.6886904487328754,3.1611340650498434,-1.9056609715128412,3.5532197047734657,0.12703244171973058
TCGA.E2.A15I,-1.016099991329878,1.7320965507888473,-2.7263085343732905,-1.584841092633966,-0.20521844617295248
TCGA.E2.A15K,-1.2942876752686816,-0.3000473990093397,-2.7082104324716925,-4.0250928517161295,-0.3428975285821386
TCGA.E2.A1AZ,4.19515602335284,-0.27144324646764445,0.1921340076043092,-0.07302698873346714,0.513062821329987
TCGA.E2.A1B0,2.004141850323072,-1.4033618053803354,-0.9328882844936491,-1.6655986849511148,-2.1713847270943565
TCGA.E2.A1B1,1.643769315986607,3.089777099845629,-1.327821656558722,0.07244897018487256,0.24943093152719667
TCGA.E2.A1B4,-2.61717931326372,0.14252539166889566,-2.2380027564778158,0.9619736890267846,-1.4720938634513
TCGA.E2.A1B5,2.296671053627427,2.8422486842527963,1.408553666095216,-1.9496372425637511,1.807353336722958
TCGA.E2.A1B6,4.716138799818538,1.1041135955546615,0.20165524046732247,-2.007900490584234,1.9308725701479308
TCGA.E2.A1BC,-0.9909939380484366,1.4016531388578517,-0.6039850957756231,1.2927941732490884,-1.2206243262952716
TCGA.E2.A1BD,-2.382455193427607,0.9143345215159644,1.0723155073098978,1.7000196408564359,-1.7726440284075435
TCGA.E2.A1IE,-2.571303923918933,-0.821607355455439,0.8153821150680831,1.769555059111926,1.8999648120995336
TCGA.E2.A1IF,0.633083748613387,2.247791763102012,-2.2427172265025463,1.073141246050621,-1.2660683406225766
TCGA.E2.A1IG,-2.1458510478505186,-1.5904986209097303,0.028344552220979733,0.48071821040681356,0.5592138783334838
TCGA.E2.A1IH,-0.19156653229996948,1.920457716323876,0.17996071496623248,-1.7879728591463209,0.5188585905424912
TCGA.E2.A1II,4.0869542674398565,-1.9455797163208643,0.12656396616492677,-2.3197245266093844,1.6516360301291644
TCGA.E2.A1IJ,0.3290379010755625,2.6571272571256355,-0.33240035804359086,-0.28968696216586487,-1.2262464652669194
TCGA.E2.A1IK,0.23880231353318304,1.4849260895553182,-3.260963759822705,0.44262672978843703,3.099551499000987
TCGA.E2.A1IL,-1.8596121258275171,1.2915347836406659,-2.4467984473802535,1.544305830736372,-1.1971584756126545
TCGA.E2.A1IN,-2.1846304246452934,-1.0006811858934401,-2.7155225152143543,-0.17834643214542095,-1.9474068190283385
TCGA.E2.A1IO,0.06098248283836685,1.633311961919722,-1.0666313000937504,-1.0351933611395314,-0.44342486699884964
TCGA.E2.A1IU,-1.4210969704257514,1.3923530725143245,-1.6091648772137097,-0.016100375417608642,0.11606238019759867
TCGA.E2.A1L6,-0.8424178437620746,2.2656747864261355,-1.6459046404869642,1.4821266857363768,-0.14543812857062147
TCGA.E2.A1L7,-0.03921975648688689,0.2677055494852206,2.8794992930925165,-0.7664665790806704,1.9548689388172549
TCGA.E2.A1L8,-1.6158085118308545,0.13216971042703615,-1.6268548735797572,-1.2945398589938364,-1.4634851852450954
TCGA.E2.A1L9,-0.7243427077269703,0.3938179615411104,-1.0315277979389768,0.3992081632420451,-1.0429577157543173
TCGA.E2.A1LA,-0.5145427111721579,-0.23121510538855575,-1.0282044971524396,-3.1460876709418706,0.6316924932462842
TCGA.E2.A1LB,-0.3221993367036977,-1.5495267902978622,0.6611694386745318,0.2068923086407539,-2.4503685003170372
TCGA.E2.A1LE,0.8863244796510652,-0.03604156233004313,2.168599220439222,-1.8441407815676343,-2.167647550678214
TCGA.E2.A1LG,3.1338474746984315,-2.1548000729016636,-3.234911759099885,0.900849882062412,-0.3834052724594583
TCGA.E2.A1LH,4.726166704511049,0.3002367198723039,0.6118897130434015,-0.5412029346599093,0.9789207238218316
TCGA.E2.A1LI,4.555553796925572,-2.2278148068175443,0.21757017324317043,0.1656218354221059,0.46409173584262237
TCGA.E2.A1LK,4.003681023838965,-5.109969074590623,2.083538791081277,2.8021492157836745,-1.2349414993039822
TCGA.E2.A1LL,2.136943427151191,-1.9019602507141764,-0.4403732783445175,0.7935220834501916,-2.016565871142974
TCGA.E2.A1LS,3.7935106632217592,-2.0552653864678554,0.44131990730367326,3.5759554078404654,-0.915652876169093
TCGA.E2.A2P5,-1.7318737024845214,-0.5012181203422402,1.4315027697128313,-1.289279039469947,-2.049220299287589
TCGA.E2.A2P6,-3.1300980657617044,-0.0377021413618183,0.27447443426696677,0.20734257254498842,-0.6818662265936778
TCGA.E2.A3DX,1.1997508239872088,4.132791188604772,-0.31925764267947815,-0.4681791795593786,0.20625499171630016
TCGA.E2.A56Z,-2.887370714390205,-1.283537090517609,0.05983568219299738,-0.11966326005674943,2.537025688596315
TCGA.E2.A570,-1.214361575784098,0.9322324378978962,-1.3245250807076638,1.5760802423515423,-1.8066404609472098
TCGA.E2.A573,4.931650264125698,-0.9242482320238298,-0.42724916247042516,-0.534401336058474,0.4842251816655003
TCGA.E2.A574,3.8116748399588856,-4.3771021165028445,-1.9104050934482515,3.3735380758834115,-1.5074581117717907
TCGA.E9.A1N3,-1.4054311069357726,-0.02973668651459483,-1.0197006216235915,3.2000041884416017,3.9932725699679357
TCGA.E9.A1N4,-0.9045195842917426,0.7684647569308468,-3.132012541995903,-1.5722819855507848,0.3224223085390103
TCGA.E9.A1N5,-1.0669675959410487,1.3645864358839777,0.4566072311952885,-0.3597593168995479,1.039759677194481
TCGA.E9.A1N6,-0.3463118693888845,-1.7049558443523778,-0.4749112396527247,-0.17768289797916845,-1.9236314358905617
TCGA.E9.A1N8,4.232812933960088,-2.70837234897765,-2.3253908029879837,3.681062811949358,-0.2881499029587334
TCGA.E9.A1N9,0.40775582488998174,0.05190354560834708,0.25930228251768167,-0.34291367116444116,0.11886965131372208
TCGA.E9.A1NA,-1.1480405869174266,-2.0027797691582516,3.8503970098708424,-0.12793051107739906,-0.4156905870262838
TCGA.E9.A1ND,3.9827651570979126,-1.5057539029179332,0.8289327696575673,-1.7080180166146244,-0.8100266538901874
TCGA.E9.A1NE,1.997613266543601,2.702699698625153,0.6234322190434448,-1.288405250224098,1.8320727881343402
TCGA.E9.A1NF,-0.9472435664544943,-0.772732295521868,0.3711845007302376,-0.6999584966204455,-2.069505282814122
TCGA.E9.A1NG,0.6207412837714732,0.047219958699522,-2.0959595130880664,0.259456783042518,-1.1366948848132403
TCGA.E9.A1NH,-1.231207523702116,1.1271320560831186,-0.20243623100487987,0.9735197613925909,-1.3913466618971084
TCGA.E9.A1NI,-2.569244536925808,-1.5710093968660486,-0.1613646964208443,-0.6282447095520666,-1.6254418275819993
TCGA.E9.A1QZ,1.4549937434401965,2.7907140959945034,-0.25658473385809233,-1.0795801992665892,1.500327516734697
TCGA.E9.A1R0,-0.532267149175359,2.5225489753314023,-0.007221761865830768,-0.1845273928159646,0.8622101647483579
TCGA.E9.A1R2,-0.2729852760669367,1.0285499594026064,1.2691911299572165,0.8150156830957763,1.9610224490774146
TCGA.E9.A1R3,-0.8018621444723683,0.1514188508757396,-3.763287973173948,-0.25956086646927723,-0.8434063862372354
TCGA.E9.A1R4,-0.07127495162971303,-0.1836308001648358,-0.3682294958466672,-2.456472291600215,0.33118829899658964
TCGA.E9.A1R5,-1.9868759201850146,-0.8210669631187792,1.4579680502879375,0.7530316381576428,-1.368876156193771
TCGA.E9.A1R6,-2.8503015795552216,-2.0104472785631446,2.0162405848435525,0.7103152649689668,1.420513717823478
TCGA.E9.A1R7,-1.6183330606567738,-0.9934880926885905,1.4412601200006907,0.9426161901954752,0.43700863398677653
TCGA.E9.A1RB,-0.3752663497429098,-1.3246654572219694,-2.671705918636004,0.4067450811399257,-0.5984242737817101
TCGA.E9.A1RC,-1.9214967017946034,-1.1989018468019181,3.8902248134216406,3.037221032175209,-1.7178401542837958
TCGA.E9.A1RD,-1.593278293394631,1.0643237433571815,1.5444862942787132,2.168746054302026,-0.27307669743778
TCGA.E9.A1RE,-2.8350598116274957,-2.388617635388715,3.0910149996606693,-1.7631657027930148,0.595073324164612
TCGA.E9.A1RF,0.23926846207359206,-0.3990302411401572,4.180833315535394,-0.9623392585109579,0.6815689081998196
TCGA.E9.A1RH,1.4352902669659964,-3.1363110360379722,-0.7366305983927189,-0.452946391360465,-2.7587489759391715
TCGA.E9.A1RI,-0.6472202753186995,1.4508303274873975,0.06153324270578402,1.225338372007908,0.4278997058488554
TCGA.E9.A226,-0.18928064369398934,-0.35435738050488913,1.7964877710970633,2.070811245475122,-0.9838821541100559
TCGA.E9.A227,-0.315590350444793,1.8001012726510226,-2.5685536741419,-1.055013266896287,0.9535178520360246
TCGA.E9.A228,-0.9684849160466759,-1.5413719757155284,5.266123526379674,2.176527877375988,3.0275759658995045
TCGA.E9.A229,-0.8554114417825767,1.0102474194140778,-1.2979758146673668,-0.40581847926759473,-0.049432634563271925
TCGA.E9.A22A,1.340577114183346,1.2018166587633885,3.6305361102116005,0.057044877729672136,0.9931748687783739
TCGA.E9.A22B,-0.2314433582876907,0.2972582878537909,4.258723269462162,1.8414959506312258,2.044699453799121
TCGA.E9.A22D,0.6305907288028895,0.4202893851041032,4.707330392004442,-2.632351306468492,2.786411460842088
TCGA.E9.A22E,0.48121254194381635,0.427015133456819,0.6269679711077446,-0.6267742127762117,-0.3957777193025706
TCGA.E9.A22G,4.750231902753026,-3.4709272119080516,0.23562791156927118,1.8040544708435335,0.580433339402834
TCGA.E9.A22H,-2.041406076904043,-0.17491202690805038,-0.9342082776375102,-1.191067172914599,0.254619724050167
TCGA.E9.A243,3.9083117017731888,0.1833430697662997,-0.5667286743277103,-2.7067020498316445,0.5037037619768238
TCGA.E9.A244,3.95408758086078,-1.5854081281461458,-0.6454610284052767,2.0832602285420307,-0.37777729682657984
TCGA.E9.A245,-1.6253479274469755,0.3466675396670573,-3.8780627636805813,1.9557865873406992,3.2553482425270257
TCGA.E9.A247,-2.2109009130697146,-1.028533910660286,2.3589721240743757,0.9755618332266311,0.41795852661467736
TCGA.E9.A248,2.8344837567293215,-0.40564199990543687,-0.4722500871038804,-3.6640014974457413,-0.05189818967106393
TCGA.E9.A249,-1.669081811349085,-0.1780266894659116,-0.5067696275707284,0.29799718346125137,-0.8336847423206455
TCGA.E9.A24A,-0.4174462949727702,0.06473172824494121,-2.593552173739382,0.7199795741839671,0.4285103382015675
TCGA.E9.A295,-1.0078301919242263,0.7607423137874896,1.4942350804953428,-0.010474157200415047,-0.5314262172201536
TCGA.E9.A2JS,-1.5549597880030446,-1.6616277715859342,3.829243762438766,0.5102367377301769,1.1760959850846073
TCGA.E9.A2JT,2.915260568980689,3.2978999903545905,1.458212725693828,-2.8580131704056644,1.9442803915732787
TCGA.E9.A3Q9,-1.8924502353537243,0.12797629873453648,-3.6106337803168227,-0.9301554927613395,2.0064618738308266
TCGA.E9.A3QA,4.642874768319193,-0.2721075538575231,-0.08455090639932557,-1.2481883899891566,1.4546038421021719
TCGA.E9.A3X8,1.0100765784519443,3.520078023878599,0.3279115348171729,0.6407524477900288,-0.547533588005019
TCGA.E9.A54X,-1.8786281149375879,-1.5129956347881233,-2.980324943235612,3.7977615646426672,2.4828874945604333
TCGA.E9.A5UO,-3.951004966688129,-4.1841294647001135,1.6855467203147794,1.5358325618619317,2.9689020730245805
TCGA.E9.A5UP,-2.5023068855230672,-2.667012382522913,0.7360746927429113,0.7289397118862055,-0.41883120292571374
TCGA.EW.A1IW,-0.2169089483990185,2.0115462189499635,2.472317532001309,0.5485365695706891,-1.0692273623221988
TCGA.EW.A1IX,-0.6932771315624173,1.728581449233383,-2.491707009934168,0.41321741722351363,-0.30130663609416514
TCGA.EW.A1IY,0.6118568405562379,1.6810150951436096,0.25025685687399574,-1.000444243541761,-0.0024918989817041223
TCGA.EW.A1J1,-2.3709323637946507,-1.0605619213255308,-3.4279761658640555,-1.9803626552906453,3.287144324921726
TCGA.EW.A1J2,-0.25934762827781643,2.6153890990296915,0.09532854351876145,0.8481900726962244,-0.8951198791886743
TCGA.EW.A1J3,-2.2640364450769517,0.5129001215046554,-0.7395327049093782,0.17103464184150838,-1.1832711831392995
TCGA.EW.A1J6,-1.126191135239328,-1.3591164472407453,-2.2852992441717506,-2.1444405569843523,1.9429745547144581
TCGA.EW.A1OV,1.2233840604264576,-0.3232783983271018,1.0348864711496557,-4.473475476173883,-0.18414391562063107
TCGA.EW.A1OW,4.174799313830332,-2.1113544018500203,-2.9078832525819216,1.2889728948258623,-0.924284163888339
TCGA.EW.A1OX,-3.381320127976051,-3.7330570356065738,2.9349271288578946,2.817883940343526,3.9197201770865013
TCGA.EW.A1OY,-2.086574283660236,-2.500873052588919,-3.309373670516288,-2.213521585170352,-0.1368773434417352
TCGA.EW.A1OZ,-1.7073543142844918,-1.795850792669716,3.2570655842872607,-1.5702587373599486,-1.0819845461940825
TCGA.EW.A1P0,-1.7612204346127804,-1.5708660055783346,-0.34381387179740286,-0.5791248985626589,2.328146956854604
TCGA.EW.A1P3,-1.4931165047350958,1.3328140815196294,-0.4884252718342077,0.6059711923326034,-0.3681776126266665
TCGA.EW.A1P4,4.257135868041054,-1.2168724478113344,-0.8454266714568397,-0.1765286750574727,0.6464393469835813
TCGA.EW.A1P5,-1.8474278581685284,-0.49183126596290383,-0.2040442263740366,-0.15677187705839787,0.862131003971687
TCGA.EW.A1P6,-1.8078020390815597,-1.0317046652171993,-3.116148441006682,-1.203428139362295,-1.2107361687907168
TCGA.EW.A1P8,4.288752097211281,-1.6034894748057489,-1.8691731757981438,0.9821611510331697,-0.03254052671914675
TCGA.EW.A1PA,-1.068482184703142,0.2179960738714936,0.30843333469145656,-0.9743731200978631,1.1065966679728407
TCGA.EW.A1PB,4.292141869705512,-2.1324878680147923,0.7311363383406616,-1.5184738358812617,0.7380471264150062
TCGA.EW.A1PC,-1.558563098591815,-4.12755428957526,0.7809539182659194,-1.79833804782831,-2.745288487206379
TCGA.EW.A1PD,-1.1520452009512627,0.33656080106317515,-0.07216914124258951,1.6549247769200794,0.4484288206253909
TCGA.EW.A1PE,-1.4199567004467306,0.8202165884380889,-1.5184240555522726,-1.6215414313541068,-0.5595761748347046
TCGA.EW.A1PF,0.2122521712771699,1.7369147304765766,-0.22887235306636014,0.34117724112766257,0.43518376617137433
TCGA.EW.A1PH,3.7881117759089507,-3.031499635506504,-3.222101403900758,-0.2507250420090896,-1.183178853442436
TCGA.EW.A2FR,1.385336384830556,0.1085446709556494,-0.4893715729112357,0.2987155537937608,-1.2886623021124626
TCGA.EW.A2FS,0.26946968528045395,1.1473508042021978,2.0183218622249317,-0.5255871257422897,1.470066333232789
TCGA.EW.A2FV,0.28580116865802424,0.56354835230845,0.3400434123425556,-1.3543170124418318,0.3291285112599565
TCGA.EW.A2FW,-2.586650486316568,-1.460898707542525,-1.2551570838671688,0.07281590519433812,2.6758460647520272
TCGA.EW.A3E8,-0.18790106953499303,2.6234799281211933,2.0932841120044103,-1.4097269775271737,0.3760858171516645
TCGA.EW.A3U0,4.3529817291375,0.34815020693741633,-0.8427632126636038,-1.8294412887374443,0.9444322205342848
TCGA.EW.A423,-2.582072468940766,-1.2386873823681785,1.3353778406693493,-1.2439650231596107,-1.0295690911553368
TCGA.EW.A424,-1.6942119359408796,1.5243633055639023,1.186850971117773,2.9105095773195977,-1.3752767671336275
TCGA.GI.A2C8,-0.8442033888555134,0.4119211788647501,1.9713195270550343,-0.1746512625334254,-0.5204591064115379
TCGA.GI.A2C9,4.163786611541242,-1.9071860756090415,-0.6805010856069061,2.9589106832951098,-0.8200254172079213
TCGA.GM.A2D9,-1.9702130592327685,1.0018714634723918,1.3462565160144935,0.22638511040933665,-1.0800850580200583
TCGA.GM.A2DA,-0.272044324626931,1.8779217991228363,-1.1917939806199194,-2.2277532194877403,-0.38449265363903284
TCGA.GM.A2DB,2.0809362078367553,-0.6268258318460282,-0.0964774798423206,-2.257174377132924,-1.6235419428406277
TCGA.GM.A2DC,-1.8580540232145568,-0.2324148269779351,2.4260672959579286,1.2137192100039338,2.482020794283665
TCGA.GM.A2DF,4.133331263273565,-0.5392253564174001,1.026438628931671,-0.6213102909805186,0.5135434979228217
TCGA.GM.A2DH,1.42292975502734,-0.012558908062805844,1.538564993348522,-2.441052860149495,0.28910923405876654
TCGA.GM.A2DI,2.025275712165754,3.395806800770065,-0.007364280962157247,-1.6512080315906452,1.4253538326405413
TCGA.GM.A2DK,-0.05401056849273409,2.0063717274427386,-0.16175532960336797,0.6796128276497303,1.4729930202255868
TCGA.GM.A2DL,-0.6213142650998004,0.4354043065954179,1.1017885010142032,0.20130102590804957,-1.251156233715534
TCGA.GM.A2DM,-1.2197293916844758,-0.22274330712646853,-2.3877142880190814,2.3145195139691497,2.8684527645699935
TCGA.GM.A2DN,1.1080348102720712,2.3261073302890845,0.7384171615963516,-0.9686930402354084,-0.4059713515249809
TCGA.GM.A2DO,1.9121396158532584,1.4093326435286258,1.3664685457748635,-3.73857080498789,2.7715282872266047
TCGA.GM.A3NW,-2.067932402544822,0.7429110393975858,0.9276672478546166,-0.10531747596342898,0.3751631122137597
TCGA.GM.A3NY,-1.681417476827247,1.9252113875323225,0.7669243423864681,1.2269849828693238,-1.2649766404974383
TCGA.GM.A3XG,1.6363141703557622,3.4275524580328467,-1.9315422850248503,4.556289880419945,0.14941388085685908
TCGA.GM.A3XL,4.407198918990347,-1.8205417880582857,1.4937272223497502,0.11340659441826825,0.7796435270697791
TCGA.GM.A3XN,0.8639527002977434,3.560823936502478,0.19942460694005465,1.136882147339806,0.0018714720320711416
TCGA.GM.A4E0,1.284909994013495,3.084363299690541,0.39014775242003036,0.5334674656499854,-0.28588305827442473
TCGA.JL.A3YW,2.0154989751058947,-0.1535566449682401,1.911219810388023,-1.1421586627450746,-2.7692797198539982
TCGA.JL.A3YX,-1.8168645567767225,0.29971798071107464,-0.9634882001061591,0.8776751633571711,-1.7585065141814178
TCGA.LL.A440,1.829023677381509,3.8586860163411463,-0.5865693152615493,1.793432568754267,0.17534314230189943
TCGA.LL.A442,-2.6094295342441733,-2.2336725875145946,-3.224976767168809,1.011725784824355,2.1274545856064857
TCGA.LL.A50Y,-2.2095363445751017,1.0106348969953367,1.2042436612716452,0.22935562554370925,-0.42581549911495326
TCGA.LL.A5YL,0.122745580199391,1.6062263588505448,3.017800960662004,0.2729359489415093,-1.636907285012975
TCGA.LL.A5YM,-2.3801217193760364,-1.4022293014990177,2.896610046857294,0.4989412725028739,1.7282928649715632
TCGA.LL.A5YN,1.121388283146077,1.737806384751709,0.2765260326028509,-2.9098112389045943,0.230003549216758
TCGA.LL.A5YO,3.594007088133665,1.3092924464206361,0.8441304305701386,-2.5831805940788097,0.49482963794047624
TCGA.LL.A5YP,4.191358298994943,-0.5426577360692685,-1.1693356427125992,1.6716863610839743,-0.24174535444120945
TCGA.LQ.A4E4,-2.5270576391762933,-0.49284734999269136,1.2255187287096927,0.8755657382293464,-1.7959698505381299
TCGA.OL.A66H,-0.9853984724833623,0.006902778307669595,-1.2445146274087329,-0.6193878112682508,2.6154755939285566
TCGA.OL.A66I,4.564656510204974,0.20511151514663484,2.094510177058339,-0.49977296280184996,1.2716240428591743
TCGA.OL.A66J,-1.236188937795503,0.5466767038952667,-0.17515353860198415,-0.21526441813443975,0.12930738406635273
TCGA.OL.A66K,-1.9963797622347277,1.0151090494720927,0.2107995034935427,1.6042403085026118,-1.3683046472049807
