,MOFA_miRNA_Factor1,MOFA_miRNA_Factor2,MOFA_miRNA_Factor3,MOFA_miRNA_Factor4,MOFA_miRNA_Factor5
TCGA.A1.A0SF,-0.9121280542149053,0.09846616698349196,0.2804738183320964,-0.3973197431543757,-0.2644706412809769
TCGA.A1.A0SI,-0.7381815360930232,0.8655774658972324,0.620368907383546,-1.5803265466305814,-0.06384078376338295
TCGA.A1.A0SN,-1.0888393085014794,-0.8592357450613863,0.822145831365714,-1.6443080930978708,-0.2057424396769274
TCGA.A1.A0SQ,-0.611485388726393,-2.6252147132617623,1.7594988686085788,-1.2459483551798591,-0.22287373548582767
TCGA.A2.A0CK,-0.8708839122560483,0.2106990081194514,-0.2862059977350509,1.301415032487904,-0.3152684112657093
TCGA.A2.A0CO,-1.4726599681171795,0.05320084945906564,-0.43746140832039815,0.8724622792859473,0.20869719519950092
TCGA.A2.A0CR,-1.5441690967859687,0.28121788297232414,-0.7778186961218448,1.0028688267903312,-0.33596904171795966
TCGA.A2.A0EP,-0.13487014056383112,2.814315663051089,-1.025354425209312,1.681972938390958,1.077627459517766
TCGA.A2.A1FV,-0.36834628226860083,-0.2864796296526035,0.5326044104447658,1.6455028602148842,-0.38240224373820386
TCGA.A2.A1FW,0.22862546730071134,-0.6123676653344241,1.336248064271884,0.8321501534289845,-0.1502528023275926
TCGA.A2.A1FX,-0.8154556590499519,-0.8255766417539798,-0.5126338530862273,-0.18664535910182123,-0.4222592050345807
TCGA.A2.A1FZ,0.36219894861931273,0.5503090010968454,0.6386577947893299,-0.906626831094768,-0.13124783805325546
TCGA.A2.A1G0,-0.9921070834876679,0.02114882257552729,0.8354898221152285,1.0776239606624083,-0.017827960000700777
TCGA.A2.A1G1,1.555762374675486,0.7658221880689996,0.14817019174997978,0.9671587794242987,-0.6612173074136407
TCGA.A2.A1G4,1.8468015399599278,-0.019803561809010977,1.5733212583281801,2.5853649518955897,-0.49173403086226425
TCGA.A2.A259,-1.4111100403481345,-0.14913440015100937,-1.2384529768123387,-0.8779001008606125,-0.3753491388685721
TCGA.A2.A25B,1.5827839841282034,-0.4607282566442253,0.6645387794899674,-2.082958153967009,-0.7973442206693994
TCGA.A2.A25C,1.4580362684243118,0.3848616126388039,1.3373665259660708,-2.248402081523164,-0.5242439275424272
TCGA.A2.A25D,-0.6993356535723521,-1.543151302276856,-1.3454379822150446,0.9863393080671073,0.8025342087696392
TCGA.A2.A25E,2.090714040783138,-0.2453894426138287,0.5199199593638694,-1.9058452654480147,-0.8816990270920998
TCGA.A2.A25F,1.996958443793448,1.3909216619443938,-1.8602037608011421,-3.026692558824965,0.7376197549775332
TCGA.A2.A3KC,-1.5189880848946213,0.6161798155409016,-0.8710620589417909,0.504215572381136,0.08596566405018724
TCGA.A2.A3KD,-1.3037715045053562,0.6163244023852582,-0.7215684381531084,0.9884457410992138,-0.19482642891197813
TCGA.A2.A3XS,1.8917965204361726,0.6422841365722716,-1.9502387876041856,0.48521205116583893,0.42412362133852805
TCGA.A2.A3XT,1.7364744976118907,0.4991159958841312,-1.8274615353737529,0.7514635214250441,5.250812155966027
TCGA.A2.A3XU,1.9203549409357454,-1.4397214875331017,-2.2475631855143297,0.29628520327737384,0.17018760752898968
TCGA.A2.A3XV,0.5273639518014593,0.4514653803563267,-0.5754447138604989,0.2181224493579427,-0.18102468370175395
TCGA.A2.A3XX,1.6051345973202835,0.3607149535674913,-2.296385818474363,-0.5724670229638099,1.461922714115834
TCGA.A2.A3XY,0.531344361572661,1.0378611657023773,-2.2671738261020704,0.05834694370417465,1.5537385609120935
TCGA.A2.A3XZ,-0.7791266566803561,0.05402706569517417,-0.9098787140859598,-0.38156638759191813,0.1355730426664813
TCGA.A2.A3Y0,1.7991547436614126,-0.36455936014233015,-1.9271458645704151,-0.025403008377005185,4.016052392090415
TCGA.A2.A4RW,-1.671790415442904,-0.9492986948451906,-0.7717950826092727,-0.6744380062795624,-0.11440790918785763
TCGA.A2.A4RX,-0.23398386519720404,-0.04436130898534493,-1.2771080795856051,-0.2941033263876479,-0.6159568326922982
TCGA.A2.A4S0,-0.7418951575954621,-3.2643426527009156,0.7203207076482376,0.25632178114604404,-0.18452356937911593
TCGA.A2.A4S2,-1.0025423517067322,-0.39368974929066747,0.3320605752189326,0.5432620903376519,-0.08938709926086327
TCGA.A2.A4S3,-0.0429413353442103,-0.42362957261595274,-0.9735648513083863,0.06930265810032096,-0.4952890215393073
TCGA.A7.A13D,1.2880448507153024,-0.0288941187714971,-1.452137240444179,-0.43323110509623236,2.6983328999296416
TCGA.A7.A13E,0.647534864053071,-0.17240192517782266,-1.1933809561742326,-0.11516615021192769,-0.10111121909703435
TCGA.A7.A13F,0.5621373104165677,-0.47506243049746555,0.1690806872578027,0.3939976351908052,-0.15243601060016704
TCGA.A7.A13G,0.03875696928933447,0.44967546066091135,2.1887587969138673,0.8945384444821384,-0.11890571813399008
TCGA.A7.A13H,-1.3872634457998319,0.2906071715472934,-0.5842469455873526,0.7392095128677814,-0.19545972618101679
TCGA.A7.A26E,-1.6694782311887781,0.29219165503961636,-0.044648951339260265,-0.9555457014624406,-0.2925835042045257
TCGA.A7.A26F,1.2155945424204588,-0.2787841311619254,-0.2441303223037351,-1.0602654905099673,-0.7080310964871838
TCGA.A7.A26G,0.19576551737205522,1.3953340840689696,0.05576807742686039,-0.9946474310808296,7.876505593060167
TCGA.A7.A26H,-1.9882957949210338,-0.8527543571890039,-0.894820834535494,-2.180904809491024,-0.37769200496608146
TCGA.A7.A26I,2.1187781325103394,0.9114086884707179,0.047804064310775427,-1.4185039002912998,-0.8209903499756402
TCGA.A7.A26J,-0.8492392976564396,-0.0233288631679888,-0.24307186243166978,-0.7817752170027735,-0.3329217963716997
TCGA.A7.A2KD,-0.0009063033205323127,0.6884142457095731,-0.8635300661647254,-0.05602500443099463,-0.559895280779188
TCGA.A7.A3IY,0.7490289959692104,1.1072357831607913,0.1179632017987692,1.0121619484809155,-0.217994422030595
TCGA.A7.A3IZ,-1.524977170993256,-1.7502472846152963,-0.8129297564575039,0.46114290085216925,-0.3358739619380872
TCGA.A7.A3J0,-1.0523913610868725,-3.224515363760686,0.37195151440937335,0.11889791342901038,-0.293851547751041
TCGA.A7.A3J1,-1.81392453772735,-0.5575098551162971,-0.6659442247534744,0.7350744430978007,-0.1671274567444258
TCGA.A7.A3RF,-0.12969971821433401,-1.7469601523987521,0.185411748370324,0.04493821406302767,-0.4841817142837893
TCGA.A7.A425,-1.3978101478605809,-0.2645033060194448,-0.4915191004555577,0.5891654230359205,-0.044259410219283486
TCGA.A7.A426,-2.6306318029295235,-0.618133872000187,-0.669329833082996,0.47276753475513206,-0.17222476587587834
TCGA.A7.A4SA,-1.131331889194476,-1.1373824990398729,-0.49525511479603224,0.4558167101451621,-0.2610528721775892
TCGA.A7.A4SB,-2.2604293003129023,-1.865500939559841,0.014457831167896971,0.7046582499862851,-0.12103473234256328
TCGA.A7.A4SC,-2.337115099870515,-0.6012583462464235,-0.3556839687003676,0.4970680375435208,-0.034517008036567175
TCGA.A7.A4SD,0.08165512599491632,-0.8080059116525081,-1.2061421961764314,-0.02826022817454609,-0.6780672693242618
TCGA.A7.A4SE,0.1508306186476522,0.9428753346843716,-1.0814325977397683,-0.16170318308906542,4.9793465735785425
TCGA.A7.A4SF,-0.8846993383319807,-2.5046396601571805,-0.5240701801986847,-1.2114912874811115,-0.41782155376416347
TCGA.A7.A5ZV,2.0584242219969644,-2.0302524947857905,-2.33648615287562,1.4120146793686397,1.019205840782633
TCGA.A7.A5ZW,-2.545847218820661,1.3691896250651303,-0.8777571731576388,-0.36839928527813665,0.010073622272101693
TCGA.A7.A5ZX,-2.977746313459252,-0.7905960306502586,-0.49645062626106223,0.13555234996007393,-0.0891606381592594
TCGA.AC.A23C,-0.07569576346802032,0.4649814089010873,0.9664404272629767,-0.503636637537244,-0.3405988575658881
TCGA.AC.A23E,0.20375970289895676,1.4403506865697857,1.2407169495986283,-0.45076292475250707,-0.4678590337907545
TCGA.AC.A23G,-1.541587316310861,2.1178236820775354,-0.6845391674515604,-0.1178943867656516,-0.3966467126153872
TCGA.AC.A23H,1.1771789094476428,0.20606158386533854,0.6704496679358236,-1.6430828451664217,-0.7327656137722246
TCGA.AC.A2B8,-0.569474901359149,1.044139238460161,0.24764480500207278,-0.19791338877047002,-0.36501461446939737
TCGA.AC.A2BK,1.9078472082214921,-3.4093179334199637,-3.2924353641647857,1.463297475591334,-0.5958998434050754
TCGA.AC.A2BM,-0.6604465972127455,-0.059254891842229505,-0.8672422465480956,0.27493542363456247,-0.5599605800685501
TCGA.AC.A2FB,-0.6574909985988295,0.6720576936620439,-0.9830789047181889,0.8505517260338042,-0.08296372590495696
TCGA.AC.A2FE,-1.5825549031206156,1.3387842750858978,-1.2173943096735544,1.1647376072752524,-0.0862505512299626
TCGA.AC.A2FF,-1.558685932468408,1.3862465981845546,-0.34372610299155854,-0.32910059264125974,-0.1711811914713304
TCGA.AC.A2FG,-1.9831859070754232,-0.6162990491208356,0.647611856851584,-0.31295932182454644,-0.11151398086895034
TCGA.AC.A2FM,-1.2137197884469801,-0.06230864705645929,-1.032039732467326,0.6447756983240519,0.955984373063865
TCGA.AC.A2FO,-1.6443944070804066,0.32425191483767624,-1.0557231547382493,1.0072523760105576,-0.33303262262925787
TCGA.AC.A2QH,0.058460925981362814,6.2430092916553335,-2.3213470439311363,-1.353060004352123,-0.3707143263552261
TCGA.AC.A2QI,-1.8616106186258679,0.16311435414726988,-0.8010322911256307,0.3868771107225408,-0.119370990201045
TCGA.AC.A2QJ,-0.03113151350610647,3.075050916219443,-1.5687728978103022,-0.15142077026048895,0.4609542458887565
TCGA.AC.A3BB,-1.9823338986682757,1.3011943258294094,-1.041975254409436,1.0757446173286822,0.30874611061895596
TCGA.AC.A3EH,0.8549664601633877,1.7593892593506113,-0.22123453503155488,-0.4630759886799708,-0.7660269965334796
TCGA.AC.A3HN,-2.44561709486627,0.9213857501537926,-1.0531219163707608,0.25031536157648515,-0.2570698969249565
TCGA.AC.A3OD,-1.370226119191347,-0.982689915678871,-0.78538274314033,0.37188196731043976,-0.14286216861646286
TCGA.AC.A3QP,-1.4032288371240613,0.5891917541680252,-0.7731297754847127,0.23514544680486926,0.3071688057119701
TCGA.AC.A3QQ,-1.0565421999424864,0.3003830400548377,-0.4686458647035124,0.378012555784564,-0.31553876043760537
TCGA.AC.A3TM,-1.1575937781944277,0.536156554395692,-0.46591406870461194,-0.14065612554108808,0.42788534931065186
TCGA.AC.A3TN,-0.8037994719485364,0.7988571405218102,0.1660475726070155,0.31996295216296494,-0.2756615021314018
TCGA.AC.A3W5,0.6460871957052389,1.3519372493826132,-0.7250678497538872,0.6219163699358108,-0.7650751526257613
TCGA.AC.A3W6,-1.2605728452191465,0.8932859874420914,-0.7581128167299226,0.7030601818388146,-0.45991482382196053
TCGA.AC.A3W7,-0.9072845756648641,0.8226959919283503,-0.09843806403571806,0.5607512871841559,-0.006470553665031603
TCGA.AC.A5XS,-0.560893002872023,-0.3983228495665043,-0.41634992163366946,1.2782274572450678,-0.40741598692928266
TCGA.AC.A62Y,-0.5052010448570631,-0.7993537896056807,-0.04077652431460103,1.0592370958951802,-0.351538885397087
TCGA.AO.A1KP,0.21417511085622873,1.0788726040982788,2.1663083518895325,1.412744821597135,3.2015185129195456
TCGA.AO.A1KQ,1.1781249010003778,-0.3326255211087115,0.3221651235793611,-0.7569274644073042,-0.6483524615612153
TCGA.AO.A1KR,3.5629682750726466,0.619649432518738,-0.6339536928742291,1.319657021955002,0.9189131907381923
TCGA.AO.A1KS,1.1673851940450288,-0.6098622316450827,0.15676513028342975,0.05998059904640229,-0.3921297229142151
TCGA.AO.A1KT,1.0095064362344064,1.5359002574166072,0.9770326260294057,0.7745878383531003,0.8417477553580528
TCGA.AQ.A0Y5,-1.9862177376080692,0.1995103666553175,-0.944600072991625,-2.3599598511221678,-0.30911199865683714
TCGA.AQ.A1H2,1.3698325124443544,-0.8253455075900175,2.2973913345179358,1.6610367042197516,-0.4306417884306659
TCGA.AQ.A1H3,-0.37000227687493725,0.9862544150955822,0.8837049402375812,1.3572852721400661,-0.28887695258465534
TCGA.AQ.A54N,1.6675347703427243,-5.008963542769338,-1.8032923633096007,1.5732811023232265,-0.922519248356599
TCGA.AQ.A54O,-0.7364765302222551,0.18792079432582506,0.3092363427850065,0.14065067311947674,-0.24618204049680048
TCGA.AR.A1AI,2.7215605656536908,-1.6483726280093318,-1.2626418122867111,-0.38226831996614863,-0.90284623949531
TCGA.AR.A1AJ,1.9274514281434685,1.9800468548731625,-0.3759635784614239,0.1492721368874914,0.878023290418861
TCGA.AR.A1AM,-1.4519261907023429,1.111807290979818,-0.7447109415780411,0.09433268560182907,0.22848448279764363
TCGA.AR.A1AN,0.6958316619219196,2.9243501856130916,1.010256835859066,1.1147729243413025,-0.17708599102724806
TCGA.AR.A1AP,-0.12004070882316993,0.1314899617381878,0.4093874334629478,-0.4073455168764654,-0.5510728568072466
TCGA.AR.A1AQ,2.6589334336444455,-0.5976886054703537,-1.1812510157401879,0.26191152681339125,-0.11249502890995368
TCGA.AR.A1AR,2.5194335465374147,1.7400402101557906,-0.048751991637608745,1.4237742316221171,1.282175243207151
TCGA.AR.A1AS,0.6183604347667526,-0.10114554148131825,1.3323897398870417,-0.29804463864887737,-0.3070895266076468
TCGA.AR.A1AU,-0.17450701750800163,0.2672732597231276,0.4543291305341899,0.8296585436074002,1.8516010740648925
TCGA.AR.A1AV,0.03127678072458508,-0.13642375222970957,1.9533691781780176,0.9352081298050975,-0.01874803811204871
TCGA.AR.A1AW,2.126264681634912,0.7533177482572657,0.7605470207131354,2.1011607877730296,-0.1965436590451804
TCGA.AR.A1AX,-1.3172296774585506,-0.2342977477426902,-1.0701088910546854,-0.48455796287728964,-0.15798273312009853
TCGA.AR.A1AY,1.1743232080764818,-0.7475801676844934,-1.0246093141473243,-1.0561785858030655,-0.6885202928805556
TCGA.AR.A24K,-3.1147096664589826,-1.8081662328781982,-0.5195823179756573,-3.0181258424539443,-0.05039861752785306
TCGA.AR.A24L,-0.8479073678052423,0.3963654859777744,1.1015150842242412,-0.683495069360483,4.000531083661182
TCGA.AR.A24M,-1.370700616491764,-0.3194271704781479,1.1456062310845512,-1.186992431437292,0.27385456209889186
TCGA.AR.A24N,0.5919280378380747,0.35937015928273947,1.5011223931812943,-0.5277553454993392,-0.4813636265248972
TCGA.AR.A24O,-0.8290620348205712,0.3430895755687,0.6144034064626469,-0.43403525019642736,0.010817760081887954
TCGA.AR.A24P,-0.20182696458757243,1.2712536400813768,1.1700247821031822,-0.1977235240228282,-0.11433464233193086
TCGA.AR.A24Q,1.4744186525782654,0.2797198528059218,-0.08869087058621027,-0.3749618868991607,-0.10924667198812749
TCGA.AR.A24R,1.5949085535310932,-0.15917191757846827,0.7600166641358729,0.5324586826418187,0.4351718165407807
TCGA.AR.A24S,0.8899331296402776,0.41460814932754547,-0.056667417973821965,-0.3602317195575218,0.11669766770168893
TCGA.B6.A1KC,-0.9392067871748802,-1.4111470273674793,-1.3832753735731618,-1.394499523999923,-0.1467623083600991
TCGA.B6.A1KF,2.4572897733817602,-0.3959126626012879,-0.9249842540496028,-1.1215413105360827,-0.6259996362806577
TCGA.B6.A1KI,-0.9514200436009315,0.4526034726277973,1.57542694355791,-0.5460270062368825,0.3887148154414044
TCGA.B6.A1KN,0.9867923642855874,0.1926692883131197,0.2358557586228062,-0.11963987133575131,-0.6774547497445385
TCGA.B6.A2IU,-1.724851432544648,0.0018665282207476627,-0.9638999830796717,1.5938980268783642,-0.28056431474355586
TCGA.BH.A0AU,-0.16303625869983446,0.564199811491191,0.6352750881037333,-1.0782999009144403,0.8820976991654127
TCGA.BH.A0AZ,-0.88987877260501,0.9996415979910465,0.787036003737022,-0.7101365751240184,-0.08146189093797049
TCGA.BH.A0B5,-1.025640264729751,0.049722289683199083,0.6293951787454767,-0.3563244748159974,0.2708111071006851
TCGA.BH.A0B6,-0.8947206406822387,0.16179814075626356,-1.0426921666591642,0.9614606860999866,-0.4526655054004229
TCGA.BH.A0BF,0.3550097742289715,0.9513133068173333,0.12895330612563696,-0.7386265113155159,-0.23193101724218915
TCGA.BH.A0BS,-0.2969650189101709,-0.4325457252678333,1.8164965069243304,1.134503222229357,-0.118127623669925
TCGA.BH.A0BZ,-1.101252045793448,0.8735233311792249,0.2509377672382576,0.4861590880031032,0.42276860275532324
TCGA.BH.A0C3,0.5665541980890529,1.344750374615267,0.598999044529265,0.44322810433691445,0.20526950859184406
TCGA.BH.A0DD,1.0487677198622103,-0.5985483964538617,0.23130775794866362,-1.063208999063911,-0.6685965336076009
TCGA.BH.A0DG,-0.21782532582335754,0.28481774243522684,0.3717952764761025,-0.538878371284741,-0.45537472837551096
TCGA.BH.A0DI,-0.6323941487818435,1.811244906446389,0.10113883400614124,-0.878500261759383,-0.3193263713174979
TCGA.BH.A0DV,-0.6701482718371734,2.209853676524234,1.13225700461204,0.5757797890185865,-0.3351617252514575
TCGA.BH.A0E2,-1.1591173720440098,-0.6751642821091701,-0.7949517858697254,-1.32552418857162,-0.11160038392888556
TCGA.BH.A0H3,-0.4292465564111256,2.1686331111435138,1.1639708421183208,1.3162800740283964,0.03497824449958156
TCGA.BH.A0HA,0.4931926377842987,0.4673870864628528,1.4088540687507742,0.6771725935717424,-0.3731641372590345
TCGA.BH.A0HN,-0.17605118577178613,-1.012504448374399,0.6678382939735789,0.6764552499764793,-0.2551412537995679
TCGA.BH.A1EN,0.7780183844273695,-0.37405207743810087,1.078823442753522,0.6309330753908101,-0.4522773656093837
TCGA.BH.A1EO,-1.3724296187078788,0.5753232386040257,0.40215612631659875,-0.16739923582337862,0.7639401345693589
TCGA.BH.A1ES,0.8929519238895813,0.20649326631290627,1.2807624787094016,0.7758913836675808,0.3634832564849871
TCGA.BH.A1ET,-0.5754029705730146,0.3901149592907803,1.2639953482125066,0.24525305176058687,-0.1443266411020205
TCGA.BH.A1EU,0.08732952808718679,1.8699643312889924,1.0196720511652697,1.1605756118392259,0.8066137301101464
TCGA.BH.A1EV,1.5542044345137367,1.1033461000729865,1.6577604576946774,0.541077948470815,-0.42642349401946866
TCGA.BH.A1EW,-0.04021846485060584,0.6050209015829684,-0.09399821900243069,0.19814884515960415,-0.5173066265299935
TCGA.BH.A1EX,0.5938190452644653,0.9204294418539526,1.0816349247060404,0.9524358790546561,-0.24543827858069855
TCGA.BH.A1EY,-0.036313432094293004,1.0269047870976917,0.6986554230968011,-1.1512790530034085,-0.5711217236165449
TCGA.BH.A1F0,1.901603105533173,2.021091617725653,0.023916638111780797,1.8589082247024598,-0.19601712543551011
TCGA.BH.A1F2,0.7317566991228641,1.79842036110328,0.6476689001032253,-0.5853527782011336,-0.3117256512206133
TCGA.BH.A1F5,0.12220206163939826,-0.8730301022616125,0.8846726838898419,-0.38673355613085697,0.31878928840449017
TCGA.BH.A1F6,1.5497889038384816,0.04167740782358281,-1.1115498440505724,-0.6269253861245794,0.35180078139575877
TCGA.BH.A1F8,0.6266674812287805,0.7681317652240122,0.8165536554480003,-1.441928043993856,-0.34569235608261856
TCGA.BH.A1FB,-1.0241374931692866,0.7146006813920859,-0.18726740877729295,-0.753213906979031,0.013870546862322372
TCGA.BH.A1FC,3.2381188382452404,-1.1594896303502278,-0.1726547037350727,1.3837141125911876,-1.0865502993277727
TCGA.BH.A1FE,0.388711587583203,1.899214796323569,0.1176562490186799,0.6314407378907242,-0.13214027122784572
TCGA.BH.A1FG,-1.074362378802824,-0.8768967342564652,0.1642167273832365,-0.45709097984499,-0.13427594224400008
TCGA.BH.A1FH,-2.0161470658460394,1.7179480644476353,0.2351290157955567,-1.1426658225415758,-0.2436451013639669
TCGA.BH.A1FJ,0.20396175729557425,-1.4292083062100633,1.0141282140177332,-0.6626021313988119,-0.4990723430346723
TCGA.BH.A1FL,-0.2576554429092605,-0.5120768864094473,1.236972777264797,1.1371104565763757,-0.3113604181418387
TCGA.BH.A1FM,0.9083694792497763,0.3886421274132044,0.9318747457809752,-1.0447384490871052,-0.6381012788130911
TCGA.BH.A1FN,1.2386573235253648,-0.11380739009908523,-0.16536749119374966,-0.42187516011443815,-0.7069043557343766
TCGA.BH.A1FR,0.5281834482298527,-0.7840300979873309,1.0409827380867578,0.22500535816537484,-0.44379199988871754
TCGA.BH.A201,0.2729577966165919,2.7410157397958583,0.8591645905010997,0.3761206585212219,-0.2939206813837781
TCGA.BH.A202,1.418909843771876,1.3511790893619986,0.9817818737195129,-0.2335023840430038,-0.5733403370173504
TCGA.BH.A203,-0.722332135977275,-0.6510466060222274,-1.864866407656152,-1.6763903129483393,-0.4585105052977319
TCGA.BH.A204,0.9466230603037266,-0.7270090351475051,1.0630939711575285,0.32975814649688706,-0.4305102444691482
TCGA.BH.A209,2.050970175115388,-0.5801199902450587,-0.06663751635356834,0.018546629368834878,-0.01908463858112432
TCGA.BH.A28Q,-2.101975925203864,-0.7316001195513925,-0.14184128846793845,0.11329170398150966,-0.18800011449553747
TCGA.BH.A42T,-0.5370216712280312,-0.8451569957453946,-0.41969051756830417,0.4716369102900228,-0.4799828511398878
TCGA.BH.A42V,-1.2385993661978718,0.4725949272229433,-0.7407923088673651,1.945472892410837,0.4593439190624594
TCGA.C8.A1HE,0.3682594151488768,-0.09637956001885559,1.6633150905375222,1.3865416733049594,-0.20477921651183803
TCGA.C8.A1HF,2.1134125760478515,0.9306522053240217,0.4606621145916878,0.7020100634635146,-0.7853978713027069
TCGA.C8.A1HG,2.3167933824443856,0.5166686334651887,0.7171687300335314,1.4443120820976478,-0.326129855568285
TCGA.C8.A1HI,-0.39743843396831025,-0.2108356821965584,1.6456258861736048,0.3853073138952139,-0.25562038917832575
TCGA.C8.A1HJ,4.768242779004953,0.6761562927843012,-1.1894993911181229,1.5269607818850741,2.77404955217904
TCGA.C8.A1HK,1.5775352473140738,1.5249354578948628,0.3337552296058459,-2.3104865430254753,-0.8988499238650794
TCGA.C8.A1HL,0.6798046727567632,-0.6135344569854135,1.6061674825703292,0.7741605793223568,-0.49348634779342176
TCGA.C8.A1HM,2.39299256582243,-1.5035858665882944,0.7055460872812847,0.9655644646346268,-0.24445312427442664
TCGA.C8.A1HN,1.5993425773448056,-0.21484072842672827,1.2113500294716568,0.7541309745092398,-0.5317978880575542
TCGA.C8.A1HO,1.9193906706536563,-0.24426482669422053,1.6487266725369576,1.931083629763782,-0.5857932414657998
TCGA.C8.A26V,-0.2257711286902198,-1.0384488531584246,-0.2034433480757671,0.15243316539133356,-0.4543253232140538
TCGA.C8.A26W,-0.502410440907933,0.1247629149286369,-0.7198708972911043,0.5192358204355929,-0.5304977476524979
TCGA.C8.A26X,-0.9920881082518365,-0.5372378479898956,-0.31064073443961143,-0.1487877298031283,-0.4533114023552648
TCGA.C8.A26Y,0.3097348324606351,0.30727004336938984,-0.9233913058246443,0.629304196983389,-0.06202956652189052
TCGA.C8.A26Z,-1.4752462768532064,-1.1008486859958009,-0.041744803203525624,-0.5156582462863578,-0.30936033843764665
TCGA.C8.A273,-1.5716541038345737,-1.198372830758116,-0.4408194998979339,-0.09745522967096351,-0.2750940734223858
TCGA.C8.A274,-1.3440059805694244,-2.3286733427882793,-0.03271459027692398,-0.21621010418975312,-0.3157956930226597
TCGA.C8.A275,0.3731670764524484,-1.244222293468943,-1.2758455698140374,0.08770547553119332,-0.35863459836923695
TCGA.C8.A278,1.833671704454393,-0.05223793927987735,0.29706644536356136,-0.4556436103300365,-0.6096111467053023
TCGA.C8.A27A,1.3373743221194694,0.3430780028486265,0.3693214050793236,-0.059443400360797524,-0.6297482649667868
TCGA.C8.A27B,2.506612935546831,-1.8994888586936742,-1.5510595424634934,0.7204983016292908,0.5816537085242558
TCGA.C8.A3M7,-2.163216371740348,-0.19922144450105733,-1.1349320668234306,1.1726307969241037,-0.29803434317087774
TCGA.C8.A3M8,-0.8151190104648772,-0.010111257887750013,-0.4530006115199076,0.10001989116726161,-0.49783414929213854
TCGA.D8.A1J8,0.5872563421490926,-0.94969396243665,0.3619580440634804,-0.5833834588335425,-0.6229776218099445
TCGA.D8.A1J9,0.7549651032448127,0.11310550278015441,0.8892330279045477,-1.137815047117795,-0.6650955624549919
TCGA.D8.A1JA,0.8131523817137568,-1.4651193660790554,1.0978828127680698,-2.3985326581522672,-0.3814905372617413
TCGA.D8.A1JB,-0.32155880966188677,0.27509650743816366,0.8100576273404598,1.5612335962633477,0.4497534448236125
TCGA.D8.A1JC,1.347901276592867,0.7838972479617962,0.6402299734023883,-0.970517034837384,-0.46814710860574615
TCGA.D8.A1JD,0.04377928886428798,1.0486569228664557,0.7059019662517501,-0.403236590820368,-0.4880165133938353
TCGA.D8.A1JE,0.22158474308174364,2.0454664901292245,1.5492562355529724,0.654546602605687,-0.23364809964303954
TCGA.D8.A1JF,0.7712166179071843,1.4335384790493384,0.8657950416632125,0.3712222513027472,-0.5190753791138961
TCGA.D8.A1JG,1.8688554163589877,0.6209216544488534,0.07242766938504658,0.7472976133264236,-0.8938429493867304
TCGA.D8.A1JH,-0.3035374277054527,1.713511075250061,1.0456864022462427,0.5234330541260414,-0.06626515687089345
TCGA.D8.A1JI,0.14996288462404167,-3.1553635386706924,1.5946476890588086,-0.5337999981894588,-0.34068199081877365
TCGA.D8.A1JJ,0.36689171193818687,0.8503104142496977,1.208303158406817,-1.4080820242444378,-0.14739515927352426
TCGA.D8.A1JK,1.2315728273173563,-0.5667030187935047,0.019620858689012165,-0.379761264561975,-0.2554884542433511
TCGA.D8.A1JL,1.7140695838442257,0.9124890740781506,-0.2810705756209235,1.3721760832516798,-0.33888556550047877
TCGA.D8.A1JN,-1.9100790434219534,-3.2718892351636315,1.6144730532856535,-0.7189910492818186,0.022370254157400606
TCGA.D8.A1JP,0.7480818197188198,1.1545996001867083,0.9390578260845991,-0.9335045785822268,1.5357483940090326
TCGA.D8.A1JS,0.4963829812023598,-2.410219262070463,2.4338300771421824,2.1328746316836384,-0.24092665804481414
TCGA.D8.A1JT,1.3466405212684842,-1.9828870562134548,1.0383344340587828,-0.053602759861136044,-0.6843077697054948
TCGA.D8.A1JU,-1.1705160266995822,2.224823330751779,1.103274617849217,0.4153695557369735,-0.05515237652583837
TCGA.D8.A1X5,1.0438866624021108,-0.36234453029423896,1.8159552418959928,-1.2218297380528655,11.307510298475485
TCGA.D8.A1X6,1.560659872426087,-0.928955926270842,1.4355258194878133,0.056590011246672844,-0.6786042546612467
TCGA.D8.A1X7,0.8842561652838852,0.4878821555660203,1.307541235207577,-0.7500034201773569,-0.5874863152876593
TCGA.D8.A1X8,-2.1730651371798895,-1.1355085967133753,-0.9944004985104618,-1.5000700972174756,-0.3316976034392528
TCGA.D8.A1X9,-1.989064939547587,-1.573093334789111,-1.0578925156572183,-2.29052175593857,-0.27176000084369706
TCGA.D8.A1XA,0.38395141534088517,-0.493045538218883,1.0967231293240707,-0.9591563286518953,-0.33664519900500506
TCGA.D8.A1XB,-1.3145746442174369,0.7082379263392858,0.8772949579469004,-1.8042647002042456,0.12812437727571113
TCGA.D8.A1XC,-0.7686138233944614,-3.8026373903246244,1.5379670328176855,-0.35319857475631317,-0.2028939224825893
TCGA.D8.A1XD,0.13197978406023972,-0.08736846667163743,1.3511864166958472,-1.280046203695605,2.5362502037273145
TCGA.D8.A1XF,0.9268970535034762,-1.1900389369429076,0.7520333907081804,-0.43958966197303695,-0.3518838935554324
TCGA.D8.A1XG,-0.45232528989856546,-1.1180290627028813,1.38935276301786,-0.2914370902403836,-0.20800177067305026
TCGA.D8.A1XJ,-0.8670461170252428,-1.3158336596527211,-1.5586056933925951,-2.847140893910073,-0.460464103132185
TCGA.D8.A1XK,2.125178676561236,-2.4522967424447466,-0.6790470358585339,-1.3521369971191264,-0.11197492492947739
TCGA.D8.A1XL,-0.8411320733680578,-2.5432486132815044,-1.48701838448697,-2.344930340735467,-0.5611329209454166
TCGA.D8.A1XM,-1.3435012674068443,-0.2355376252874369,-1.444317473870166,-2.038126761411808,-0.20041093274533972
TCGA.D8.A1XO,-0.31193303992729987,0.2884025633180591,1.3847110071469266,-0.8455710882839016,-0.10888893551613738
TCGA.D8.A1XQ,2.353472680127792,-1.1216472623410694,-0.427262957067421,-0.7355455218427405,9.409386895693343
TCGA.D8.A1XR,0.5134166068697854,-0.7508341577986494,1.3594108378947034,-0.4452717214207807,0.009286142060505995
TCGA.D8.A1XS,-0.8498677272861352,-0.49463710574796427,0.46340394342272656,-1.0151493985431503,-0.38506052923641443
TCGA.D8.A1XT,1.462009737385311,1.2008146813373632,0.5620397787218344,-1.0017503970883879,-0.597816343866302
TCGA.D8.A1XU,-0.8657507139265803,1.007237356018266,1.4277923472790792,-0.7438914109488213,-0.22573388391480426
TCGA.D8.A1XV,-0.11867182055306728,-2.638845858025544,1.477386955671623,-0.4836426630593518,-0.267858478851276
TCGA.D8.A1XY,-0.0042539167260599526,1.9643009289131523,1.5499223471111339,-0.8542030639378383,-0.02576464144751253
TCGA.D8.A1XZ,2.1758603538489516,-0.10159981470540617,0.7359225164720777,-0.22628788906657585,0.5566851092357512
TCGA.D8.A1Y0,0.4301119108385536,-0.209496879333606,1.2225147858413956,-0.2911136774050198,-0.1461829283951841
TCGA.D8.A1Y1,1.1624464583062533,0.475368257901446,1.3909861308384697,-0.7207149280915537,-0.3901220580007573
TCGA.D8.A1Y2,-1.7432675596457263,-0.2634792552438312,-1.0786549827180465,-2.2769031051163737,-0.34025861127441803
TCGA.D8.A1Y3,1.8574335422170394,-0.7312103349252804,-0.41555171721565387,-1.4900945354371502,-0.10686382338523095
TCGA.D8.A27E,-1.0832063574273023,-2.13705295623476,0.17603663833058594,0.2222451206626745,-0.2825291858193201
TCGA.D8.A27F,0.6599683189419345,0.231015310376732,-2.12531682177569,-0.27974272280256035,-0.8075139224202427
TCGA.D8.A27G,-1.8666282839493673,0.4187311206262159,-0.4821027441253168,-0.3893340367754734,-0.3316810988163879
TCGA.D8.A27H,-0.2899358594755165,0.10445443146403834,-1.3032009210475621,0.3505500690591508,-0.2769904618562601
TCGA.D8.A27I,-2.818586369876416,0.2692274968443848,-0.7951432462535958,0.31862396658558595,-0.039571131064626355
TCGA.D8.A27K,-1.6833159631799177,-0.1775183906694564,-0.1974255171208262,0.0859234805307286,-0.21560144800166844
TCGA.D8.A27L,-2.56982944096156,-0.23596246610585309,-0.5495818615669306,-0.42378917135097754,-0.10772444676421203
TCGA.D8.A27M,0.4126065772170055,0.06174613072211371,-1.063848033059838,0.6019056684731664,-0.7024395684000949
TCGA.D8.A27N,-0.9334092293736734,-0.49281359531670726,-0.6379861152093375,-0.42318336971942744,-0.4870678047652552
TCGA.D8.A27P,-2.023030942921011,-0.4308256654911585,-0.003817311235963195,0.019946505116257694,-0.04809481890372845
TCGA.D8.A27R,-0.11243041229208854,0.10266254378623432,-0.9809428875945424,-0.2444309274381226,-0.2067202859176741
TCGA.D8.A27T,-1.87638651918159,-0.09904470589578712,-0.25053145343901984,0.6332033215483444,-0.22676343561603823
TCGA.D8.A27V,-0.8198296960435536,-0.05636228794920259,0.7050835214073415,-0.34380578399617995,-0.1722877596224954
TCGA.D8.A27W,-1.290812994787661,-0.8519209418392752,-0.909550652839612,0.13884664293270604,-0.4332162716892392
TCGA.D8.A3Z5,-1.2807297097509818,-0.9793695786809643,0.3609924013751343,2.070035289817005,-0.07113895664800267
TCGA.D8.A3Z6,-1.0146356259115337,0.36101430736788886,0.05439829448867808,-0.44622634714984705,-0.29564293827644195
TCGA.D8.A4Z1,-2.28629865011715,-0.39003560926535913,-0.9480518103324246,1.2027585221813641,-0.06687014773876641
TCGA.E2.A14N,2.183221746621678,2.586943892615306,-0.3379346109990912,2.274292045477722,1.400404311939552
TCGA.E2.A14U,-0.7645831506004833,1.81693441496483,-0.9150938663909822,1.4848346331831281,0.1398244210144063
TCGA.E2.A15I,-0.7398249027267048,-0.0029704569439865476,1.3174694150884732,1.1028996572350056,-0.23032408175530947
TCGA.E2.A15K,1.3047430190187381,-0.08856434505939971,0.5342213689617055,0.05438666916066937,-0.4539161832224208
TCGA.E2.A1AZ,1.2864676245504039,0.8977620893080036,-2.220308128906983,-1.0348839441922058,-0.5845029265947091
TCGA.E2.A1B0,0.679910595545407,0.7237635577554318,-0.4278940567400661,-0.27524248745003416,-0.0887388556531628
TCGA.E2.A1B1,-1.2633556918804223,1.142436382605547,0.34786092863878565,-0.5206395080154924,0.427183288176642
TCGA.E2.A1B4,-1.0297123331806244,0.9443869705193711,1.0889152443301853,0.8081518615897915,-0.15503225937529277
TCGA.E2.A1B5,0.5811837693979818,-0.4738389779555662,0.8489096477340755,2.2671372037298654,-0.2067402633041036
TCGA.E2.A1B6,2.2164543074218312,1.0170291645592506,-0.3839132646095662,3.1349730511529477,1.332713629293844
TCGA.E2.A1BC,-0.27845517458212954,1.3053210373929351,0.7058966330287969,0.1656550242940927,0.11535415384444749
TCGA.E2.A1BD,-0.6896574282701879,1.2109508329114884,0.8928067480475231,0.40884367267966404,-0.31919743312571136
TCGA.E2.A1IE,0.36334084863832894,0.4222975151114183,1.31865039048799,1.3364159424744444,-0.2788528335203541
TCGA.E2.A1IF,0.47410275644878236,2.7616621976744447,0.9007089376990148,0.5500175820241189,-0.045029113521171026
TCGA.E2.A1IG,-0.24511970172805816,0.2681219318538835,1.129109828118871,-0.9083235432427836,-0.3544651956693585
TCGA.E2.A1IH,-0.5720504235441181,2.128646520662465,1.0074032735017737,1.5649101536772632,0.033943151322576096
TCGA.E2.A1II,2.048548731771774,-2.398991950742812,-0.7703837023339797,-0.12209167138762399,1.5246997903685264
TCGA.E2.A1IJ,-0.7445450696553765,1.5203699130669852,0.7533222136519532,0.07096894438591962,-0.36520843297001165
TCGA.E2.A1IK,-0.5894058733646264,0.7399948361098692,0.7524219405185173,0.1948171383425118,-0.06965603517782282
TCGA.E2.A1IL,-0.7526394185621587,-0.08200332299592189,1.2703707647478446,-0.3746070795185489,0.4596216300661712
TCGA.E2.A1IN,-0.5201104090513445,0.925723669028102,1.089321900135461,-0.6218403353219919,0.10146011844078208
TCGA.E2.A1IO,0.5281068182487916,1.3901503353466342,0.5667284553088846,-0.8040327428563195,-0.17264754699004214
TCGA.E2.A1IU,-1.0458225707709883,-0.723183954137282,0.7453160569097107,-0.03180555262718681,-0.22393332742507294
TCGA.E2.A1L6,-0.08004041068994804,0.6867565067781545,0.8028675062654458,-0.2387040057590008,-0.34381204868789744
TCGA.E2.A1L7,3.170096996426721,0.0318575733495157,0.669005443421541,0.49463408256845226,-0.6313311594911621
TCGA.E2.A1L8,0.7055291725907803,2.4435479174924537,1.3848512531241959,1.2627046571456042,-0.4514128225030505
TCGA.E2.A1L9,0.9812323707041352,1.4266317999412395,1.608859181651715,0.877042890969996,0.45886441426942975
TCGA.E2.A1LA,-0.10984584759198406,-1.0019076663779338,0.16740119744644869,-0.5556839228161353,0.8920335176943165
TCGA.E2.A1LB,0.6635457402092081,-0.07652744530855797,0.9103937127733737,-0.8237079816649511,-0.43713865856563056
TCGA.E2.A1LE,-1.2057564161920027,0.2701518705887618,-1.0991851287726482,0.11667213226211946,-0.02783224615404713
TCGA.E2.A1LG,0.7300710965529457,-1.7349487069579603,-0.058143806194215754,0.4924363730003897,-0.4808998383069092
TCGA.E2.A1LH,0.8582380989415368,-0.0570586731835398,-1.8042394615038613,-0.10650569006627039,-0.3367449343164138
TCGA.E2.A1LI,3.086398702358601,0.09400563352392895,-0.7798472536145493,1.182640008129369,0.5136190888431781
TCGA.E2.A1LK,2.8763428370893234,-1.3069269693700925,-1.4542649624462929,-0.6155848257446368,1.2667750210823685
TCGA.E2.A1LL,1.1263631361376785,1.4745057651636897,-0.693171270253477,-0.7826260921042648,-0.2773411774227702
TCGA.E2.A1LS,1.607460656458092,-1.038622664023763,0.5750532234142575,0.9692054560667129,-0.2612003531786596
TCGA.E2.A2P5,-1.3922383122240305,0.5125531572351516,-1.6151014040651699,-0.053472050241508085,-0.014321304612305111
TCGA.E2.A2P6,-1.703941719792154,-2.464121412610901,-0.7253996498195768,1.3381861504326897,-0.07271319377688236
TCGA.E2.A3DX,-2.2868781947980996,0.8212762432728181,-1.0199288231251555,0.05758891219136333,-0.3318056633220174
TCGA.E2.A56Z,-1.3939550732535098,-2.2539378919243105,0.14598143342886918,0.5887853883433629,-0.1874178605258799
TCGA.E2.A570,-1.2623960338323277,0.6370315163419753,0.02121842412933426,-0.10407064804542972,-0.2960789723941319
TCGA.E2.A573,1.5629514495125079,-0.8348814625496835,-1.9611462300593911,0.2598931634800217,1.9150613311293045
TCGA.E2.A574,1.4764358304092682,0.13957131189318095,-1.8842644356528717,0.378222926493378,-1.0767874795747396
TCGA.E9.A1N3,0.17736477190122865,-1.866529582213848,1.4456004431863219,-0.26527156558721743,-0.24526121900233877
TCGA.E9.A1N4,-2.3029705296780145,-1.6497671523345747,-1.3485445918691354,-1.7179596754041344,-0.3410857736780751
TCGA.E9.A1N5,-0.6826508785203664,-0.48922932163065774,0.526753575804988,-0.6927657924479405,-0.3380306413119073
TCGA.E9.A1N6,1.4234224502635284,1.2226899607915398,0.6490236317090724,-1.3282307201530312,-0.42370912117307413
TCGA.E9.A1N8,1.534589670723321,-2.0793665196902498,-0.7802814044697486,-0.3918376345555977,1.519234936789454
TCGA.E9.A1N9,1.658327428169387,-0.020855728565116496,0.45523845308086985,0.112078923486923,-0.520044079040619
TCGA.E9.A1NA,-0.09180486713038107,-0.13126517265541407,0.7940243581798154,-1.1900663684389703,-0.5141779282368824
TCGA.E9.A1ND,1.4986009687246564,-0.9082811764888615,-0.7741955007375747,-0.2512936422072489,0.8071695514975967
TCGA.E9.A1NE,0.9529401295988233,0.5879354008974388,0.24273089820492472,0.2945481898055367,0.07919938058240132
TCGA.E9.A1NF,0.2571385693645867,0.5427432031124734,1.136033607015942,-0.9965233248453846,-0.3356972131779537
TCGA.E9.A1NG,0.3167196214349628,0.6637074783034942,1.1879503577800368,-0.25202434755449565,-0.37067652073657964
TCGA.E9.A1NH,0.4876330635066917,0.6561496952032069,1.1969850312966597,-0.18308400413558695,-0.5432738256107801
TCGA.E9.A1NI,1.044215170559642,0.23600986063609086,1.1971150676239868,-0.8771558840269645,-0.5326941569870682
TCGA.E9.A1QZ,-0.2381259201778511,0.5318055437182768,-0.24535213580034088,0.4202491058391138,-0.19742282367276381
TCGA.E9.A1R0,-1.5612682526747264,-0.24690497787808613,-0.7791690829870773,0.057624815428771854,-0.2527890853138945
TCGA.E9.A1R2,0.5502862063195249,-0.6331852508709607,0.2887736907286537,-0.43430857841891046,-0.1811643306351731
TCGA.E9.A1R3,-1.7064125245617021,-1.3382948935084942,-1.0252540576769662,-2.0134214295716415,-0.15293227548461638
TCGA.E9.A1R4,1.7573300845162982,-0.2752646477762193,0.42558126017316483,-0.6546221923393784,-0.699775543974455
TCGA.E9.A1R5,0.0033091607976814025,0.7738750350771428,1.167553427959832,-1.1012051378836853,-0.3175496238854933
TCGA.E9.A1R6,0.1854841753621645,-0.5393465371792442,1.2633167904519453,-0.44291328474292146,-0.3203363643655734
TCGA.E9.A1R7,0.15248727466268186,0.05234025082481445,0.9324517291161966,-0.22401275911375082,-0.48557011999387406
TCGA.E9.A1RB,-0.5848873825305375,-0.8986209925535236,-1.6983547355820123,-2.0414086730309755,-0.7429252715983988
TCGA.E9.A1RC,1.0414183492283924,1.2146038619860824,1.521754143185686,-1.4893182965211023,-0.1584323690957749
TCGA.E9.A1RD,-2.49472362749237,-1.3411485268251417,-0.9009213197551589,-2.280979915142056,-0.3081383101224449
TCGA.E9.A1RE,1.3109961210599028,0.06774954061024183,0.08793717608084539,-0.5297151884852369,-0.5087925191523228
TCGA.E9.A1RF,1.09411351314129,1.14021260207965,1.1065046115499448,0.09004294686208934,-0.10747722607924506
TCGA.E9.A1RH,1.1129113721988317,1.4359177930621552,0.18489489993135028,-1.240076635965633,3.033718703949012
TCGA.E9.A1RI,-0.02085915034510283,0.9892117734273397,1.1656089524243474,-1.0319218347552728,-0.3952852745167551
TCGA.E9.A226,-1.8028394668731764,-0.5049289951145917,-1.0706738755642644,-2.511399408369418,-0.4668745234996113
TCGA.E9.A227,-0.10005524870411563,1.0679159566825644,0.7726795167018611,0.5233564705061219,-0.2581840621102899
TCGA.E9.A228,1.366854200677035,-0.12061136074195225,0.7081857719446526,-0.3160220978105517,-0.39450813085859426
TCGA.E9.A229,0.409823703251939,1.5380727885399827,1.1899507270409964,-0.6921802615943418,-0.5268394514120491
TCGA.E9.A22A,-1.732228546475195,0.036707782774783176,-1.3421536798854599,-2.2343670250768244,-0.1633829920386494
TCGA.E9.A22B,0.5554859953792692,0.40720639266024694,0.7501412498451826,-0.06743653624197526,-0.33681717614863127
TCGA.E9.A22D,1.7723046798236828,-1.1804616513577155,0.4521149324463621,-0.0846257608610412,-0.7789401493669109
TCGA.E9.A22E,0.622313074509155,1.8318852533954868,0.8990641268962467,-0.455661886961168,-0.6316378949985827
TCGA.E9.A22G,3.25051907131071,-1.8150392300868459,-1.6402364824960003,0.37669458876070266,-0.7247375346259807
TCGA.E9.A22H,1.3850309148506172,-0.42748747800779824,1.236135785366379,-0.8047762769934569,-0.399393730086626
TCGA.E9.A243,1.380297238113358,0.4486645581691325,-0.3137945804624837,-0.31754245931581954,-0.736491549031886
TCGA.E9.A244,1.801517092294392,0.48371276904302357,-0.4078075281900939,-0.23455560750943852,-0.30209917959922483
TCGA.E9.A245,-1.8334880877640967,-2.0331514449143957,0.45430159109227214,-0.18118100508957466,-0.1854070091674741
TCGA.E9.A247,0.6070878971195574,-0.6277222293390013,1.1897224996239504,-0.7808927188471876,-0.2899305229335877
TCGA.E9.A248,1.8230519894390478,4.456886434998014,-0.029633754712090496,-1.8172362316816337,-0.10199120768971022
TCGA.E9.A249,0.381243119305228,0.16755079848724796,1.3630463668619508,-0.36034262215932034,-0.290575470849793
TCGA.E9.A24A,0.634234900205665,0.1861453926213903,1.4401315012448415,-0.21719789380492444,-0.47595827648485417
TCGA.E9.A295,-1.776452181841449,0.015126391953337136,-0.8634832872524065,-0.06329420365162222,-0.4023900577636211
TCGA.E9.A2JS,-0.3469129907793344,0.2011440086793358,-1.1896011723707145,0.6798416018415334,-0.5146358795601075
TCGA.E9.A2JT,-1.3045336849696654,-0.15412687181635923,-1.5620707932559128,2.180050213890994,-0.41421803349525704
TCGA.E9.A3Q9,-0.7630662831287186,-2.2686988453283146,0.3161575212631634,1.2768653249482922,-0.07219006797491309
TCGA.E9.A3QA,1.290972980543906,-0.26692633046485414,-1.9788866293656042,0.8133932834247988,1.505138168664993
TCGA.E9.A3X8,-2.6152348523965347,0.805054902038224,-0.6844559124495024,0.3583710834677995,0.24454769403608223
TCGA.E9.A54X,-0.0326944889466283,-0.067007428535332,0.7849142035691993,1.037406932756236,-0.48168464194748706
TCGA.E9.A5UO,-0.7009990724837956,-2.843082870653268,0.24698600812150015,0.20073877943497195,-0.39042574470900215
TCGA.E9.A5UP,-1.0240020950316737,-3.2789248866554894,-0.1805432058482878,0.377313097351358,-0.0483738267137908
TCGA.EW.A1IW,-0.5026447749597631,0.8648663449273317,0.2052163808143433,-1.0092465287167085,0.5535495230394692
TCGA.EW.A1IX,-0.34183855695985316,1.5284802811467002,0.9556810344185955,-0.5402995249212715,-0.42241890634999457
TCGA.EW.A1IY,-0.0540636742527856,0.06675120589234411,0.983377475067533,-0.8562514552447676,-0.4015443984374895
TCGA.EW.A1J1,-0.5112437055010564,-2.702806698819597,1.4381736624979975,-0.2532931518434239,-0.17848270092762233
TCGA.EW.A1J2,-0.10069676466823867,1.2781510276756172,1.1684218126674286,0.8389085887372814,0.6377648575574809
TCGA.EW.A1J3,0.26586399862662036,0.3153288900174617,1.160514107045527,0.8915536257696481,-0.36189785697743754
TCGA.EW.A1J6,0.9932468896176598,-2.2003469088681182,0.3354616059955933,-0.29050483461635984,1.1793378871926636
TCGA.EW.A1OV,1.696056520598328,-0.36727148236157553,0.48267524977912396,-0.2675035032645547,-0.6625216430911346
TCGA.EW.A1OW,0.40397779413125257,-0.3139854965569363,-2.0278020072781935,-1.000763346729341,-0.18340313653522572
TCGA.EW.A1OX,-1.4187340938342419,-4.422476221618277,1.5124484744576876,-1.4405731646416526,-0.05820012745773502
TCGA.EW.A1OY,1.062749220764658,-0.36345294616154544,0.7431108699872527,0.1473430334884196,-0.4337553262890811
TCGA.EW.A1OZ,0.8437983258218349,0.1529448637859882,0.5742063347834446,-1.0032410787236627,0.7759705712596386
TCGA.EW.A1P0,1.4580663003243406,-0.7015519958140211,1.5128880968199805,-0.32726148619530454,0.0851755574437942
TCGA.EW.A1P3,-0.8600960353796886,-0.12058972007425302,0.8149840318353404,-0.09692092168027053,-0.2658718831973421
TCGA.EW.A1P4,2.574460484946919,0.7830508658348119,-0.46469760563452533,-0.7084379513783207,-0.17303097451599736
TCGA.EW.A1P5,0.4934885560147977,-0.9068123155079185,1.500546333076577,-0.545726141397709,-0.5044217310829158
TCGA.EW.A1P6,0.9310079608327622,0.38299009283117724,1.2410120743793953,-1.2155801370107535,0.00485091305682931
TCGA.EW.A1P8,2.630588171821114,-0.8043217888435142,-0.863897066263877,-0.42452293729071366,0.06807228686455319
TCGA.EW.A1PA,-0.63202546770599,-0.20628653469934546,-1.0941673213430103,0.37505140549816607,-0.21781246239696858
TCGA.EW.A1PB,1.5498544894489543,-2.066850306309128,-0.8299562627526297,-0.18307552598246266,0.24945761239416506
TCGA.EW.A1PC,1.9714970501975886,0.7170404314084506,-0.9270763881628502,-1.0083569274977588,-1.0605535084007487
TCGA.EW.A1PD,0.10182431210350588,1.6971021781178426,0.7188276923778596,-0.2899220924708578,-0.37253635613906205
TCGA.EW.A1PE,-0.10662347780408868,-0.04232536452559381,1.0150068355854949,-0.42964868061144346,-0.29022231404329135
TCGA.EW.A1PF,-0.5454459094803965,0.7178597402153934,0.4692973788814132,-1.0388482635465985,-0.42210701359907005
TCGA.EW.A1PH,0.3655203697155865,-2.177583578339714,-2.7637463161158156,-2.459286854374047,-0.015700568948051923
TCGA.EW.A2FR,-0.19514449560785513,1.365827849627845,-0.7058963110373682,-1.389941611131984,1.2671646768671658
TCGA.EW.A2FS,0.21189041525186028,0.4018570105672447,0.24270200642502612,0.16270721846070582,-0.21405736640448386
TCGA.EW.A2FV,0.2877650334264334,-0.3447167387054707,-0.3993694643695911,0.49194459426914106,-0.5110757341513668
TCGA.EW.A2FW,0.546514090329817,0.6699549384620639,0.44037954875396845,0.125624732285276,-0.6180704869845776
TCGA.EW.A3E8,-1.2447527158353868,-0.525678929816724,-0.8007951351377695,1.1541398767418483,-0.363166615340673
TCGA.EW.A3U0,1.48382071676614,0.7172096954245929,-2.6461708621070903,0.8676232249144752,2.73443820274751
TCGA.EW.A423,-0.12008510450027106,-3.0175441806791703,0.2598363882756481,0.14004010106935932,-0.35957547609480006
TCGA.EW.A424,-2.7009766557514197,-0.5027265000566207,0.35318667072321325,0.2403218747573571,0.10267784797727592
TCGA.GI.A2C8,-2.338711486819968,-0.024922557476705593,-0.2418805231317704,-0.5903898699248384,-0.2170410016553739
TCGA.GI.A2C9,1.097124348533241,-1.0386549679310466,-2.042061994264133,0.8513847349459813,1.5147039946926513
TCGA.GM.A2D9,-1.768124354361097,0.2690444176589378,-0.5098146105408896,1.0118520454655933,-0.339469846322202
TCGA.GM.A2DA,-2.0014768793153146,0.3244711298324446,-0.8929309666854447,1.3055967204497512,-0.3369323585034914
TCGA.GM.A2DB,-0.1012163191030331,1.0354935066238236,-1.8112539296977492,1.0959290464601035,-0.6830387800511485
TCGA.GM.A2DC,-1.1368771659827697,-0.5210389535764857,-0.9217494560119174,1.3738247997858781,-0.2771545614764977
TCGA.GM.A2DF,0.6893937877913296,0.2939420309807316,-1.657968371660546,1.4669928478897307,-0.06761808746541569
TCGA.GM.A2DH,0.8950862480478582,-0.07831959818605817,-1.8514798079258654,1.0838993504222931,-0.4851570106120577
TCGA.GM.A2DI,-0.9786471523800969,0.4687412596737606,-1.492280231538987,1.5658537455283317,-0.5726559586831004
TCGA.GM.A2DK,-1.4120908181748932,1.0039069790140258,-0.7087536568545783,1.5430220615097363,-0.20236996026109166
TCGA.GM.A2DL,-1.77426713536644,0.2851667305769642,-1.0834667969634235,1.104231042725516,-0.31334666841189945
TCGA.GM.A2DM,-1.058579152295466,-0.7953604491254918,-0.24068741351372813,1.356793079319318,-0.36357231968253734
TCGA.GM.A2DN,-0.8704738758357645,0.7724091705359057,-0.5839300612655025,1.867670166324775,-0.360075352945173
TCGA.GM.A2DO,0.2011723452998433,-0.4829311584340532,-1.698847897468117,2.2189218797247894,-0.5155314813474717
TCGA.GM.A3NW,-1.4193188878700331,-0.136070829716056,-1.2544033883039385,1.2466182536257602,-0.46297738605789424
TCGA.GM.A3NY,-0.5737418638485414,0.23378658234957644,0.28341956060464235,0.997227852170134,-0.3982599189880021
TCGA.GM.A3XG,-1.4699574670755875,0.9930831467031155,-0.4327166747168322,1.4423238903337965,0.008253417199569424
TCGA.GM.A3XL,2.5683207232512353,0.2486855951573076,-2.185940721649778,1.8205098933905621,3.049209117356969
TCGA.GM.A3XN,-0.8271069803884701,1.8928990354751216,-0.5872529335693124,0.9156291800641726,0.6739219363789011
TCGA.GM.A4E0,-0.6660327690962484,0.4095738515911674,-0.17711644075343816,1.6160063498200274,0.10979709379397391
TCGA.JL.A3YW,-0.8599662517641666,1.0519378002799127,-0.8887901308033942,0.016188740855402766,-0.042962220294278555
TCGA.JL.A3YX,-1.1454442712030433,0.6796392722410124,-1.0627165157497056,0.06476235194963924,0.053242054197218946
TCGA.LL.A440,-1.4356758502865496,2.2296099469190533,-1.0277107058411827,0.7403685638102468,-0.24740483719024378
TCGA.LL.A442,-0.4219256222801898,-4.003208443839809,0.16358328455003326,0.8580469502074652,0.5480210728709384
TCGA.LL.A50Y,-0.8619635105748594,-1.6074200494603987,-0.03145832536887131,0.18635950935957,-0.3110429349249184
TCGA.LL.A5YL,-1.3000257087094764,0.9385079915909736,-0.42416080761290675,0.19112526427786133,-0.35900979667523786
TCGA.LL.A5YM,-0.5637734891835979,-0.5872498110794019,-0.05392537147054682,0.4826348434694346,-0.09079419999285397
TCGA.LL.A5YN,0.3397647421194105,-0.5503901728565984,-0.7117965062231139,0.7652256524728757,-0.3191558599220718
TCGA.LL.A5YO,0.644943871039206,-0.16934998847201005,-1.473857141170599,0.06707213737693082,-0.33916237051323256
TCGA.LL.A5YP,1.0975381321043112,0.866615775169418,-1.6600422723823371,-0.2557232812031987,-0.8272251354934683
TCGA.LQ.A4E4,-1.276353621360403,-1.5754623556752463,-0.020687661427927335,1.4204099157664967,-0.13114468036070523
TCGA.OL.A66H,-0.8005948692974372,-1.2166395334715534,-0.11342104143143379,0.7126544516250097,-0.3476851624314268
TCGA.OL.A66I,0.5463394905614798,-0.6250330990874754,-2.0406797467364046,-0.0026177312502501083,1.8390241248027035
TCGA.OL.A66J,-0.47237996883630184,0.8873610531242513,-0.19048843773766203,0.680430032718646,0.08147934128393601
TCGA.OL.A66K,-1.9701052744929421,0.15074253138240598,0.22354660230012022,-0.029408018010452786,-0.19391137114257756
