,Concatenated_PC1,Concatenated_PC2,Concatenated_PC3,Concatenated_PC4,Concatenated_PC5
TCGA.A1.A0SF,-9.31029959938156,15.349713242868948,-1.4895654881120766,-7.206440424466099,-7.5930982918758225
TCGA.A1.A0SI,-0.8778813841870148,5.139580042764211,-9.213932917945574,-15.856123148282773,-17.460893133779713
TCGA.A1.A0SN,-13.02716373917567,-2.0418133426827363,18.574871113315815,-4.51776655273448,-5.5206939797838634
TCGA.A1.A0SQ,-33.87775306479876,-12.357006630675231,-16.368706985486888,-2.7837132127458823,15.799223005494177
TCGA.A2.A0CK,-11.689939291008537,20.062625265395216,-0.3065540314293461,14.001760211207598,4.426115169674179
TCGA.A2.A0CO,-5.806847870439468,25.49428021553634,2.022977629758448,-5.714779020248056,-0.7905464645387422
TCGA.A2.A0CR,16.686628370164893,31.331574152545823,14.272392970212223,-5.254062989942514,5.282899796096257
TCGA.A2.A0EP,30.668428594400307,34.031197650724486,13.772847251428388,-13.37415671808221,11.463323945549876
TCGA.A2.A1FV,-38.633709252496125,-8.520620589046633,16.521482342649662,4.996887195174059,10.374012388748907
TCGA.A2.A1FW,-31.084296025879873,-15.9327261049108,13.480004633504347,-8.850621272180252,12.904731304436694
TCGA.A2.A1FX,-28.36922932580774,-10.666899448499429,0.22294880333139946,-7.100300635308945,19.234665179378382
TCGA.A2.A1FZ,-3.192149011307011,17.192062965000762,9.31077965061915,9.641615838109876,-5.653738571391231
TCGA.A2.A1G0,-4.306516899794861,22.720053474346614,-14.524685626052433,1.0970582646649756,11.560556810518243
TCGA.A2.A1G1,44.331072398251024,-19.2143868314579,1.0962395930832312,-4.959463534556277,-2.65979969852623
TCGA.A2.A1G4,-25.40579409074442,-8.259824900751878,13.979205412584735,12.317287664791696,14.23334715163384
TCGA.A2.A259,5.432722180501176,24.513695129287033,-6.105193327811935,3.801689871570039,9.8577385641011
TCGA.A2.A25B,-21.358716828513497,-23.823615804330135,5.943531405316771,-16.566023863038467,6.915878957621924
TCGA.A2.A25C,-9.299277832214015,5.887992767118383,0.20353645899532982,-1.9646004835373023,5.104873509572341
TCGA.A2.A25D,-1.7297239440265635,3.571684829777802,10.69692269066236,-12.993106196774116,6.686201590449714
TCGA.A2.A25E,-16.85747495781171,-9.200798418707404,5.547625678761503,-2.5052948203689787,19.68165005726271
TCGA.A2.A25F,50.99066712309216,11.073385339676978,16.399003698826014,-13.995622228334062,22.764346346332598
TCGA.A2.A3KC,-5.427855546727579,18.564214646541732,14.868513665491653,12.607463452881053,-7.144123183584903
TCGA.A2.A3KD,-1.047068421764042,19.208447227540688,-8.41394450130289,17.322851042181355,2.5737932027804438
TCGA.A2.A3XS,50.59861619664624,-9.743492567237814,6.195054618996679,12.570337089526067,-4.020004702536492
TCGA.A2.A3XT,47.412045324693196,-11.644496642677197,3.8517576314232858,7.853999379972119,7.365377202458153
TCGA.A2.A3XU,43.40066692007677,-25.42454975614861,-23.338520836527188,26.662346839311073,-12.238049202049815
TCGA.A2.A3XV,-1.126391138862319,-15.807602855339418,26.0028047956179,0.548002190442407,-20.72515849018395
TCGA.A2.A3XX,54.20051808138364,-4.3564933369855705,4.111465902613316,17.002063313150995,0.5064538026998455
TCGA.A2.A3XY,52.9892327475353,4.623480272229072,0.40331988309236305,0.9759957239761493,2.7084412041632255
TCGA.A2.A3XZ,27.245003860854055,16.545156719246236,9.719846256734375,-2.8061804433480053,5.847534590999514
TCGA.A2.A3Y0,54.85317502742511,-16.773592264223595,-8.595216921293886,-6.372962797431785,2.9384695470519664
TCGA.A2.A4RW,-1.990526848094412,16.324621265471347,18.739730030469936,8.980500735777303,-0.4710503023911102
TCGA.A2.A4RX,48.219125129246265,10.448308782155214,-3.20403446695988,11.994904230642156,-2.031983668450126
TCGA.A2.A4S0,-20.63523130325627,-2.7053251619125023,-32.493044686740426,28.037340516524896,32.07762781690978
TCGA.A2.A4S2,-9.241832444484194,12.798330929874586,8.002595836313317,1.616719776309946,-3.1528059069826946
TCGA.A2.A4S3,10.07826597465509,-3.3469964867429747,-7.39064287162581,-17.914873155806273,8.777009866330543
TCGA.A7.A13D,46.925822420605186,-25.95348939351899,-10.322630228024288,20.469659208078358,-11.735701309963188
TCGA.A7.A13E,39.356349309274826,-37.12090426503415,0.4209974703664279,16.96355596821534,-18.053039441178843
TCGA.A7.A13F,-32.079985179662124,-15.769507377518856,7.946396473362293,4.080738520545933,3.6323741166906505
TCGA.A7.A13G,-24.6561479706362,7.575683828320372,-29.457074891295704,15.563798744874804,-9.703017610344236
TCGA.A7.A13H,1.7535556704031285,26.132355840122287,1.1442535415315311,3.6188007019187207,-4.37338063031701
TCGA.A7.A26E,-22.740141338497303,14.016576988317667,9.652823496775799,12.433515372286049,-13.374178381650646
TCGA.A7.A26F,33.055297827561084,-13.691921452792064,14.140512713250232,-9.179378750995722,-16.29308990110349
TCGA.A7.A26G,44.41567361859218,5.300949965317579,-9.646344147384058,-6.079104240860522,-1.153349689990663
TCGA.A7.A26H,-18.52803480932122,5.6229997278740695,3.410072295838302,-3.775134532007121,-10.632274089277553
TCGA.A7.A26I,48.264628453220276,-11.990549078037688,-13.906971268695992,12.158529025066853,-3.3471153947622483
TCGA.A7.A26J,-26.99792868140383,-1.471629907138877,3.6725557158888504,-5.7288228003049335,-1.1224636636856646
TCGA.A7.A2KD,-6.490828130251729,-3.3900973808158117,-11.856321999924969,-20.642313563080144,-5.81182675865416
TCGA.A7.A3IY,16.010828415244937,12.74798354292232,-20.931991137696798,14.84207902348303,6.341812246521663
TCGA.A7.A3IZ,-48.005263115550065,-14.237984832041482,-5.888200018850303,5.711322831418112,6.559831883943931
TCGA.A7.A3J0,-8.71330467763084,-0.10708315392661592,-42.29433556896625,16.760913459376916,25.199027119630838
TCGA.A7.A3J1,-5.806166473979642,24.77208134340393,4.96227697100483,-0.5563553118154647,0.20585055483294767
TCGA.A7.A3RF,-33.67980543390333,-18.66596151798311,-32.9250081921951,8.769541869600735,26.63125126446546
TCGA.A7.A425,-7.4063524105963525,17.51763972946904,-8.60437378364681,-2.060044623520983,-10.314381750439498
TCGA.A7.A426,-3.465001627417254,28.712180235204322,-0.2867283059463583,8.207865916907416,-2.412734708340409
TCGA.A7.A4SA,7.831043563625361,18.51550466473896,-2.6626963946868747,-6.481702910446717,10.801057028632968
TCGA.A7.A4SB,-19.121134088558982,3.8039892522048895,-16.188704923660904,5.597698557710357,3.313921920128189
TCGA.A7.A4SC,-1.5283869190621528,22.114647993429468,15.435813200507338,14.621061909783162,-10.153496653145226
TCGA.A7.A4SD,45.5571887642146,-13.671180550973158,-21.599481244653873,-12.858373746596726,0.2245709815952
TCGA.A7.A4SE,49.02852552101885,-0.709825796688687,-9.271682179224202,12.80979847131775,-7.164627809052263
TCGA.A7.A4SF,-22.07966315776959,-23.385543195522086,-10.912196286057045,-27.12985325945019,-4.730237406725274
TCGA.A7.A5ZV,38.75411065160728,-34.05165344154922,16.098394262359996,24.329085818627235,-7.4160654716622165
TCGA.A7.A5ZW,4.3503833110676124,28.22769971046107,-3.6435530611233258,10.582645575838354,-8.495282150646872
TCGA.A7.A5ZX,-3.2135146295825603,26.987280919963055,-1.923674648733437,22.87286069369109,-12.4803061970687
TCGA.AC.A23C,-3.384592174648243,8.360432679772943,7.397499645515885,-8.935607579312448,-7.568980804388205
TCGA.AC.A23E,-19.332616644458575,0.41492853802774066,-3.5455400423967585,-4.343498472990091,-14.707186588322699
TCGA.AC.A23G,9.38600864979054,21.937031646574848,-2.374063630912767,5.087365201824292,-9.529655170167688
TCGA.AC.A23H,-16.97340835862766,-28.369354522995348,42.922138788680336,-3.0496092793846725,-13.582313071530693
TCGA.AC.A2B8,-9.216313298208487,15.089309952142816,-3.0593636783434794,-8.86439300861966,-8.313987598126753
TCGA.AC.A2BK,42.98964730768011,-41.79064113553303,-17.90813947303913,13.214666728611649,-0.19021140201434983
TCGA.AC.A2BM,-21.593005085288933,-4.882219922116838,9.781807296862565,1.8021859854149453,25.569934378673853
TCGA.AC.A2FB,17.24805189845236,29.120804898966465,12.775636341995467,-2.847264346129366,6.52479006219756
TCGA.AC.A2FE,2.729724173566334,22.369633482861772,22.17389977077026,1.2477736204491745,1.1032731847710004
TCGA.AC.A2FF,18.1733961936277,35.799170490730155,2.0874018149069564,1.5231810850112184,4.2311803032115956
TCGA.AC.A2FG,-8.346294697430018,26.000918255086912,-15.10682124044711,7.537269882092199,-9.967721923832702
TCGA.AC.A2FM,-35.26751291783718,-4.21713075733708,36.32395647148672,18.379469332123357,12.809101155770021
TCGA.AC.A2FO,1.5430551624345226,22.64163591989829,12.711393710274008,-7.893939745276315,7.2054506744807485
TCGA.AC.A2QH,29.45352178638116,-13.220772564221809,-9.765073281995681,1.160264717864632,4.990825402220304
TCGA.AC.A2QI,-11.534310949256259,8.170396465330272,-13.39881721801339,-13.087701516530192,-5.414592856213065
TCGA.AC.A2QJ,42.573826710414316,-3.0939792880278376,-13.472700533127782,-9.33403568345044,0.9587925921146551
TCGA.AC.A3BB,0.2409041525968127,28.423342330760047,5.687811843290134,-7.21832428912205,-1.650841580348229
TCGA.AC.A3EH,-27.254321064116837,-10.223748152677258,8.994188299911375,-1.991947653560702,-25.163797129950503
TCGA.AC.A3HN,0.8384489976867555,31.617275251414995,1.3307545073892506,6.349245162436255,-3.1722465542283036
TCGA.AC.A3OD,3.1899973933771104,22.94874218025181,19.001291663169585,12.635656644515961,1.554472331639793
TCGA.AC.A3QP,5.462557852212437,20.680104251052562,-6.462749547130486,5.971380723759096,-6.876126359496553
TCGA.AC.A3QQ,-23.513761660781128,7.560418044302028,-2.059673207588243,-8.42256352700174,-6.025295980291959
TCGA.AC.A3TM,-12.825646748369083,15.564061400220394,0.2614072512518483,10.015112398764643,-8.753341860831563
TCGA.AC.A3TN,-34.743024083598215,7.904047457676783,0.7923909317007201,11.22556395255284,-13.957145513020526
TCGA.AC.A3W5,9.641882170146221,2.292207755599425,14.00679130470733,-15.759462338132117,-16.92746110540541
TCGA.AC.A3W6,2.17716929279154,19.921735339244787,5.965979963502706,-9.000332484100268,-2.699299152938231
TCGA.AC.A3W7,-9.48267185198524,21.43578140252468,-0.7852996289580408,12.62536178577936,-18.82192402819978
TCGA.AC.A5XS,2.5308723649896914,12.39367486282712,3.5356852644739876,-13.180299884382974,2.7388221608466634
TCGA.AC.A62Y,-10.317847783538383,8.619568174251501,-17.17925456088667,5.252295251444142,-0.45928183171573184
TCGA.AO.A1KP,-38.60110384447746,-16.1716096956782,1.8787023705698207,-2.7064875526313004,-2.008902953726123
TCGA.AO.A1KQ,-12.257343736865817,-10.792425419495991,-9.803728722372409,-22.058236140783098,17.25630340259652
TCGA.AO.A1KR,41.72728512068773,-20.517996586488074,5.085889536636814,8.496115976052296,-4.021372608423472
TCGA.AO.A1KS,-10.906173934790298,-3.520765635748108,9.988188853048726,5.1376283641706735,1.9207327688636378
TCGA.AO.A1KT,-15.427083248714695,-18.447797368330395,-9.364017008858353,-18.30937977272406,-3.6241183160240014
TCGA.AQ.A0Y5,-12.616769601744336,-10.275339114611828,-2.7272853278884743,-1.9115053390545502,-13.746061052668269
TCGA.AQ.A1H2,-37.247182384081114,-26.18087883791529,-23.323723977452666,-12.305873517685702,-2.7355915702268736
TCGA.AQ.A1H3,-9.297637076467261,17.316151342476164,10.510702384767132,4.968735123426098,-6.34656751513795
TCGA.AQ.A54N,47.0646658127134,-33.285765841137106,-18.771953351507502,32.92180850445516,-10.344762650497595
TCGA.AQ.A54O,-18.326270490362383,2.1035592034144814,-16.261458945005405,7.524981047369415,9.667822427494682
TCGA.AR.A1AI,52.26268494001303,-23.620702910545905,-11.614739749829237,-13.077867799425206,5.885239290699448
TCGA.AR.A1AJ,55.60252521563968,6.1977590292961295,8.32080272739454,-9.123613537656404,10.537232557133645
TCGA.AR.A1AM,3.725627364449359,25.284441048409064,-14.951007733015667,0.37218272632502386,-4.57352265069516
TCGA.AR.A1AN,-1.0115135667037123,12.309789491722025,-14.146818368337604,-3.781159699182459,-1.5681607262144737
TCGA.AR.A1AP,-13.661133392043128,0.5203381423560353,12.014781201731596,9.825647709130596,-13.459596953119249
TCGA.AR.A1AQ,53.817844864574624,-12.322289636550234,11.509567518888025,4.968634542846,4.5509091910917085
TCGA.AR.A1AR,46.90056809900409,-8.58860708774195,2.935480350467288,-0.11537699504263839,3.4893305122247398
TCGA.AR.A1AS,-27.381133639358456,-18.762961846152017,-15.72920917957224,-4.157227211419603,-23.014224551750274
TCGA.AR.A1AU,-0.5816322372264143,14.296360682044948,-4.526084397975333,13.984418703162607,6.911633587460858
TCGA.AR.A1AV,-46.42014599419071,-16.07848086211191,6.053796456147836,5.218825927518342,-9.186896739823416
TCGA.AR.A1AW,20.12553081212564,8.298561292501763,28.142364728384475,-14.45917432172665,15.5733923780208
TCGA.AR.A1AX,22.0270078448376,24.81981040091543,4.153515198030917,-9.213021978917299,7.886487761245989
TCGA.AR.A1AY,50.554554492228604,-18.066148578861185,-2.9749829356137476,29.074926836207705,-10.998891706778947
TCGA.AR.A24K,-32.163224963387485,-9.891449961416074,-4.552822840904501,17.40186615778946,-15.150611955690788
TCGA.AR.A24L,-9.437799982606665,5.196449917344646,-8.760372962069138,1.9058514071021715,16.99293017912823
TCGA.AR.A24M,-22.35430864837053,8.222883680636908,-11.725065865861888,5.717367337703436,-12.638763525834166
TCGA.AR.A24N,-24.182953787789522,-9.209774501015477,18.824597178005956,3.35702780144511,-16.495525458228585
TCGA.AR.A24O,3.4920928828113813,26.30845395785039,-6.627658723238313,-2.031808978897797,-0.7199295162187056
TCGA.AR.A24P,-8.825666038293356,10.179381560055479,2.981583625713622,13.520013026694324,-10.267282974455895
TCGA.AR.A24Q,47.994948355233255,-6.97062080002105,-7.8722310677220735,6.624285571154497,2.4448346460223873
TCGA.AR.A24R,-20.278021187398004,-8.781490101792162,16.074466809391502,-2.737479050447903,12.74698373307994
TCGA.AR.A24S,4.851679959590498,-1.9887665373787524,-19.067928485285503,-25.967190521192563,-0.5149606984605333
TCGA.B6.A1KC,-28.71484664798538,-21.841950499467426,19.547442221223754,16.442103618602562,32.76240245918913
TCGA.B6.A1KF,39.38208063599978,-33.32238147901257,0.6357241157968218,22.840949030944337,-21.281426768258445
TCGA.B6.A1KI,-14.083338580284089,12.646744986843203,-16.428686778617422,1.9490772226353645,-7.682364418709958
TCGA.B6.A1KN,-12.745551668282886,-13.336101660339946,12.523288163760506,-14.286524138528492,-9.21589826971863
TCGA.B6.A2IU,-24.203913159692032,7.56765962193566,-9.209883186578026,-2.78902440341479,-3.013235639207244
TCGA.BH.A0AU,-8.308528264935818,7.411428267921119,1.658822500570336,0.3373375539639808,9.853979306881666
TCGA.BH.A0AZ,-4.334395580872564,15.24784518207905,-8.088890965551562,0.21898632398339374,-3.452016930466755
TCGA.BH.A0B5,-23.237494020734683,10.231328860056939,6.392727669257808,-6.195281104700693,-7.907370468599779
TCGA.BH.A0B6,4.303660364510232,11.965128502229048,9.356517822058306,-18.454674230392968,6.788997604717786
TCGA.BH.A0BF,9.407110520061908,7.620208821266153,13.63931720937715,-15.731579503182626,0.330361697359035
TCGA.BH.A0BS,-28.313989679424452,-2.0106221608856587,-24.54782565459041,2.726993625606747,-8.908891808127525
TCGA.BH.A0BZ,-4.093383337201328,-5.235146144468615,30.14919275203758,-11.730445599727894,6.446844691995437
TCGA.BH.A0C3,7.752547450381025,18.4836832092624,4.665122930154321,-8.781184571128694,12.144211980767746
TCGA.BH.A0DD,-33.38336282882636,-23.818199831036708,-4.9893822736760605,-16.43687475168814,-2.277784528050168
TCGA.BH.A0DG,4.176112104116765,15.629866899638163,12.355191711504013,1.5235012199196027,2.1851714060732497
TCGA.BH.A0DI,9.063797186233751,18.714072357718308,14.373579702886657,3.3340047481126236,-4.099594898314328
TCGA.BH.A0DV,7.30842359711725,30.479662974625636,-0.41711883287868506,1.4269228821793096,-6.891056509108582
TCGA.BH.A0E2,-15.921988772876945,0.24061354771843604,12.615885222495683,12.749186247856212,7.92111293303048
TCGA.BH.A0H3,0.0021696313764664093,22.063646561288028,1.5174489238274995,8.838345589227147,-6.319061705992784
TCGA.BH.A0HA,-18.31388988110828,12.502984438799112,8.165968981774297,2.3031002093387873,7.540879457119095
TCGA.BH.A0HN,-40.524348907929685,-12.893825101160857,-16.57913083958716,3.176801302401235,-9.079714483399554
TCGA.BH.A1EN,-16.256549671100583,-32.04876068230064,23.49252376504824,-0.8639265991134216,-15.742286208793184
TCGA.BH.A1EO,-13.226323879516304,1.9507970071498253,14.752482347716525,-5.593822804992797,-5.714240410206521
TCGA.BH.A1ES,-19.874645935957734,-7.23260330104717,7.028058506645065,20.13170546597595,12.038755835363714
TCGA.BH.A1ET,-24.860191463603595,9.381006071799575,-14.165415870732241,-7.712881061379354,-5.217353805931419
TCGA.BH.A1EU,6.925909119562414,28.281924110380334,-2.457091179925874,-4.150538688117804,6.82624238681668
TCGA.BH.A1EV,-13.88515372716445,-7.946099848944016,-0.44931910349091436,3.4586366348359863,-25.64396417837778
TCGA.BH.A1EW,-3.8720870699456205,11.187935650635943,13.67911052966485,-0.10323319665880379,1.652046176855088
TCGA.BH.A1EX,-1.7573163680774604,-2.267412809028892,-8.17307849774186,-19.16805859829867,-19.256798403846613
TCGA.BH.A1EY,-2.9741582615680073,5.046592203530545,8.125435000702486,-10.046154885194909,-6.815151184280892
TCGA.BH.A1F0,53.32656389121522,10.826854322632311,2.2368968869622425,-13.253715378712217,11.351035695819068
TCGA.BH.A1F2,-12.475667410702748,-9.460841812529127,1.1665149569212425,-19.500892887875214,-14.661951329266529
TCGA.BH.A1F5,-29.13712468764907,-3.8871770948561952,-16.918367792735232,-2.159858846836836,2.256776474065161
TCGA.BH.A1F6,50.67152899066669,-11.983536324062596,17.171144679514544,13.415692393163388,-0.016034129656323698
TCGA.BH.A1F8,-19.68899949391735,-23.336799949129922,0.38239066842360464,-14.32580360932177,-2.56432925537298
TCGA.BH.A1FB,20.951963233476892,32.741627293914526,-1.869895832815188,-0.8287640656429454,1.732299740920233
TCGA.BH.A1FC,48.55192626314325,-26.50422588665902,22.031078731747098,11.053380090221331,6.252323585115648
TCGA.BH.A1FE,11.231690242278555,14.81013249388961,10.047683621516375,-13.425260980489513,0.5860694376911422
TCGA.BH.A1FG,-24.370031167198995,3.009179920820833,-11.784311782585736,10.250402634339876,3.3267836755344895
TCGA.BH.A1FH,15.585256963481395,31.157573102141598,-7.371525663907593,10.110597620041162,-0.3918790108346413
TCGA.BH.A1FJ,-41.33968167648351,-16.734707238683885,-2.4092828710897107,5.367374057756363,-7.355684687987245
TCGA.BH.A1FL,-31.056068869836754,2.504013148130365,-3.576532836041326,1.3060555244191143,-13.772032026450805
TCGA.BH.A1FM,-22.795701376319474,-28.693138238431448,-14.470324416371364,-12.273152336441424,-2.093914171546227
TCGA.BH.A1FN,4.1525113269339595,-13.269662112319384,-24.57508224860809,2.3333325250746753,-5.958825440549819
TCGA.BH.A1FR,-6.66609421670721,6.1672507163837444,-16.65465194693128,11.629652521242447,31.168789226132265
TCGA.BH.A201,1.6391696154137785,14.754260681992076,-13.17276432452006,9.662485230286435,-9.049464844246163
TCGA.BH.A202,9.86146436406882,-5.900687652965889,12.36334369573489,0.8316285181934837,-14.062078638861317
TCGA.BH.A203,11.547466861359933,-1.2592816216177234,22.7862699891756,-0.06984412343969362,-9.658989603336266
TCGA.BH.A204,-46.099932531946806,-35.61128481354233,8.923187345381281,-3.4553200828317356,24.166318001393147
TCGA.BH.A209,22.383650776644167,1.8594944988049003,23.97851081887336,-7.840639664512586,13.186284981791504
TCGA.BH.A28Q,-24.923767782530952,12.131036152042867,5.075875170476841,12.103238929004908,-8.634207760982735
TCGA.BH.A42T,-22.060814537613503,-1.2960805491675385,20.046958151129576,12.780699761157411,-2.9729235501162092
TCGA.BH.A42V,2.504328407314923,26.38911977559061,8.321741286791282,8.257435985967124,3.0968372915303064
TCGA.C8.A1HE,-30.522177727341578,8.730904671615585,2.1236304064011557,16.114392747817114,-12.352611138835291
TCGA.C8.A1HF,7.462567848689206,-12.019974746751139,7.387105781075402,-7.314986056840652,-5.669692445043021
TCGA.C8.A1HG,4.859139032507493,-13.719145492359395,-7.193272311786425,-16.948075235560868,27.749041742240692
TCGA.C8.A1HI,-3.3250246146589633,9.331619431623118,-5.22094233403727,10.408319212903864,0.9838856308904056
TCGA.C8.A1HJ,59.51486602876961,-22.888201721694156,-13.477314291122958,6.144081023493832,4.657179847387679
TCGA.C8.A1HK,-5.303894192431873,-24.577513804105486,-8.989518662891907,-20.75168803917425,-6.631552406490492
TCGA.C8.A1HL,-26.41183124456323,-21.014206477928727,-12.42111761726539,-17.33714963789471,3.7374763558878814
TCGA.C8.A1HM,-4.108459457386566,-23.216389029380785,1.0601921512769152,-30.36519988447907,8.449161965737616
TCGA.C8.A1HN,-21.514798264787846,-27.44021203338902,-3.931712130365854,-3.228168636226399,8.388351292053635
TCGA.C8.A1HO,-36.09961084942614,-21.608105502491412,24.31897022476964,12.533358676417262,26.26135025441343
TCGA.C8.A26V,-19.060164735997432,-13.281860604252946,8.513871141742877,2.303170859870951,-13.968020104944905
TCGA.C8.A26W,-1.314933478605952,8.542355012360318,-17.60583037427708,-18.868074080485837,3.0964248967700407
TCGA.C8.A26X,18.449412254214558,-2.2986247820449606,19.375668297520207,-18.7392172887236,-8.3209706242704
TCGA.C8.A26Y,23.119646516373404,-9.765784453719478,4.157885985791076,-10.671518079939888,-3.656189124470053
TCGA.C8.A26Z,-30.092454721894335,-13.345104870132875,-9.079995631355509,-9.247640342028225,11.990995500004143
TCGA.C8.A273,-19.344177470132237,-7.468394597291504,8.07088178474521,4.126648911441065,9.060587922369136
TCGA.C8.A274,-31.271085774444593,-12.150871946789376,13.753981690593273,10.812249975143743,-24.00551648363381
TCGA.C8.A275,13.657618498459351,-6.8308725804769415,25.55531610213959,-12.269954527002843,-6.152098498551879
TCGA.C8.A278,15.573206117604203,-5.200610102767163,20.818512353793754,-20.587763943412856,-5.834184060068359
TCGA.C8.A27A,-21.902573141695186,-29.869647102266523,4.399765651677096,1.4874045723045453,32.341022016525265
TCGA.C8.A27B,58.28467393283781,-27.381396306771236,-6.613692037467708,1.9741062406213241,3.9382373900464747
TCGA.C8.A3M7,8.822867668708938,19.31699408387249,10.338425740803181,1.2702577766082377,-11.18309557244165
TCGA.C8.A3M8,-26.22461956393503,-7.013923763311885,23.562356205886385,11.775124905935284,6.449912714884101
TCGA.D8.A1J8,-12.433413995900885,-11.784169021419949,25.315992027819153,-7.790191370093778,-9.691338891654587
TCGA.D8.A1J9,-15.599621160174094,-12.500799080973746,15.745335535430886,-2.214580440563208,-21.161547825633956
TCGA.D8.A1JA,-7.473779096231382,-29.48766082982794,-6.448643556582208,-15.567848752263053,-19.766877782619815
TCGA.D8.A1JB,14.35289002633383,21.40163687040121,4.202823568653591,-0.1577401188621905,9.413458089645882
TCGA.D8.A1JC,-4.309870236663017,-8.952330153945141,-10.076966668311952,-20.097316047677253,4.2271639015952776
TCGA.D8.A1JD,-12.57939061176924,-6.293670181302208,-3.7135131004574995,-13.658031902733438,-3.8606892084156392
TCGA.D8.A1JE,-19.355009545819673,-1.340856437163819,-21.505988759624458,-5.481496307247864,-0.32726360359688134
TCGA.D8.A1JF,5.8559527656449095,-13.791438472876617,14.236529143516611,-25.036127417130334,-17.98075129973206
TCGA.D8.A1JG,19.478458483294,-13.66143549638982,15.756538831896757,-24.25509741538082,-9.115985642936982
TCGA.D8.A1JH,-2.418326039642156,23.419859382054277,-7.124867974471872,1.8138319851872249,1.1821985565315034
TCGA.D8.A1JI,-46.90339834434534,-16.519595588175704,-18.115909258948044,-3.512096909020391,16.969251359007096
TCGA.D8.A1JJ,-9.488177386036813,-9.781773186395736,-2.6855805222386686,-5.3985828821596815,-13.775336061896848
TCGA.D8.A1JK,22.83017756138207,-18.961775739580816,-10.810645583031576,-29.658747896888343,-11.13282369130746
TCGA.D8.A1JL,52.194904950490084,-3.6655502769369135,-4.206116738707313,3.72326268206099,3.5260565147426606
TCGA.D8.A1JN,-34.662160273321476,-15.233202172337641,6.454137077520991,-2.8341440866612504,-30.204262563196686
TCGA.D8.A1JP,-4.529525589914044,0.08051649848278415,-2.4225772490978303,1.7808056436386714,-9.908355495557101
TCGA.D8.A1JS,-38.26730087824711,-12.695109403702023,-27.50215816172554,10.661334149175477,-2.684995172766139
TCGA.D8.A1JT,-32.15041556444939,-29.745370251454727,-8.816256878694483,-8.271513011505196,5.189592178525264
TCGA.D8.A1JU,1.8649190820173787,29.77779838264221,-5.132790503703627,1.5514565134375522,-4.5171859944984485
TCGA.D8.A1X5,-21.971255056389296,-23.349488313585866,3.2925382944146753,-15.027094530194338,-0.4092829722767598
TCGA.D8.A1X6,-30.57270260432448,-22.0405929736409,-21.71651220397911,-20.039854933816706,10.467308807623997
TCGA.D8.A1X7,-19.03752660399522,-8.263801616124892,-25.906682814447095,-3.2340910463594947,2.8991416167619715
TCGA.D8.A1X8,-18.747478067408384,16.268790988317498,-1.7703952709208384,4.410456264264247,1.241517969906308
TCGA.D8.A1X9,-30.59739132060538,-18.407689777175758,14.347362205213257,-7.603605683378761,7.688257577660903
TCGA.D8.A1XA,-32.01283293694528,-17.135234771763077,-9.923137834475412,-11.587877160055914,-0.18457872224220748
TCGA.D8.A1XB,-15.585842807178068,8.830376071252113,4.571834109598464,8.513307832098667,-12.827525291634142
TCGA.D8.A1XC,-36.13939860308627,-14.307286202071017,-25.847212674841312,26.897242274877414,13.16744772228654
TCGA.D8.A1XD,-18.241876693204127,-6.026050057279505,-1.2211947038129825,14.094741509157537,5.41718873803334
TCGA.D8.A1XF,-30.281911917483992,-24.58661712019504,48.871411715656265,28.148669611966035,25.713362779731177
TCGA.D8.A1XG,-10.28915326841565,0.40181031686636975,-30.77195583272213,29.111456591802135,7.7492346257043465
TCGA.D8.A1XJ,-5.893081683942741,-14.343197782110183,12.694325470407614,8.647917601129544,-23.259981564000295
TCGA.D8.A1XK,56.18140452059986,-15.826614473045067,-0.4843000434370539,14.636214740940073,8.334987405566507
TCGA.D8.A1XL,-1.809454712100395,-5.187451613267101,-0.8936511332001463,-8.498630223941625,4.870620270507297
TCGA.D8.A1XM,-2.1920506855153223,18.98745785357149,-0.6934706634824146,0.9830037218563052,4.988453878087002
TCGA.D8.A1XO,-11.70756561935516,11.932070892894506,-9.843156752389769,-0.40183706552110715,-10.628410828542208
TCGA.D8.A1XQ,46.64111953864608,-27.122582036673197,-7.7439398718169485,-9.94933353777848,2.682487176412827
TCGA.D8.A1XR,-25.92311913197106,-5.981230125003118,-41.58401883251639,-7.807283919694778,-3.4140987764615636
TCGA.D8.A1XS,-19.189622198059414,-2.1830414103732796,-16.686197519906333,-7.898705005304466,-3.947617096338012
TCGA.D8.A1XT,22.35877871459761,-10.02851415321229,6.766399921669698,-0.6847015105690472,-4.512932067701772
TCGA.D8.A1XU,-19.38308801881646,3.962750032168902,1.5590469101906812,3.016819274053308,-9.237146511203697
TCGA.D8.A1XV,-37.5144232828766,-17.575673223461266,-17.09321148387774,27.063633375888195,10.065592592210333
TCGA.D8.A1XY,-6.347955003562809,-2.524085910787626,-26.456641238225327,-17.612108349399183,-4.989726376665765
TCGA.D8.A1XZ,-8.88197926596202,-23.734009889098253,-7.610034124993827,-21.446283372655266,4.421945709510964
TCGA.D8.A1Y0,-8.240036255807425,10.132457882550662,4.400389436936723,-9.737410182662572,5.298702234463784
TCGA.D8.A1Y1,-20.830511069390287,-14.327733184030121,-5.847795665590407,-14.7761045967932,-8.808258916470251
TCGA.D8.A1Y2,9.624471192055204,7.744186539455115,-11.120652928770184,-12.022051307476026,5.879802304902708
TCGA.D8.A1Y3,-9.30864835342189,-29.459143308057392,38.774108540834874,-4.5212185609905875,-0.9584144973275172
TCGA.D8.A27E,-9.732209258966014,4.03584606865586,-33.97298382053022,15.940629955672097,26.274345435448854
TCGA.D8.A27F,56.703692423826205,-12.448977605293654,-17.5905090969965,14.309539530220686,-6.3847453821943185
TCGA.D8.A27G,-11.990248929138247,5.557540776223147,23.58354511930139,-4.344343040954146,-1.0558725930104373
TCGA.D8.A27H,46.29114213542741,-7.3402339930214655,-1.8421532800449338,23.111552993911225,-6.090524912009534
TCGA.D8.A27I,8.209809281652694,31.202442047749894,1.2596603269432878,-1.1126518823065266,0.12398221293075429
TCGA.D8.A27K,-3.268016180960476,20.497984294986725,3.306828449384473,10.392512448651107,-11.01924113727406
TCGA.D8.A27L,0.7825524509586017,23.259997554100984,-10.974214722422499,-7.465400292776061,-4.781267378351886
TCGA.D8.A27M,50.94140070914917,3.569801300825844,1.9910694120108021,-2.3668366668201872,7.646485645374749
TCGA.D8.A27N,-5.906132286877519,-3.452554579113798,12.058381343501114,-4.458631484450214,-5.517783645119409
TCGA.D8.A27P,-8.579842728893631,18.338579998486033,-26.878572587432398,12.090140813712724,-10.245835099432835
TCGA.D8.A27R,8.784997919369832,2.8551169945665427,7.037747983104148,-1.744358604389609,15.157303310715607
TCGA.D8.A27T,-18.06368608677417,11.7736436863607,-3.849139400743943,-15.346358554472804,-1.9640914013258497
TCGA.D8.A27V,-12.977211582311785,9.277275530384543,-7.894116423480873,-5.883863340615768,-11.6209767901099
TCGA.D8.A27W,-12.419926525809,-6.751853655965967,14.573173627057876,-1.9595777097620466,22.941443003812942
TCGA.D8.A3Z5,-4.677403741500907,24.0545088096631,-6.648085520168577,14.066763502581315,-7.0986502930582605
TCGA.D8.A3Z6,-21.68086844217372,8.245057259978841,-0.48328175926372996,2.3900049530538037,-14.821328121226747
TCGA.D8.A4Z1,12.466067913436415,32.77918643747384,-4.862930538115035,13.151093692710546,-2.6432098413210388
TCGA.E2.A14N,54.99164344711328,-8.295475211122666,2.4086451151168293,6.482352441473005,6.280012640719949
TCGA.E2.A14U,9.397461369528742,29.039707356452098,-12.85388621893676,20.001140595261603,-2.518782862697855
TCGA.E2.A15I,-10.427204575822119,17.026857315924087,-20.4490647834938,-14.123499779954011,-0.06151753048551764
TCGA.E2.A15K,-11.518185247908688,-1.1897392666262276,-19.13439815346169,-31.37239954665572,2.4210569264728203
TCGA.E2.A1AZ,49.05247598731018,-3.376238194155065,2.629665088269756,2.4216890953365193,3.92483119393167
TCGA.E2.A1B0,27.152566391555045,-10.298709230846852,-7.107703759035271,-17.40265709066853,-12.288089999665072
TCGA.E2.A1B1,20.520496922455774,28.00315443707538,-5.948890676325483,-3.492635241388789,3.0820050901669784
TCGA.E2.A1B4,-28.866803113657465,4.747547326726946,-20.140785984296794,0.5661162381121256,-12.813652334943452
TCGA.E2.A1B5,22.79328712820675,22.05188886169104,16.191831449782345,-7.4450201542696055,16.867109280637443
TCGA.E2.A1B6,57.09933980350262,8.414769338749478,6.198603342798488,-7.400738459294655,17.785942286330098
TCGA.E2.A1BC,-11.06171510119624,13.50740152551324,-2.9970302192302016,0.9426246150848248,-9.499852213847538
TCGA.E2.A1BD,-28.228550688503685,6.880172250805077,7.390961482539991,13.744507803134107,-19.746737735902222
TCGA.E2.A1IE,-33.45959746038158,-7.583107336160065,4.942989977206239,10.093349657341847,14.59645081473615
TCGA.E2.A1IF,9.35568000624052,21.34886282955707,-15.436257788211314,-1.3653370762823485,-9.379572068024443
TCGA.E2.A1IG,-24.85420102716113,-13.353221863036875,-3.8294053761669717,1.8349132378334574,4.329975900442069
TCGA.E2.A1IH,-1.589504154122053,15.316041914814399,6.027593477751437,-8.845955036409705,4.178529617830735
TCGA.E2.A1II,48.054130786349546,-17.394290714757837,0.7728174119364033,-7.078202598391392,14.737376250240187
TCGA.E2.A1IJ,2.432789534902015,22.654000507539575,-0.6337108059550551,-4.2617800547511875,-9.686726574300232
TCGA.E2.A1IK,3.463640114722016,14.915731898943443,-26.477818764468182,6.675284267439987,23.63114740803111
TCGA.E2.A1IL,-18.26255059611834,13.67448157403484,-19.297983141668,5.383971051843637,-12.305986607296735
TCGA.E2.A1IN,-21.189500668614876,-4.812398689752117,-23.493913384436695,-11.130831558370494,-14.19625787336206
TCGA.E2.A1IO,2.121251816077644,14.368319857631858,-5.620879854066117,-10.270694787633673,-0.9967342438192832
TCGA.E2.A1IU,-16.944345158733576,12.743948337602417,-12.813574754379669,-1.7017787172889647,-0.059166874613312964
TCGA.E2.A1L6,-9.280808287221541,20.752720198538373,-12.82043640575259,6.962097135800084,-3.6925625260496937
TCGA.E2.A1L7,-1.7026443811866308,-2.4294928465396914,23.004978687727338,10.488863558185047,12.362156966840821
TCGA.E2.A1L8,-17.60400997933173,3.1504041394789453,-13.931994621227483,-14.512601844745783,-9.099395446552162
TCGA.E2.A1L9,-5.670426529168939,4.623244316497894,-8.069339109295289,-1.2270392091741997,-9.667765134833516
TCGA.E2.A1LA,-5.453143141739849,-1.4455081011166138,-7.3015008360128,-21.579189540393518,9.786724880124394
TCGA.E2.A1LB,-1.8570445100329704,-11.651135687772296,4.2259181147427265,-5.389685778330211,-17.58510960856022
TCGA.E2.A1LE,9.444691288508317,-2.674267580521917,19.772007786943195,-11.711098523968483,-13.034939814102655
TCGA.E2.A1LG,41.90471298730771,-15.20226898383273,-29.230051626859026,5.543182789036905,-4.821839339244881
TCGA.E2.A1LH,55.778807102744594,1.1882609953539636,7.602695333105975,1.640345068808896,8.661397322921518
TCGA.E2.A1LI,55.05020341854046,-20.18405511039509,0.37423519516355863,4.951895536710426,3.034571581297119
TCGA.E2.A1LK,44.50596400110856,-46.87795300362164,8.827473527831202,22.572550240544896,-12.979261467111563
TCGA.E2.A1LL,28.355083102100057,-13.801692507384743,-4.423500433037946,-6.583343210905457,-11.095651034491238
TCGA.E2.A1LS,42.792609031511226,-21.15696342787567,-2.349477427358994,26.36529567722882,-13.335826230679093
TCGA.E2.A2P5,-20.866256288583358,-5.6962175138459985,11.804972512128387,-8.328583749670617,-16.22353854502269
TCGA.E2.A2P6,-36.77351106314327,-1.0608500058409527,-0.35954788380124947,6.150832246959889,-8.813646365567136
TCGA.E2.A3DX,11.811000896947977,35.590029633711495,2.9010149275961226,-3.0919530966732918,2.334995548465187
TCGA.E2.A56Z,-35.188595771656615,-10.944133416752235,-2.015598152364055,5.735436714627704,18.66985862672176
TCGA.E2.A570,-13.608093360795488,10.093836189775532,-11.199550853510017,5.3998777934687725,-16.055970622809227
TCGA.E2.A573,60.87623265720848,-7.976750032792902,-2.5486887718419564,0.2696804096947579,4.5050637888149145
TCGA.E2.A574,47.349006023174375,-34.26395046391307,-20.94807413868473,12.026052894118596,-11.968486529318199
TCGA.E9.A1N3,-19.64268963905551,0.8643237572644961,-12.128780738212837,22.779444525725605,28.08945641888389
TCGA.E9.A1N4,-7.230393173506206,10.195537382557717,-23.936692015956673,-14.419940489655843,5.619244943752191
TCGA.E9.A1N5,-14.717326414708086,11.601338290767048,4.81175071823149,-0.49011111203288643,7.912534659960625
TCGA.E9.A1N6,-0.22107133138354837,-12.00590542232283,-4.358126739536294,-9.45962645919823,-13.41148608078438
TCGA.E9.A1N8,52.598991793457536,-23.120945787320277,-25.105499202333334,27.355529599798498,-8.076272038512936
TCGA.E9.A1N9,7.621097467225731,-0.33047187716236226,4.699130969366496,-2.0832329026458094,0.6841595360188012
TCGA.E9.A1NA,-16.668607905580345,-19.926990097814098,28.869296286869826,3.2106306818631163,-4.777091084188011
TCGA.E9.A1ND,47.50229733228014,-12.813196822654302,7.344673839304442,-8.690219015711781,-4.2580981213894065
TCGA.E9.A1NE,20.985871242097673,21.788151554348662,10.058838523543315,-5.742714760776936,16.614550313880304
TCGA.E9.A1NF,-10.421048168666616,-6.677741874254483,1.6311439398744443,-7.4942722394263,-15.984908806907608
TCGA.E9.A1NG,8.793527239346856,4.001490794634952,-16.246846161788717,-10.354670927470513,-6.053180223873058
TCGA.E9.A1NH,-14.198124550599992,9.498001931677832,-2.9082980285462785,6.359458057687449,-15.248674974611351
TCGA.E9.A1NI,-29.5268532487201,-11.19763978542549,-3.172944919208293,-10.589445904981497,-11.181855758223561
TCGA.E9.A1QZ,14.375556387604266,23.70832280482759,2.133067085669305,-8.25246962458586,16.08686682608969
TCGA.E9.A1R0,-10.394194066775972,21.640295468092265,2.6940168350138705,-3.372533172097245,9.690018930572101
TCGA.E9.A1R2,-5.183153660538866,6.517542455544925,11.353779452405577,11.995819981881974,12.761524427076099
TCGA.E9.A1R3,-5.356598893780489,5.102406290855801,-31.482652799707974,-6.484684243797551,-6.881329975173934
TCGA.E9.A1R4,-0.35858021267422274,-1.2848038970851865,-1.3689002599510263,-16.947353080849233,6.312113341288343
TCGA.E9.A1R5,-23.108334235278694,-8.062360653291877,10.314046777913726,4.388555710792926,-12.424702003429065
TCGA.E9.A1R6,-37.8832845315628,-18.41134265403214,13.489668998341338,7.230404217983494,10.24179949253039
TCGA.E9.A1R7,-20.553182986268663,-10.26721117438941,10.155477543635685,6.627542484222189,2.048377761457111
TCGA.E9.A1RB,0.31831771006133014,-7.236278501153782,-23.816176151592234,-2.052288566253349,-4.524458169511505
TCGA.E9.A1RC,-24.875383127011972,-13.113718048394205,27.18371310813989,22.307380444801943,-20.97701463462845
TCGA.E9.A1RD,-25.175190598736652,8.922024810964022,9.511844146142098,14.474665092155892,-6.736751083798485
TCGA.E9.A1RE,-35.05574006170505,-22.918115109069973,25.40966326190653,-9.860673637245355,6.904767427659195
TCGA.E9.A1RF,-3.6157525684563803,-7.951919860634276,33.135030264838036,-3.0577665597716934,5.572100775796284
TCGA.E9.A1RH,20.941352144374264,-22.70668389916056,-6.531461965113832,-18.7908325190802,-13.539059185968588
TCGA.E9.A1RI,-9.335278466194447,13.136317732582201,1.0263186431584737,5.508732654991733,2.0556377060308013
TCGA.E9.A226,-7.214493533468993,-1.0674296980195392,12.057067306299887,6.156468494958723,-8.33521220628222
TCGA.E9.A227,-1.7655100625739852,17.090960075167438,-19.42580161831707,-7.928575205088768,8.087881432274054
TCGA.E9.A228,-19.61904802571504,-17.52686314665619,40.24523180308867,18.392512116877658,22.07630334128
TCGA.E9.A229,-9.21539201232396,10.336846428943797,-9.53099989015948,-6.301688015130293,0.29511857569820615
TCGA.E9.A22A,8.30641545233041,7.376095128376628,30.248352948874142,4.2440520342366765,7.1004683278249825
TCGA.E9.A22B,-9.994707825196805,-0.8350454722046896,34.43984888275717,15.17726418782577,15.081236344786591
TCGA.E9.A22D,-2.452515885210721,-2.0875152196435174,38.16545419942349,-5.31672734128095,22.795239817478116
TCGA.E9.A22E,2.880191823314151,3.946852483253979,5.0695493385259915,-9.08410409922382,-1.7562408755651955
TCGA.E9.A22G,56.162517476532294,-31.877663220283868,-2.603761114496535,16.245729731091036,1.0289893434381834
TCGA.E9.A22H,-24.443980812464563,-1.1885674682783418,-8.905195427162367,-7.009571969962206,1.1137953260452933
TCGA.E9.A243,48.52814704067102,3.1124433531271527,-1.0229394679492902,-18.088140523008324,8.20572219621474
TCGA.E9.A244,47.19583539274035,-15.379826182020716,-7.670636669190797,13.83605145606688,-5.359069626318596
TCGA.E9.A245,-17.2312782410513,6.54880054686507,-33.545321551724946,12.31745377280369,25.331440240016544
TCGA.E9.A247,-26.341784756531137,-11.111820865247015,16.66228368813955,10.964788854987935,0.41468893327378936
TCGA.E9.A248,36.85883733112573,-1.3072674355548943,0.5478335673156486,-28.875720103677693,5.886104215865139
TCGA.E9.A249,-18.642899422681886,-2.0504752155234223,-7.049454109362867,7.903321906392189,-12.364832819793278
TCGA.E9.A24A,-3.212713129039106,2.7907572243478374,-22.566445066735657,2.240686764775132,0.08332892019145756
TCGA.E9.A295,-13.904478902919589,4.810033249685131,13.58449667687227,-1.271108349719103,-3.1055418626646865
TCGA.E9.A2JS,-22.001114328768733,-16.972819598515663,30.462708507604372,8.365487569846858,8.599578639032437
TCGA.E9.A2JT,29.510424470289973,27.57311507934493,19.83889600674816,-15.006721927199104,20.22046545573253
TCGA.E9.A3Q9,-20.97587742587844,3.986286312468687,-30.401299762730286,-6.682195795017422,19.19390406665807
TCGA.E9.A3QA,56.563426389678234,-1.6281014105998564,1.8813221029157916,-3.857852190190943,13.799904383354912
TCGA.E9.A3X8,8.703226414141062,28.942365900974313,5.495632104351445,6.85938227924013,-5.573591285092804
TCGA.E9.A54X,-20.231834911864283,-8.066098854005721,-28.823003128566768,24.052951140651217,14.247088988432722
TCGA.E9.A5UO,-49.90284760768507,-35.95274152783585,5.790656024618782,13.370167447384086,21.3574572023256
TCGA.E9.A5UP,-29.376510830241227,-22.27541218419415,-0.06403743282278897,11.951032187850807,-6.901195824071932
TCGA.EW.A1IW,-4.910742289341795,13.758943552442812,22.94793133104735,6.824436986369848,-11.370186706812882
TCGA.EW.A1IX,-6.463855064346981,18.377062957923755,-17.629359292813245,-7.05483297063906,-0.4354331594741284
TCGA.EW.A1IY,6.12911314159725,12.863161749086297,2.893840791779801,-1.0992440647419777,-3.0112928486515638
TCGA.EW.A1J1,-26.630212321562162,-6.954325865257127,-29.811495678359915,-8.692557279130932,26.93755176868481
TCGA.EW.A1J2,-3.9668289268510732,21.84941235619786,2.5796956192189477,4.649200623487002,-9.067947316854733
TCGA.EW.A1J3,-25.748303442184827,5.276602569830257,-8.152223889876037,0.8336896611813046,-12.434621242709415
TCGA.EW.A1J6,-8.515011642851213,-11.019795577073195,-19.00079115866044,-8.57289367350438,15.524496237044353
TCGA.EW.A1OV,14.882955286761026,-4.997451236658057,11.533374692276764,-25.988827068546684,4.0712509682472575
TCGA.EW.A1OW,53.23622421994489,-16.158148860367554,-25.95228899533941,4.859080505453325,-7.408973014417093
TCGA.EW.A1OX,-45.31886540344339,-33.62355528808286,15.360853970894933,22.96790314041258,27.98516937005177
TCGA.EW.A1OY,-16.95238214698895,-17.678381919847734,-28.033219529971536,-19.780667872610557,2.276966854121204
TCGA.EW.A1OZ,-20.73727424810074,-18.326921434112187,26.21709338607411,-8.027735585208152,-7.172370563437452
TCGA.EW.A1P0,-19.315861264663376,-14.622100511222383,-5.880222948597794,3.3580336165581217,15.98173395417038
TCGA.EW.A1P3,-18.15221966088059,12.394812397550698,-4.098303529302953,3.3934736441728015,-3.589263531482281
TCGA.EW.A1P4,53.56345342467467,-9.805907274211469,-5.258218105587141,0.36386379797509627,5.435093629487291
TCGA.EW.A1P5,-21.573434113068515,-3.443389016842252,-4.259247087667995,2.5698729017603434,4.651461500310326
TCGA.EW.A1P6,-15.925099172150434,-6.2355247348776786,-25.981358324387656,-14.696015008425936,-8.335802504161224
TCGA.EW.A1P8,54.42358249625451,-12.625159706861059,-16.050437870751527,5.564328148328706,-0.49461186322083756
TCGA.EW.A1PA,-12.816166001411704,0.5872161947101028,3.7546033021749534,-3.9417766900887,10.227360076419426
TCGA.EW.A1PB,50.467634552008626,-18.452887025018804,5.049520160086792,-4.118984057924972,7.7964098040868315
TCGA.EW.A1PC,-13.467154796049776,-32.65369863577846,3.085099223488343,-18.99057722250739,-16.09346638027811
TCGA.EW.A1PD,-12.266206935776752,3.7544995037893996,-0.0730484708904076,6.84320216042501,2.623731555646587
TCGA.EW.A1PE,-14.897482885022333,8.309382983356876,-12.291464379095872,-9.056804997387562,-5.636850628069567
TCGA.EW.A1PF,1.438485892794243,15.205465224968542,1.2043945308703208,-0.5725587703381891,3.6907392848107796
TCGA.EW.A1PH,50.2505415678996,-23.727967776979273,-28.75610636641798,-5.158959272394544,-7.372189077530577
TCGA.EW.A2FR,18.70139397974686,2.913697709138414,-1.5381412962431542,-5.310912011873752,-8.12084452627921
TCGA.EW.A2FS,-0.5240263942597705,6.897422721902389,17.83816177900425,-0.7981261366735171,13.554991375849422
TCGA.EW.A2FV,4.007930298360405,4.739876876760524,4.954249811551873,-11.897946285187356,7.106025396832454
TCGA.EW.A2FW,-28.127821610598318,-11.247416174412953,-11.346113381338764,0.45181037516687245,21.235231355581288
TCGA.EW.A3E8,-7.108274492423704,20.34856417951345,21.231871477673526,-4.244264146837747,4.4820363630201685
TCGA.EW.A3U0,54.746352588408264,3.1832392314072284,-2.6577165719868705,-9.909599191547667,11.53139956426484
TCGA.EW.A423,-31.29616422119493,-14.539358033390549,6.200672569049218,1.3937502987223305,-11.60471022205279
TCGA.EW.A424,-22.781705623926452,11.860030173542343,8.246324485667854,21.987819793638337,-16.067067310685843
TCGA.GI.A2C8,-14.450253602463489,3.2264967884272373,16.206882447330077,-3.2815903397568933,-1.5217662570227999
TCGA.GI.A2C9,50.03525135968564,-16.704962365041442,-8.48296435921068,19.885003117756185,-9.988720022946037
TCGA.GM.A2D9,-24.940552783022007,7.277753852062457,11.228526580758563,3.447832773749511,-11.2776015647708
TCGA.GM.A2DA,-3.110624329840042,17.09649387246512,-5.853795659826469,-19.391299814054328,1.8389980674232942
TCGA.GM.A2DB,27.93477001550498,-3.401539768930095,2.4526883045517742,-19.960318856088364,-7.567405005341234
TCGA.GM.A2DC,-26.262734322790372,-4.679386049705919,18.42319752359109,15.264254444211092,17.444593146699994
TCGA.GM.A2DF,48.130536633583546,-5.650934534095839,11.010029884273797,-1.6715767430499295,6.968113528297507
TCGA.GM.A2DH,17.447844950255945,-1.4149628763975783,15.371145406915272,-10.354238890542497,4.608215834594593
TCGA.GM.A2DI,20.897722736274698,28.912084626676016,6.215400973272304,-9.880745777579408,14.563244680579524
TCGA.GM.A2DK,-1.34340252747672,18.2498014627533,2.312016108216742,1.6006885031253766,13.987594405088117
TCGA.GM.A2DL,-8.889893733154866,4.551896681948279,10.47034187555569,-4.020951930211657,-7.212239876977476
TCGA.GM.A2DM,-12.716868429213115,0.6055703461722399,-22.44077878600735,18.32917110742405,17.408946616345855
TCGA.GM.A2DN,10.486662116994907,18.18365833408651,7.508018985342136,-0.8296686631976871,-5.14636805209434
TCGA.GM.A2DO,17.543274511621203,10.09490982019212,16.39125319694199,-18.46449641183822,27.212121335837008
TCGA.GM.A3NW,-26.865565040968498,4.560752498789658,7.9038731239184665,3.330494722499439,2.6562905008489905
TCGA.GM.A3NY,-19.011770940838296,14.561713451414361,5.8071729348914065,14.546190137848269,-16.46340063458795
TCGA.GM.A3XG,19.29140887496102,31.120322979861218,-13.424342342524731,26.090143697664935,-2.827736464609432
TCGA.GM.A3XL,51.7585151754447,-18.732854114912698,11.385379853077744,10.840355669459703,3.380695781195927
TCGA.GM.A3XN,8.341057380917636,30.16586791576144,5.419302853429902,7.695737901335434,-0.965276676985865
TCGA.GM.A4E0,12.165623403811102,26.462610675148564,7.354190591782332,0.9971535990850334,0.1479081093160486
TCGA.JL.A3YW,22.810318620396064,-1.395306808382148,17.138737984756606,-10.731294999864794,-17.70063913439382
TCGA.JL.A3YX,-18.768540403870837,4.131112037753249,-7.079407702696726,1.2844838554929117,-14.519057705575584
TCGA.LL.A440,19.991679885593385,34.55952287403812,0.20802669425425613,6.913915434356206,2.329141440703249
TCGA.LL.A442,-29.100258508705448,-15.605149810155265,-31.992503338105692,6.2094587896390845,14.662025703639333
TCGA.LL.A50Y,-28.265922713629354,6.451193707104489,8.875824398586953,8.892774376370918,-8.246894840373276
TCGA.LL.A5YL,-1.8741250053612646,10.24899180503886,25.2237292384699,7.967176264188044,-16.23675729010604
TCGA.LL.A5YM,-31.186195458468823,-16.253912116697087,22.246185190719622,10.036066561006667,13.453286515768387
TCGA.LL.A5YN,11.357032596159767,13.73560345822125,5.520603811182135,-15.305474806804344,4.2740127009951365
TCGA.LL.A5YO,42.882078821630664,11.325523154572442,13.236805223929595,-14.140607581934356,7.545419960833443
TCGA.LL.A5YP,51.50215643435665,-4.100634557969998,-8.921107685707764,8.979753993957717,-2.5189921123298094
TCGA.LQ.A4E4,-29.82899264367127,-4.506498817711745,8.270945814190611,4.8750470461849735,-14.9205793049387
TCGA.OL.A66H,-12.318494801512651,1.00711034243138,-10.22175781247331,-3.3786815289020127,22.094715672693795
TCGA.OL.A66I,51.55206640090042,-1.5816748395799927,18.86339372231683,7.799563884350677,9.204706596679305
TCGA.OL.A66J,-15.11400897136175,5.322339167584193,1.1498536904900263,-8.39395044507983,6.038593053000182
TCGA.OL.A66K,-25.168986316755884,7.958462493261059,-0.5841457542837748,12.582779062034065,-15.245532856782704
