,methylation_PC1,methylation_PC2,methylation_PC3,methylation_PC4,methylation_PC5
TCGA.A1.A0SF,-7.904892644171725,-5.66852083161863,-5.144362580571999,2.443569871339563,5.110811640309933
TCGA.A1.A0SI,-1.4155140106645518,-12.525501164771924,-6.120030781087991,4.179435094608098,10.607661512174342
TCGA.A1.A0SN,-13.12255117363185,14.7923060914324,-5.48207404560497,0.1066231122416256,2.4269150979002565
TCGA.A1.A0SQ,-27.768724460982778,-18.324199477963447,-5.1072543040869425,-1.8862155004862502,-9.992728575544241
TCGA.A2.A0CK,-9.96011424912685,1.3346012672235603,15.807166790833298,2.341682252704244,-6.045587451434792
TCGA.A2.A0CO,-9.609573258435606,-1.5462789437146016,-0.702938484703292,-4.002609876970864,9.12885776733044
TCGA.A2.A0CR,14.63392030935911,12.645720364361654,1.2843299658565497,-11.608720762067692,9.109044494013792
TCGA.A2.A0EP,31.648942870350023,11.801766592467066,9.008419276516856,-16.198514307990234,7.960535687718053
TCGA.A2.A1FV,-39.71836936798294,11.55060417457172,-20.670321559627094,-12.070616401625577,-3.6525679963563467
TCGA.A2.A1FW,-33.621266988670236,3.3710773304197126,-15.545427289857384,-9.673513985930887,-14.858199319823138
TCGA.A2.A1FX,-24.28525671465126,-5.851252324858622,-12.312005291514195,-9.600086524188088,-5.87494614805223
TCGA.A2.A1FZ,0.02882698903493665,13.283477321417065,11.879604132873634,3.3912209084269214,4.075639487276687
TCGA.A2.A1G0,3.0820179892075092,-12.746118578581452,11.561729129047954,-6.866324668169827,-4.936205840821845
TCGA.A2.A1G1,27.927151789036714,1.9525145080741806,-14.935731970059123,4.004603768699968,-0.20532870865115352
TCGA.A2.A1G4,-23.62313431267281,14.235948582825852,8.93302357495814,3.075777958857594,-8.258725480246643
TCGA.A2.A259,11.528518534841165,-3.3337409375044817,15.304362750966273,-4.316203433454554,-2.707399176487511
TCGA.A2.A25B,-21.24840556061368,-0.8376429740744596,-11.81215600058004,-11.729794645820196,-9.229660769043408
TCGA.A2.A25C,-4.239470212853409,0.6813851528230611,11.483392667588227,-5.163318495996231,-1.4650043814908313
TCGA.A2.A25D,-3.749139907206516,2.696773802896308,-5.266674475780865,-1.4019215815633035,3.1372382647759687
TCGA.A2.A25E,-14.135361671980062,3.1914289298157645,-0.1554654098289807,-12.078910541231902,-12.865893107281783
TCGA.A2.A25F,37.71499054326287,12.523220989385901,3.043399688959041,-18.216979253582718,6.023931731432182
TCGA.A2.A3KC,-4.74969379158796,16.157396462836296,6.1948115087429185,4.785433869684283,3.3172289549483396
TCGA.A2.A3KD,6.039025273748572,-0.9141501353079322,13.791179464398017,2.7598353985361657,-0.6111434290481486
TCGA.A2.A3XS,32.28451950014474,8.960967540358794,-12.34867390885188,7.275575212041094,-6.610138512195785
TCGA.A2.A3XT,33.676923599673444,6.642364730511274,-1.1344529418178015,3.9406833753278616,-5.467363248428164
TCGA.A2.A3XU,31.690517231883494,-14.912585911976148,0.018896893202455547,27.159744549779195,-11.862153980012657
TCGA.A2.A3XV,-4.953119738668709,22.70982753016452,-4.830084772633959,9.653805888092087,6.929465057135301
TCGA.A2.A3XX,37.972229125107276,9.554528965644925,2.227729868103968,4.702635545212491,-5.09570073917843
TCGA.A2.A3XY,37.127027503294165,0.30861794257752523,-7.295891296617048,-1.7834117461904953,-2.390983400656929
TCGA.A2.A3XZ,25.304510081232326,9.433109701006499,8.368040923977556,-6.364665797245919,0.14495578181931587
TCGA.A2.A3Y0,38.39045447473864,-8.866787221563461,-5.846425649223451,-0.3943109652416133,-1.005336843407856
TCGA.A2.A4RW,1.3149457292132358,18.999669803873907,6.983313987261204,1.1868966081417882,-1.365936722773635
TCGA.A2.A4RX,36.43204693830159,1.9730673379669637,4.300486281308047,3.240433362323073,-2.7394766153828107
TCGA.A2.A4S0,-1.7386487879627839,-19.406268846086704,24.8983898064569,4.297177467035624,-11.186437792802367
TCGA.A2.A4S2,-7.585251524846738,7.945497202078864,3.3817673944131337,0.43619902811305483,8.375525941236425
TCGA.A2.A4S3,12.255969856599267,-13.260227142618223,-3.067735759610059,-11.609292224709915,-4.26214250335334
TCGA.A7.A13D,34.569139648087045,-1.7426510659684984,-9.57103424403751,17.737900691841475,-10.577965426009454
TCGA.A7.A13E,22.34597212811386,5.978518289451386,-33.156561075290576,25.60334267245618,3.2308335286221643
TCGA.A7.A13F,-29.703094909651174,6.773415118670829,-10.546238420157312,-1.8284533014752689,0.6348099331935735
TCGA.A7.A13G,-10.453817435975374,-21.095205720778406,26.27198898372057,13.633541477967704,-2.584434178980783
TCGA.A7.A13H,3.549423505213492,2.394701253158676,10.095203588070197,-2.034546968256714,4.402397052457147
TCGA.A7.A26E,-17.7766348669278,12.786416695185991,13.340844319400608,3.0211256668016517,1.3623203855294506
TCGA.A7.A26F,19.006466816374694,12.592470309787885,-13.970495407848079,1.659169891479758,5.425177792078476
TCGA.A7.A26G,33.869923084020456,-6.904546928746282,-2.769481730159924,-0.5915398989180611,1.5316560253254168
TCGA.A7.A26H,-16.03098944496458,1.1021585044653825,-2.417634062879221,4.12869578514008,4.438499386579897
TCGA.A7.A26I,41.17018054927521,-5.273804475666605,4.924057416228125,5.699292634915029,-10.199005282776323
TCGA.A7.A26J,-25.149309144524107,0.5807827196424691,-6.752043394837296,-12.462799232651216,0.01711624558112273
TCGA.A7.A2KD,-6.233306015573638,-17.75615065811078,-12.124624306233576,-3.1555867972671825,8.463299423074139
TCGA.A7.A3IY,21.803570700766176,-9.654685366215798,14.317079729973178,2.826124757938684,-0.2041025590781208
TCGA.A7.A3IZ,-40.4660440559467,-7.331366955885317,-5.679116407892457,4.923473067186368,-0.16987049633216736
TCGA.A7.A3J0,-0.54133966073271,-34.156099319095034,17.848737096460322,8.621255141580153,-8.219946220926595
TCGA.A7.A3J1,-1.567242744486043,3.9035402954894542,6.578496357034836,-1.777099463633595,9.036549977329885
TCGA.A7.A3RF,-20.691499337123975,-28.946077299092167,2.6762237984035,-1.438445450774275,-9.77620533082485
TCGA.A7.A425,-6.256347778577035,-10.81121599165639,-1.051433050944193,0.02977259489485597,7.788730460945686
TCGA.A7.A426,-1.1827979979835366,1.4026340362134642,3.226945657182975,-4.990698735423211,2.559025749448618
TCGA.A7.A4SA,11.660056785092044,-4.484515520409138,1.8431817045435899,-10.76725157291886,-0.45737753104626794
TCGA.A7.A4SB,-11.569183636161243,-16.51313336597404,0.8231958355258464,-1.961001069465264,-1.189497979491435
TCGA.A7.A4SC,0.35620057672031036,18.490715787673384,8.515867016976358,7.466938928151926,4.70564577685405
TCGA.A7.A4SD,31.807001754759273,-21.210185418191053,-12.204046825440352,-3.29940301377914,0.4835562073933061
TCGA.A7.A4SE,36.73709094109073,-3.2373812382760163,-0.9274454791609303,7.295752152478281,-5.234062033426964
TCGA.A7.A4SF,-20.81705091307773,-22.81910457764857,-27.8068436465491,1.3397040031576442,4.0993702583955205
TCGA.A7.A5ZV,21.59253871832193,22.02349440873877,-21.28294613053188,14.498010996326672,-1.7720652378988269
TCGA.A7.A5ZW,10.80910958830973,1.718136278448787,16.200798605647922,0.5493046907933189,1.2710232495121931
TCGA.A7.A5ZX,2.288318244436935,5.4200914533615405,13.730709509172126,8.192555651553322,2.039804450739284
TCGA.AC.A23C,-1.5578511227970004,4.655575096802952,-1.6944206804069375,-3.3388075366550445,6.8643279936512736
TCGA.AC.A23E,-15.32475666852245,-3.094299595288478,2.4979226000722496,-2.453522773265203,6.627490974479518
TCGA.AC.A23G,10.346131534462742,1.4798884725467958,6.149823338240625,-2.165135575013579,6.541213330617664
TCGA.AC.A23H,-21.663480690072756,38.12722499656445,-18.897106573655254,-4.919413541765924,1.04052837032277
TCGA.AC.A2B8,-5.686388301796059,-5.720107473434768,-1.3355862499137452,-1.732458559589471,7.707635440541014
TCGA.AC.A2BK,31.35585491604283,-11.867783598046183,-25.7013940202882,15.113583185691,-6.613519218438365
TCGA.AC.A2BM,-15.284936106211799,8.178804095721166,1.174475416518827,-10.511304677494316,-13.859329452516313
TCGA.AC.A2FB,18.081207645480873,12.386003958321014,6.592431577875953,-8.859563516321774,6.011780749456343
TCGA.AC.A2FE,4.261650699210791,20.163777907801173,3.4663564971268395,-3.355504550915485,6.288631060036387
TCGA.AC.A2FF,20.99650930592852,4.063644513074148,12.630297628077587,-7.570595549896371,1.9609046690596164
TCGA.AC.A2FG,-4.5566068526678105,-11.134105435939288,7.565856181546316,1.8686830638718697,8.326371510245417
TCGA.AC.A2FM,-33.27307940270253,33.44942719743545,3.332043091829473,-0.19915085353752202,-12.024913891463699
TCGA.AC.A2FO,3.0766543614304007,8.455629004948255,-3.701144017797959,-11.443085673926932,5.847069694458813
TCGA.AC.A2QH,24.200893207241506,-9.834684136081373,-9.759782583859575,-3.6306405030615503,-14.724613782629724
TCGA.AC.A2QI,-7.66585196152273,-17.6342143387006,-5.9890844616484005,-4.46751637852894,10.44877640573539
TCGA.AC.A2QJ,34.324267703223136,-14.560090595630722,-6.454210510752861,-8.140078256519015,2.4601014793918727
TCGA.AC.A3BB,3.1463652712074492,2.515210108519647,4.485696057904261,-5.404902928979082,9.354227062616797
TCGA.AC.A3EH,-30.669072637058584,3.735484931945079,-8.108135015896728,12.822355405183732,13.268742557782566
TCGA.AC.A3HN,4.852346527475137,4.041939414083502,16.034144456662382,-1.6382052955266169,4.197489986771773
TCGA.AC.A3OD,2.5592238971844417,21.19164473951192,10.806050439971473,1.3937262717935055,3.0786474732010953
TCGA.AC.A3QP,9.513151774838075,-2.9848342017663922,8.704201856939816,0.6515149333574468,3.08011294716553
TCGA.AC.A3QQ,-22.58943427165305,-8.40836352999114,-6.235658971555303,-6.746718838938003,10.899250024568284
TCGA.AC.A3TM,-10.686205729445836,1.0003192204908438,10.064202970716705,5.243843078962654,5.108811606499581
TCGA.AC.A3TN,-30.56378442288925,1.6337050680843153,10.980103543532676,9.571204096812744,7.029469650037832
TCGA.AC.A3W5,2.116538493334264,7.211843258938736,-8.454865027605983,-2.5534963328402465,9.146665132024454
TCGA.AC.A3W6,7.40576940782506,3.0882026373365252,3.048320760946606,-3.567312859803595,8.70546590715064
TCGA.AC.A3W7,-8.055489159969357,2.175667497053726,14.463075114159405,12.326808446641547,5.427932623912812
TCGA.AC.A5XS,3.988799567481044,-0.8558590170223876,-5.493769629197793,-10.42800981816317,6.077032789680623
TCGA.AC.A62Y,-0.6317129901517895,-12.876987137790554,10.589389816666275,9.163080935178368,5.904387115036458
TCGA.AO.A1KP,-38.45519535016522,-3.228860518326407,-6.758094527896646,-3.0946593081957596,-5.895584038797922
TCGA.AO.A1KQ,-8.692656530197658,-16.945182282146583,-10.784421569645792,-11.356629244049843,-2.5099506146478876
TCGA.AO.A1KR,25.34628071496505,7.900167163002683,-12.262603623473792,10.278349063419942,1.7394558011590224
TCGA.AO.A1KS,-10.488453897790292,8.15020142800852,7.600785479212269,6.368356123556917,-8.41666632171607
TCGA.AO.A1KT,-16.025615059404437,-15.697026947591208,-22.210346127310316,1.4187202993361494,1.416203221316013
TCGA.AQ.A0Y5,-9.533296622616083,-4.877470823450746,-4.65246461834209,8.762815832704465,-2.6124554004448157
TCGA.AQ.A1H2,-31.74731300390126,-27.257999559701155,-14.826257829510041,7.906421372617012,2.565150237503757
TCGA.AQ.A1H3,-6.9757336481081476,11.646082033178661,7.166057970157861,4.148651338225855,10.36520694270007
TCGA.AQ.A54N,35.92899836136218,-6.167548525005821,-12.800264858438373,32.549781079064914,-7.7042570794404055
TCGA.AQ.A54O,-7.597188843052754,-12.545578934922872,12.773528634501533,2.730078619564125,-6.1587800247865125
TCGA.AR.A1AI,35.14388420989795,-12.434696408426781,-14.856756611592049,-2.9360114995785,3.079114430251227
TCGA.AR.A1AJ,39.383611869179575,6.6987267013541425,0.9854818325358363,-8.391609499449428,3.1775251836020737
TCGA.AR.A1AM,7.916257759192122,-13.812999568614071,7.618064289962138,-0.6569071092279927,0.4673028453693279
TCGA.AR.A1AN,5.271652325688271,-13.10479550937966,10.60486408499359,3.49994904645055,0.9872809102405709
TCGA.AR.A1AP,-15.55566118495753,11.733135286142213,2.9484069303598317,19.43221388199842,3.4563724340757314
TCGA.AR.A1AQ,34.36082911218011,14.238402830343702,-2.5344657464420903,4.5006974646198215,2.524557103698517
TCGA.AR.A1AR,33.860708753116114,4.500557712727752,-2.306676952118859,9.099604043406066,0.8431598138170333
TCGA.AR.A1AS,-23.17929019869722,-14.563956578556281,-4.782934299841522,2.8805071459712375,14.196706627628124
TCGA.AR.A1AU,1.2279130761369481,-2.322995001894215,12.324318162710517,4.627648308250511,-12.919102749615044
TCGA.AR.A1AV,-41.3725480894921,5.838132157121361,-1.388215518724175,12.98775403986948,-0.4954837715273506
TCGA.AR.A1AW,15.93452460394266,23.32544471589977,-0.6374771142826037,-11.095122363041257,9.59558958315263
TCGA.AR.A1AX,25.30703139430219,3.663877548415536,8.027904779762192,-9.77577412889027,3.7268511745840653
TCGA.AR.A1AY,39.12634121249085,7.796578847974972,-4.9688247681704665,28.687928239708544,-7.480351884975127
TCGA.AR.A24K,-22.92880809402448,1.2550735607031105,11.196792500550076,21.906350181466895,2.313439467645588
TCGA.AR.A24L,-0.4454152198688325,-5.8515166967407435,5.051236335732264,-16.284313625274212,-10.107675474892938
TCGA.AR.A24M,-17.205997392504226,-6.847598941973189,8.743899130740887,0.023334568052894245,5.213695507281986
TCGA.AR.A24N,-22.929592547133137,19.516344151494774,-3.5431594952555687,12.14781397100835,13.29682129163018
TCGA.AR.A24O,6.637642368615308,-4.4289285151013065,9.361597645442908,-5.949562651941879,2.6921680592543202
TCGA.AR.A24P,-5.379362457070737,8.678524683047918,13.55463519476067,10.548531941460709,3.5287689514059384
TCGA.AR.A24Q,37.05563963968917,-3.262805452296814,-6.691981532958094,5.99628808708044,-8.349472794990987
TCGA.AR.A24R,-20.721290541556762,11.841416573016769,-4.847072029162031,-3.336847811309735,-2.7121011866172267
TCGA.AR.A24S,4.83724647490035,-25.162600730571654,-10.600949164512649,-3.4050142146400084,3.4604776452940156
TCGA.B6.A1KC,-21.08472525292124,19.788787070350033,-8.18893644045164,-9.318953078702465,-21.343215337979757
TCGA.B6.A1KF,26.16790823535404,8.510805500955708,-18.281441605568926,17.691815154460638,-4.906612686115847
TCGA.B6.A1KI,-2.8120828434414684,-12.316257468006825,9.306474752722835,-3.984724760551661,5.746864328176659
TCGA.B6.A1KN,-19.90931502807918,3.142821316920332,-15.578522877615551,0.5104717782508744,0.9354863586058418
TCGA.B6.A2IU,-16.36376833711464,-9.621332323560598,-5.656844813561956,-8.6328357205163,8.028004115199305
TCGA.BH.A0AU,-3.7482899566797037,0.32763521362675346,11.197654194936932,-5.868385152883792,-9.753277936526644
TCGA.BH.A0AZ,-1.2751461560937307,-6.945730917253331,4.7462134722752864,-3.053809067332339,-2.48287866290763
TCGA.BH.A0B5,-22.7178708811239,2.1789992717725557,-4.0515508518771455,-5.594375054625194,8.180725041304425
TCGA.BH.A0B6,4.2011239399455755,2.121807831082261,-2.043775435882095,-8.05917923165524,3.697036922087748
TCGA.BH.A0BF,6.119139020697712,8.236754662245799,-5.43388012236415,-6.48775518824107,6.981359997101849
TCGA.BH.A0BS,-18.560764919256012,-21.058659268111672,6.523795263768302,2.536607321796744,6.951376604836839
TCGA.BH.A0BZ,-8.53138534313629,22.768224037828016,-12.39801893742161,-12.490357345656577,-1.179654428084854
TCGA.BH.A0C3,10.89657787818749,1.778604061498907,7.695638322122371,-14.486006400842477,-0.725155270276474
TCGA.BH.A0DD,-32.911655906274646,-12.113421047929121,-19.00464128738191,4.581632619677206,5.381071740493676
TCGA.BH.A0DG,4.03948718832007,12.38484370404692,8.630756286689289,-3.1982414775010923,-4.103665590299358
TCGA.BH.A0DI,7.051920492261203,14.352472837831453,5.648114897594446,0.45783890213724854,0.7561031594416332
TCGA.BH.A0DV,12.069126897951952,2.3933337898781497,10.745293957439074,-4.02158844103164,5.488135575868655
TCGA.BH.A0E2,-16.919547232025582,11.942576218236434,9.963253183262196,2.8056589707457653,-17.52906421683216
TCGA.BH.A0H3,2.1897503624603543,5.222165455719157,16.575641451501433,6.132165530834055,1.474022355496279
TCGA.BH.A0HA,-16.802656992021426,6.862913216577529,17.286281764214078,-7.388833678506808,-8.19441675236098
TCGA.BH.A0HN,-29.79283406750386,-14.162743737262042,1.4001328921093374,3.0083580355377464,9.925303146179878
TCGA.BH.A1EN,-19.822782384801215,21.413476442159826,-24.403450380161193,6.0244746991660305,5.0313368297355
TCGA.BH.A1EO,-13.22659261821565,11.657321371550212,-6.136759973233373,-3.532871959182424,3.156254863008537
TCGA.BH.A1ES,-17.28076627664019,11.194513127311552,16.815291926773128,-3.0161444027328397,-23.506788678317616
TCGA.BH.A1ET,-17.407034295368415,-15.112068309735418,3.907298331209628,-3.867835223733804,1.9965972854522318
TCGA.BH.A1EU,10.496766241131757,-1.5431769273376925,10.443162796586101,-4.658505548440612,5.45798131005076
TCGA.BH.A1EV,-9.80666542351478,2.086387842713764,7.726277580494925,13.624921977357983,4.948765626107841
TCGA.BH.A1EW,-2.362769711166566,11.696364844594902,6.064068639351409,0.861126429950945,2.0168130516094873
TCGA.BH.A1EX,-4.4017045387994465,-14.12901982859309,-10.531684332022627,1.5593383553816016,10.768788641482946
TCGA.BH.A1EY,0.3711627772997455,4.631505079961559,0.07262969580283411,2.0387470041520794,6.586582318201839
TCGA.BH.A1F0,37.578724168994036,1.4704252309832038,-1.2158399262208042,-13.515984916501184,4.076097039396395
TCGA.BH.A1F2,-14.90582092569765,-7.250257182200769,-17.873312529239044,-1.4089661718840276,3.7815848719294274
TCGA.BH.A1F5,-21.327567850079497,-16.980961041501565,6.746080801311646,-1.0285235999677222,-3.9677350958050908
TCGA.BH.A1F6,32.9304216155864,21.296313660873256,-4.151765189626465,5.913493723312872,-2.9557805942828996
TCGA.BH.A1F8,-19.11750384633004,-7.829604262432094,-15.051288428711509,4.390078724181453,-7.145186853820539
TCGA.BH.A1FB,23.06350281149595,0.9644990333883999,11.20781738486109,-6.0087907528482045,2.9238694866044637
TCGA.BH.A1FC,31.53189506862337,25.79345864552417,-6.666730508033648,9.937829853350824,1.0493780451434496
TCGA.BH.A1FE,9.321723898853369,6.215950067666339,-0.4267750977380542,-6.302993841005987,5.321808927881322
TCGA.BH.A1FG,-14.926320378493696,-8.134937089362422,19.88657885570092,5.939462718662934,-4.184861799086809
TCGA.BH.A1FH,20.41436723125756,-2.6108200537388186,13.33925634361008,-0.4594818892270431,-3.265589401710257
TCGA.BH.A1FJ,-36.590218873441955,0.3475956786686364,-3.7148247618824826,-0.5938537538783878,10.181423621106509
TCGA.BH.A1FL,-29.241874992245183,-6.394827676875653,5.15313721790919,12.331512713192119,9.700406867377268
TCGA.BH.A1FM,-21.372718931919273,-19.569981294013495,-12.073315120878947,1.8987157905733565,-5.0337941807598705
TCGA.BH.A1FN,4.204345739750324,-23.571182965027297,8.73929834175269,13.189313738891343,-9.329826962929504
TCGA.BH.A1FR,5.4616696060694965,-8.663269008930286,12.682981643245407,-11.861012703994374,-5.721326670118786
TCGA.BH.A201,2.6219546645238547,-8.93898384350597,10.904092081314698,8.810189616933672,-0.1680321323003377
TCGA.BH.A202,7.10471970839526,12.714091613878967,2.343269095206839,12.05278584380148,4.708421755361992
TCGA.BH.A203,5.671519213396783,19.883082834899884,0.49627861590915784,7.464243491164681,1.1005377814303234
TCGA.BH.A204,-41.823397810461714,1.8183774766884198,-21.019052542387954,-15.71578744807057,-14.65097271185036
TCGA.BH.A209,18.899189365363085,23.64913580020428,5.27778116834046,-7.847306317619984,2.2474448052422065
TCGA.BH.A28Q,-18.119835241595062,8.647904084404058,10.968364319355269,7.166926693354354,8.641434366482672
TCGA.BH.A42T,-22.038472160514768,17.552519113142047,3.796133874859406,9.331428785945489,0.5535600114024286
TCGA.BH.A42V,1.6214757240244735,9.29901428931715,5.005181782040637,-2.988603219193861,-0.6564202301150046
TCGA.C8.A1HE,-23.79642496835412,7.719867522708868,21.72468988737817,13.566326054741804,6.806454446417634
TCGA.C8.A1HF,2.841358889402563,3.841810639221735,3.8448288682934586,7.8513713335121755,1.6768006046504362
TCGA.C8.A1HG,4.811250835888393,-13.629638484594189,-6.651808860125273,-12.038553434731957,-11.776940297162435
TCGA.C8.A1HI,1.4948078712350605,-0.9817653895072437,10.91845426928486,0.6395872856953431,-9.19298629591707
TCGA.C8.A1HJ,40.26373034712374,-9.732038286056916,-12.468072355654218,8.152743030113013,-13.233932888026919
TCGA.C8.A1HK,-9.580447286978762,-18.596272857705706,-13.948792086265902,3.570991078575464,-5.3285056134580175
TCGA.C8.A1HL,-24.186883782001914,-19.428578647799334,-14.786484245707125,-7.563965664223004,-9.116080078744336
TCGA.C8.A1HM,-9.07873884197528,-9.997596720013322,-19.399817143859774,-7.578461874839084,1.8987381185482792
TCGA.C8.A1HN,-17.485933929500906,-7.258761398340509,-2.2196024499379816,3.7399197554894426,-16.01513297746289
TCGA.C8.A1HO,-34.097832127091785,21.50686768257611,1.9538308194322045,0.23106952740072126,-20.248809517425972
TCGA.C8.A26V,-19.112428894464916,9.802069654331351,-3.1991941694961055,9.070696516121792,9.877981275217532
TCGA.C8.A26W,2.6293656621631984,-22.670609680078545,-3.4470426413086814,-6.899689326720246,1.251905672587323
TCGA.C8.A26X,11.375983881454726,13.051965300678159,-13.58123028184566,-3.5199807994175143,10.837549739186676
TCGA.C8.A26Y,16.716229473290916,1.6650886152040336,-5.4931748194382495,-11.779234823733429,1.4597192849620493
TCGA.C8.A26Z,-22.827133246553352,-15.597107876853078,-8.190990386040315,-16.23423379188669,-16.042016055492095
TCGA.C8.A273,-16.7822296269458,7.427055384298953,-1.713901799673665,-7.915520798608055,-10.531116144229516
TCGA.C8.A274,-27.812716851407274,14.581543713116773,2.4459704251952648,17.020654033125844,6.659134463866887
TCGA.C8.A275,5.7723089383325314,18.72501629126931,-3.754835817816537,0.7331788944611526,4.2950241323032925
TCGA.C8.A278,10.387461895109626,14.570071867486693,-6.212195308935658,-7.143291111670491,7.52325812723869
TCGA.C8.A27A,-21.745794544267383,-0.13411705091182943,-11.22381114616101,-11.06535021862721,-28.827215338460803
TCGA.C8.A27B,41.96361808566532,-2.274620373409486,-10.530330989296557,7.175348273347607,-4.892956059742664
TCGA.C8.A3M7,8.091936920708031,9.120224294742675,0.439696315495905,-2.414004179695215,8.394796556565513
TCGA.C8.A3M8,-23.31509124189448,22.121631988520598,-3.711251116096711,-1.2803261761007982,-8.77785788079875
TCGA.D8.A1J8,-17.150576269788733,21.05858199834395,-1.0024452846216387,1.592341113048066,5.519956065318423
TCGA.D8.A1J9,-16.867683146173512,13.44889907662217,-3.0866546171465314,9.022062462121912,5.077953545342809
TCGA.D8.A1JA,-9.453487463552678,-11.728995495531542,-15.013258785288647,11.34290342442301,0.3387992375263676
TCGA.D8.A1JB,15.153997251862318,4.758349399762668,8.884967556005108,-4.276235592858198,-1.0908243123195076
TCGA.D8.A1JC,-5.215806412663841,-17.099027291157977,-9.181092493303137,-10.525326043428295,-7.7611334738073054
TCGA.D8.A1JD,-8.608809331049578,-6.977092542364693,-7.181760996795367,-3.4044318031730367,-1.739283998907827
TCGA.D8.A1JE,-6.0694959209262,-16.281656810262945,6.204314243136537,-0.2940235096873766,4.7303986764563275
TCGA.D8.A1JF,-0.3226266411133962,5.496627238239351,-22.337107072184843,-3.576014437080744,11.45055548041923
TCGA.D8.A1JG,10.748031088117436,6.416677522985058,-14.54371923154037,-3.4250938462384,4.480146268422952
TCGA.D8.A1JH,3.064652678947083,-4.6168463763803045,14.009645921375709,-0.3612180241086142,-1.4157403716987147
TCGA.D8.A1JI,-35.17699812321173,-17.30890916850474,-9.48863588094194,-9.143316792961222,1.529746116098535
TCGA.D8.A1JJ,-6.180610609676231,-4.3867471781251135,1.097838478236494,8.896073847613998,0.16837641683229507
TCGA.D8.A1JK,13.093971979123857,-17.512415110031238,-18.43534328584254,-5.462676641506467,7.463525773721631
TCGA.D8.A1JL,39.26672563247497,-0.46188105187743267,0.7924876558592522,2.0476981567085506,-3.4812000673030314
TCGA.D8.A1JN,-35.83385600541218,1.294258375566969,-12.493054524763659,18.931210486570667,13.924153169726399
TCGA.D8.A1JP,-4.915084896670837,-2.890798451206134,6.057540674070945,12.628049203988022,-1.550101258981371
TCGA.D8.A1JS,-24.93823902618173,-20.844277898334735,14.718055324492223,6.181900010444599,6.466544045512424
TCGA.D8.A1JT,-28.958222831059768,-10.96288140575929,-15.57090428677881,-5.820685184856828,2.197082517575035
TCGA.D8.A1JU,7.744524963889059,-3.002352068653473,14.428176364891938,-1.5576118766192835,4.865304464082408
TCGA.D8.A1X5,-19.65901850620791,-1.8866071524281323,-14.04938329427906,0.1268236807123732,-1.3189897100450496
TCGA.D8.A1X6,-20.946515361378886,-25.17381230668263,-11.913110716494854,-10.883357452290113,2.880573719686242
TCGA.D8.A1X7,-10.837666515193783,-23.098539592492322,-0.9840594109133864,1.5672877265173166,3.208495584761619
TCGA.D8.A1X8,-12.232271128217178,-0.42874376562422145,4.201869538466898,-4.293868556476836,2.3468065650091994
TCGA.D8.A1X9,-30.070285120329896,7.7070118407123935,-14.43107041456228,-6.403456792130115,-5.957175453245818
TCGA.D8.A1XA,-29.338328595699963,-15.366285050991108,-14.97763137880993,1.3615677304790814,0.5932406961827528
TCGA.D8.A1XB,-11.197120753337995,7.875507233694425,6.4747793446825,0.6368451012723417,0.9947136593098892
TCGA.D8.A1XC,-20.006324112625045,-12.407758543589088,12.431192847307438,12.94912583550875,1.6645689626284612
TCGA.D8.A1XD,-13.892567869166754,1.626712686051517,10.35031590237389,3.731873000255259,-16.347869373667958
TCGA.D8.A1XF,-30.634568149980463,49.35843626180989,0.7213192698759673,1.9543865001654648,-17.753726216395886
TCGA.D8.A1XG,1.491690621689515,-17.111902505011308,19.34785175358302,13.15491748133926,-5.963788427889496
TCGA.D8.A1XJ,-5.138127729953602,14.540791915098653,0.03689122081684092,17.44501062781792,7.165847271634966
TCGA.D8.A1XK,44.762201970998646,7.058034292992101,4.787264002986971,5.0017126963688465,-4.957741902253911
TCGA.D8.A1XL,0.16745729842906612,-4.669247284893312,1.7292383748650242,3.1618658808882976,0.17195703144031413
TCGA.D8.A1XM,0.8982195220204388,-0.9647596095728317,11.177076884858916,-2.430828764364446,-0.8019812703804547
TCGA.D8.A1XO,-2.8934954915717035,-6.2327587825984265,10.602955287762432,0.8410951921195375,6.9645244246702696
TCGA.D8.A1XQ,29.554137176509766,-8.515521016991702,-20.499478465195015,-2.8570661214595394,-4.804206845685975
TCGA.D8.A1XR,-14.72321702957216,-40.124762608188604,4.792290016058992,4.297342994922094,2.1411265356497604
TCGA.D8.A1XS,-11.792830170300935,-18.237308564550336,2.4409726661841193,1.8783312111644848,2.3653193727271167
TCGA.D8.A1XT,20.04064883604339,8.213664126491954,7.658257761659001,0.33313032787500324,-5.57595133199782
TCGA.D8.A1XU,-14.336025586263888,2.463546582010749,1.413323194158717,4.302532411474394,-1.2969765536613937
TCGA.D8.A1XV,-26.821861506134404,-5.1433423582725695,7.350360252729071,17.123973393444235,1.2906878442924168
TCGA.D8.A1XY,0.5852378904609097,-27.668515977878883,-6.796291466274537,-7.425227288046281,0.6154377554613877
TCGA.D8.A1XZ,-9.418538480766179,-14.637158863257511,-16.271870727758312,1.8452424002088341,-0.7869039074337608
TCGA.D8.A1Y0,-7.1939257957797205,0.39544158066349044,1.2499206030028043,-9.007399836100733,1.7353464518178712
TCGA.D8.A1Y1,-15.385782469057926,-9.172950689128635,-10.242596711679772,-1.850578870490655,8.765330011228409
TCGA.D8.A1Y2,15.265899846462702,-13.104883147112456,5.729263686745622,-3.170947040559662,-0.9622754337728986
TCGA.D8.A1Y3,-16.725564575686736,32.56613765637626,-14.906309510061682,3.354321630705908,1.2268117963249305
TCGA.D8.A27E,9.438950877188505,-22.008700924182627,21.433219271661933,0.3468503203697877,-7.104048953229069
TCGA.D8.A27F,43.20092589382312,-10.947811679663786,-7.022217765634406,12.44346162108199,-9.880399080965038
TCGA.D8.A27G,-9.387330859096782,18.549102481846003,-9.08593593957407,-4.25088962029186,3.9955031599372743
TCGA.D8.A27H,35.01264107411447,6.647167486328041,-2.002412743550253,13.146943155069202,-13.21056682552408
TCGA.D8.A27I,11.599048047655154,0.8758191870895211,3.889473996827752,-6.528236526651411,5.753087032929868
TCGA.D8.A27K,1.4513698405040318,7.883548639084122,13.55023542298265,8.005592110531014,9.47277281736258
TCGA.D8.A27L,7.133391748361905,-11.262553347483909,2.3330644732018975,-4.7636082776321444,2.6234599306530053
TCGA.D8.A27M,35.36425894181842,3.440149862348298,-2.7820733430162874,-6.66143248163381,1.0309827317012805
TCGA.D8.A27N,-6.35221743323166,8.817482580767978,-0.6196970760856018,3.928716493667725,-0.9475323697343843
TCGA.D8.A27P,0.9463806257464759,-18.687812931034436,18.73301163094829,6.297935240790768,-0.45145148788181805
TCGA.D8.A27R,11.580857925283109,4.179537497888917,4.199477395112373,-3.662555992048304,-10.390293791389619
TCGA.D8.A27T,-13.873237388283647,-9.56862915871897,-4.824839305836084,-8.973516842629346,8.933429440862893
TCGA.D8.A27V,-12.874393861962755,-10.036102453883776,-3.2991798744587055,-4.900449452962727,7.260404465630023
TCGA.D8.A27W,-9.152420896986067,8.528554059211416,-5.166271393291961,-9.257137137838606,-15.585963078708467
TCGA.D8.A3Z5,-1.5222189537866067,-2.567664132024304,10.135665874588891,2.4016171034493112,4.073687031383544
TCGA.D8.A3Z6,-16.275526717401824,0.8265877131735809,1.42486059031829,0.3760973883895574,8.238328080985223
TCGA.D8.A4Z1,17.58378248249745,1.3382309981772154,11.432861190866339,0.571931830434669,0.11314402972149155
TCGA.E2.A14N,39.76317889141335,7.214265309156689,4.202873685802463,-0.962607326430991,-1.1420876719300221
TCGA.E2.A14U,14.822000909090358,-4.556902220978437,19.533487202977646,2.105334422876034,-1.7530526285097932
TCGA.E2.A15I,-3.7642904987243733,-21.02036029755632,3.1350806643841307,-10.253129816109265,3.932801340709731
TCGA.E2.A15K,-7.587671966075257,-26.359462516464784,-8.564849670882754,-14.739489923236786,8.828338457645906
TCGA.E2.A1AZ,36.79218156479963,5.096864397174822,-4.86711774320966,2.36291731852657,0.4679472453995035
TCGA.E2.A1B0,18.343726506508233,-10.83450864703311,-15.231225575829844,-1.2322560164300704,5.1614328715598266
TCGA.E2.A1B1,21.29650979989959,-4.31467073099008,12.661792461604794,-6.7866732448906415,-1.2202276958150455
TCGA.E2.A1B4,-21.752051509158765,-18.09263728745079,4.660462837774833,-0.1774968222490371,7.226583601256877
TCGA.E2.A1B5,23.45431952498711,16.005618516344697,6.754350330310539,-12.106303661735105,4.646390037589241
TCGA.E2.A1B6,39.53737872527716,6.318973865202318,3.5337677185114313,-16.09223140563657,5.491668612117345
TCGA.E2.A1BC,-6.001521700289918,-1.9345580404851546,8.06128979896371,2.4545199941661617,4.575917935578474
TCGA.E2.A1BD,-25.209087245534633,9.686973643040941,11.817205787806017,12.598364390134549,4.459905243958255
TCGA.E2.A1IE,-26.539425423644925,4.497793638283178,-1.0378227480123507,-6.335745492272858,-12.771071915375837
TCGA.E2.A1IF,12.91126590806703,-12.666249578045875,8.72037208223434,-1.274919312099242,5.1252449002103155
TCGA.E2.A1IG,-23.96124765763501,-6.071769403220368,-8.981045873433292,-2.0881534765844925,-10.6444575324364
TCGA.E2.A1IH,-1.4554141778100382,0.9135386166989828,10.545004110513482,-2.574284947785477,-2.3505066178897254
TCGA.E2.A1II,34.282762428651814,1.5257500364879661,-7.289731315713188,-3.8854403859368793,4.007133781741053
TCGA.E2.A1IJ,4.095713561708087,0.30994660358169895,4.18934824687543,-4.6425829824261164,8.239798729765576
TCGA.E2.A1IK,14.272516805735199,-18.2499870018979,12.921613806554157,-5.9906412819716675,-1.3627636265944458
TCGA.E2.A1IL,-10.930745251320685,-16.862908872760105,14.811796174476989,5.910641918304288,0.8126625593207496
TCGA.E2.A1IN,-14.93156676508229,-26.52708504141446,-2.9210103725251324,3.5066502906183254,1.3946846356528073
TCGA.E2.A1IO,3.4506280661974045,-8.976064076826995,-1.1796621504303293,-4.2431706747841975,2.502499706040248
TCGA.E2.A1IU,-10.500751166112428,-10.268448695049887,4.9162808848381205,-5.546913686900767,3.4667958702045585
TCGA.E2.A1L6,-3.323934622148345,-7.636115680907578,11.40979133843509,1.6137645014177013,1.1976708172345762
TCGA.E2.A1L7,-6.985121589317808,22.42285223029406,8.592232455267425,9.304676707616853,-4.169005669504441
TCGA.E2.A1L8,-13.59061838177122,-15.960734218376277,-4.364016739859246,-2.254032226829536,12.478731067828349
TCGA.E2.A1L9,-1.3323333567144122,-6.168632938035794,10.242970640594566,2.5937753241518497,3.6124528935902425
TCGA.E2.A1LA,-5.148806649646912,-13.492306772556018,-11.334743774132338,-11.543425530043047,2.208314073769976
TCGA.E2.A1LB,0.15055232723626566,2.820214250262229,3.0912181605943454,6.656370212413155,1.0662070370795973
TCGA.E2.A1LE,2.1982829718421844,12.138117107837182,-12.981571142037915,0.6472023742348716,6.704315423479843
TCGA.E2.A1LG,30.69564262144723,-24.479367695544642,1.4874415791278917,13.071469618950212,-7.071601604735293
TCGA.E2.A1LH,37.22004738440346,8.374201691032514,-2.0129398396080522,-5.3263583986119665,-1.7346714789628568
TCGA.E2.A1LI,35.77905227618777,3.7288749480750476,-10.876403539793573,3.124405041486009,-0.14242712852162853
TCGA.E2.A1LK,23.04646432332426,14.586695696878179,-28.12881114733857,21.986666796857044,-5.622607931123086
TCGA.E2.A1LL,16.150783515669936,-4.192830751148453,-15.26024042848713,-3.223201492177249,4.804452138544523
TCGA.E2.A1LS,29.57970629283232,8.798666077857177,-11.800950559680006,18.928844451746365,-7.334150215111801
TCGA.E2.A2P5,-22.983521754143336,5.0594215693587925,-12.98171013355955,3.5587013533681797,8.11587899981347
TCGA.E2.A2P6,-32.62597524433975,-1.3602243209504006,1.9359542486550236,13.071062452610168,3.9685343411407676
TCGA.E2.A3DX,16.92725833923075,4.004307549364711,10.697624094011665,-8.072444443747859,6.177230485386571
TCGA.E2.A56Z,-29.386406000218365,-5.289035450576408,2.7246008519982565,-4.047979820172548,-12.637191721151435
TCGA.E2.A570,-5.578317741323087,-8.457541986057755,8.68916328807505,4.064446863425073,5.850707304341881
TCGA.E2.A573,42.40266056705882,-0.05428457705287858,-4.057751904201489,-4.586771526584382,-1.4417224529715664
TCGA.E2.A574,32.66505298122719,-14.275715122258696,-24.91904062825376,15.40438837821179,-8.89809545820506
TCGA.E9.A1N3,-4.115325483041231,-1.5150149792621692,18.126602781765385,-6.194359422814213,-14.206281966203061
TCGA.E9.A1N4,-0.9506187208604389,-24.91250485353125,2.396689828701375,-9.033755793213798,6.8469766060421575
TCGA.E9.A1N5,-6.451700940363893,4.948151855013185,11.594760814348131,-7.139206151459741,-2.9560225824577477
TCGA.E9.A1N6,0.7703065179973628,-6.496091830621818,-1.4541294358847192,2.09925794531621,-0.8998891236179348
TCGA.E9.A1N8,41.996724768827846,-13.751717463199915,-5.538433250306199,29.549717564360016,-10.769307966537843
TCGA.E9.A1N9,3.4154657673866047,2.170160558029122,1.9842256762662822,-3.0832924690172434,-4.333958640206613
TCGA.E9.A1NA,-19.52252877997252,26.411687526680875,-10.64306127398546,3.0179702123430054,-0.6857232566883047
TCGA.E9.A1ND,31.22235830288224,7.233959941461118,-8.240512314674842,-4.8926147350529305,7.981878948453868
TCGA.E9.A1NE,21.644504304799376,9.398966021880966,9.330257923253091,-12.115763622058886,0.21996630416419585
TCGA.E9.A1NF,-9.094731959735318,-0.5901261554142152,-2.5658811167859965,8.770394564394277,4.477356058256767
TCGA.E9.A1NG,15.11026394538426,-13.226491793539422,7.459114320285061,-9.444071356958448,3.33952180738868
TCGA.E9.A1NH,-9.271299256266868,1.751613781798646,13.10917128663002,6.328239011999677,8.008203140652942
TCGA.E9.A1NI,-25.543989746617232,-6.28430166079676,-8.206157236086971,-4.733633512652135,5.312705891287782
TCGA.E9.A1QZ,16.282439233564222,1.9949927076886111,0.8508328529449066,-13.704234311624996,2.8203434838270023
TCGA.E9.A1R0,-4.647648075892131,1.8376357669583143,-0.5248113916800695,-11.298971795463467,4.2583215242775525
TCGA.E9.A1R2,-3.5513266448731513,11.942418591008622,15.312027707968129,-3.452406936495053,-11.25259919593576
TCGA.E9.A1R3,0.8883630356305613,-29.31461630970109,5.4439276175891855,4.448054988904088,1.910146329642857
TCGA.E9.A1R4,2.8522429082471334,-6.165788555116814,-1.2232371298062685,-6.762697626443689,5.900188922933859
TCGA.E9.A1R5,-18.366565891842768,10.433046006271379,1.5678708586698802,11.434243506850134,4.857276921187307
TCGA.E9.A1R6,-30.975748333927065,12.417103533056062,-2.542380905483149,-4.325373303041399,-8.871578604389228
TCGA.E9.A1R7,-15.840771600741075,9.000339235997044,1.3765405504429267,2.297809342845995,-6.326169066037924
TCGA.E9.A1RB,4.700633190550907,-21.990040312237078,1.2300208981349785,4.308972267474882,-2.4331142837601556
TCGA.E9.A1RC,-22.656200472282443,33.32968599867179,6.420296122857863,16.34562547974982,2.089368256311782
TCGA.E9.A1RD,-12.24620323678407,18.02599787530168,14.008295598201585,-2.341343067170397,3.3410235901418646
TCGA.E9.A1RE,-35.88404222783803,14.199767594717503,-18.547612881906574,-2.237167892113305,-2.096209193377947
TCGA.E9.A1RF,-6.182621160765992,30.793136364174998,-5.108693568160359,-10.782995592964784,-8.58927196572596
TCGA.E9.A1RH,13.66217660574893,-9.941191130860242,-16.616945320623262,-3.7418252221637274,3.5430318808483983
TCGA.E9.A1RI,-2.230904669275123,5.533508732666295,14.911700851671307,-5.400748381091977,-1.0876900095652466
TCGA.E9.A226,1.4691898332236413,17.835905191523874,4.2998029489855,-9.338742770999932,-0.29427680352954655
TCGA.E9.A227,5.319482328720958,-17.507043802787216,9.190267251021787,-5.383240833546825,0.9689605892538121
TCGA.E9.A228,-14.199847491064173,41.63971282804381,-0.2455304213125465,-8.030448578439579,-14.890561944139439
TCGA.E9.A229,-4.677794002622577,-9.676411547870265,7.935936140984279,-6.416331429871154,-0.8217914239090996
TCGA.E9.A22A,11.434280168255999,31.262449710198553,7.872261849822632,-8.93208211420987,-4.678251937033004
TCGA.E9.A22B,-8.035421058858667,34.64436293381028,5.9972759334270025,-5.346748749334021,-15.108761890750449
TCGA.E9.A22D,-0.20158684209429217,37.43779699503756,1.3111546300099526,-13.554634811747004,0.06795103300529078
TCGA.E9.A22E,8.747585717649256,5.786872900495276,3.161924899840324,-7.328463233115386,-0.7600025286259389
TCGA.E9.A22G,36.67865352829978,4.601662469863062,-13.9709138539263,9.542542633189225,-11.480664518086272
TCGA.E9.A22H,-16.021635241606017,-8.984845339162108,6.35473038465626,-3.8924810103873417,3.809412817163308
TCGA.E9.A243,36.49726996661251,-1.561670716907167,-3.3113793136049168,-12.364277200597066,4.390016041020954
TCGA.E9.A244,32.774956946506485,-0.9978616955590376,-8.253199688219823,12.801286023878474,-4.973989944453442
TCGA.E9.A245,-4.839341557096284,-26.49136176282563,10.4708597439692,-5.44823411088582,-9.023884428950188
TCGA.E9.A247,-28.79475334571536,15.760671557220112,-1.9616552585177978,3.590304659710915,-3.3197408299887496
TCGA.E9.A248,26.768209914188237,-5.259715040725813,-7.646425808475007,-14.842713574284216,4.883077997483644
TCGA.E9.A249,-10.98020194364469,-2.1412738294522655,10.280464299189102,13.898465806590615,11.009220412621856
TCGA.E9.A24A,10.897375158129686,-13.661682357974453,16.499776033138502,4.13967061354964,-0.01689974525103915
TCGA.E9.A295,-15.877801313587055,8.485861169142915,-8.384131090439272,-0.8853257409386988,-0.12332536795827712
TCGA.E9.A2JS,-22.781622720382064,25.038482559409193,-7.2582816122428335,3.244046661506993,-12.230614768652385
TCGA.E9.A2JT,30.649905783638662,15.456608635340253,3.2206403213947303,-18.73075572331146,8.442531746780373
TCGA.E9.A3Q9,-10.119227144523146,-29.265550442861862,-1.6880790570012507,-8.928826763088255,2.585797747468723
TCGA.E9.A3QA,39.6754902260655,2.867226294051945,-0.6734140634239852,-9.989399722888484,2.995307712325378
TCGA.E9.A3X8,12.197601526729741,8.585496591444056,9.250136966243977,-0.821391234848291,7.3220546040801375
TCGA.E9.A54X,-2.74374284582021,-16.558019970065967,20.005374053481546,3.107508114843937,-7.825455041286765
TCGA.E9.A5UO,-42.228632372004576,7.3267188061006605,-10.115222221474424,-4.895514971105266,-13.653658910840113
TCGA.E9.A5UP,-23.37414596743206,1.5516356207049737,0.6418671696336585,12.68046907158882,10.976911538092471
TCGA.EW.A1IW,-8.47224838862389,22.051988641926076,1.5231986895886604,5.0658910823376235,6.650038916668328
TCGA.EW.A1IX,2.4106853655987677,-16.088042790344947,6.843783756166067,-8.801359636915999,0.2519744243286083
TCGA.EW.A1IY,9.484146093521526,6.2105205805867145,11.197840220143148,1.1787775971968462,4.326379178424468
TCGA.EW.A1J1,-14.528132056240759,-31.209305135427986,5.792595141382746,-10.07597425904112,-16.187451636391845
TCGA.EW.A1J2,-2.151627483447713,5.113654637879628,8.170233749168489,1.142733120980136,7.358923480927796
TCGA.EW.A1J3,-21.85814965856173,-7.653877016937132,5.400368932801765,7.706465419815219,7.456795590954882
TCGA.EW.A1J6,-6.576135764687436,-23.25102330731166,-1.6407211955996508,2.4715134768528664,-11.074259519335955
TCGA.EW.A1OV,6.184441939479517,1.368512796926065,-13.211304993341393,-7.38331299013318,6.589813059031293
TCGA.EW.A1OW,38.417881193844856,-22.633934509643474,-16.95228086801426,12.007511588823611,-5.9068059169538865
TCGA.EW.A1OX,-34.76971575553342,18.909883820968417,-6.217320966319001,-7.38586538490312,-27.213485685975932
TCGA.EW.A1OY,-15.774031797483168,-35.031957202203536,-15.352463049664301,-1.263069712910572,-5.939866549979832
TCGA.EW.A1OZ,-24.56044604799528,18.167157487666067,-14.665422712754891,3.521038466796962,-2.1759803904622617
TCGA.EW.A1P0,-13.271433872119244,-5.041558761436507,3.87725587549629,2.7220519673750863,-12.940750538012274
TCGA.EW.A1P3,-12.144640643861873,-3.3426781275234014,5.0980163414861135,-1.2940391930033024,5.601043303263486
TCGA.EW.A1P4,38.392341073979615,-2.6608557579319774,0.6331690173990082,0.6262586493726581,-3.4538670877408335
TCGA.EW.A1P5,-15.398918788678127,-1.342982851268905,9.986364740187884,0.7572856374572736,1.3559630871662287
TCGA.EW.A1P6,-9.993708000892408,-29.61256608888453,-5.688425487338663,4.066312221675299,0.8122182048345911
TCGA.EW.A1P8,41.91134699136969,-10.614649001141915,-4.604647878568982,6.573174778391854,-2.8294548046318395
TCGA.EW.A1PA,-13.537418383284038,-2.9717265953208907,-5.697913114170958,-2.160372950271495,-5.268167988649293
TCGA.EW.A1PB,35.658180641756424,6.696417035219176,-6.585977645302865,-5.978549799137508,2.29374364945577
TCGA.EW.A1PC,-21.920615125344263,-5.513067658142172,-31.877770474644347,0.6600517547274453,9.825834529092077
TCGA.EW.A1PD,-9.684590156700237,-0.11477810589809173,7.707819032972153,6.538189178129867,-7.062539791380164
TCGA.EW.A1PE,-10.428932794541527,-12.740023950724803,7.8676401841237364,3.7592170812983303,6.3936519666841924
TCGA.EW.A1PF,6.195687624716043,0.8318736123872235,8.368139010205816,-4.421803186695404,-5.234594808537218
TCGA.EW.A1PH,32.158100641635635,-29.017447534446674,-26.479620197510943,11.041656234097468,-7.885632845136381
TCGA.EW.A2FR,18.843445046595797,-3.0223364033539544,6.129423608048437,-1.125279942088652,-2.9555436511888313
TCGA.EW.A2FS,-3.0293647983756427,15.576711573966353,-7.068131976090918,-10.606164187169181,-2.9302388521699796
TCGA.EW.A2FV,-0.4337575429442032,-0.7892605052486709,-6.137449918638934,-11.31985310019226,-1.4966598607263062
TCGA.EW.A2FW,-20.378637130398307,-12.805707588212712,7.3925251593096055,-10.682409729913129,-12.031222191337278
TCGA.EW.A3E8,-5.878254284651782,17.214118631881323,-1.718772007988091,-6.430648765356209,6.800863298710569
TCGA.EW.A3U0,36.060672148813104,-5.882836885163876,-9.30343071842635,-6.053585923572205,0.7137520733932657
TCGA.EW.A423,-31.28976774362382,1.9877048183931425,-8.682335919258733,13.639939186316134,4.41357848712548
TCGA.EW.A424,-19.829583418075465,12.17943969083581,4.401460651047017,14.290246652794197,4.540606181128313
TCGA.GI.A2C8,-9.94438049903094,14.509124300634442,-8.370379222205814,-5.900150061076365,2.272223158527852
TCGA.GI.A2C9,34.489303735001826,0.4250955859989859,-12.427029190398677,17.24149341894785,-8.3094913196894
TCGA.GM.A2D9,-22.647307845049582,9.370637402356854,1.4570680295947895,2.985036846401435,3.0354926773043625
TCGA.GM.A2DA,-1.0193231250299832,-12.559031100045647,-6.344286497577441,-11.612445373079884,4.39849867734174
TCGA.GM.A2DB,18.46997611971959,-3.6081215259602795,-10.924866257910331,-6.387291707158479,4.914667717747522
TCGA.GM.A2DC,-20.794472047025423,18.182375040205642,8.8584904997185,-1.4090958598263603,-12.921963585081082
TCGA.GM.A2DF,30.116357047178298,8.856141941411465,-8.747564326953865,-6.744355780872069,0.5072085836376506
TCGA.GM.A2DH,10.765724758527046,9.863928558731681,-3.0338433976561787,-2.2713796496050773,4.60468647555804
TCGA.GM.A2DI,25.248086085156093,5.713456686694203,7.612650404941938,-16.30710830403712,5.474104785406252
TCGA.GM.A2DK,1.7978385264285246,0.10467752339684763,7.6104499680220385,-8.544015889491511,-6.070406510365323
TCGA.GM.A2DL,-6.318876170392504,8.100695551424742,-2.51646725698121,-0.5826977760872434,6.4003792269024595
TCGA.GM.A2DM,1.3906733038404397,-11.109617356520404,25.836535821328333,1.026635024970222,-9.06676098978177
TCGA.GM.A2DN,10.221930131180379,9.563608342827006,4.708167320348736,-1.4717086454006394,9.58708821792683
TCGA.GM.A2DO,19.096367806321737,11.50947437822044,-2.8216105385232586,-21.36445363419274,5.6455333052515835
TCGA.GM.A3NW,-27.211928173756487,3.36464198224989,-6.908006107950623,0.6122653277930967,-0.3623936653551709
TCGA.GM.A3NY,-18.422167404237033,7.721987853510255,13.353825091697741,13.46418945503081,5.329634838528673
TCGA.GM.A3XG,24.663656657695586,-2.4662456611653476,21.22349907131193,3.9980801586485573,-3.1639053588034862
TCGA.GM.A3XL,34.41370809091253,14.933111870469002,-3.3436287432605365,11.141434028941328,-5.559590558079664
TCGA.GM.A3XN,10.830428675978242,8.420643511460296,14.63234165174385,-2.7869658610344006,3.8795500988439753
TCGA.GM.A4E0,13.09634022058066,8.008322117319587,3.1135325759297126,-5.398554174683571,8.554222163652346
TCGA.JL.A3YW,12.857793523153116,12.705806391688318,-11.793580434882456,0.629910873019943,9.800896742773547
TCGA.JL.A3YX,-16.83627854860155,-9.96937118949534,1.3013098354767672,7.216859411870423,1.9105105784036474
TCGA.LL.A440,22.256747844235925,4.094247165459596,10.204045529551141,-4.560083349343793,2.272695263528735
TCGA.LL.A442,-13.504494592194103,-24.989718310139953,9.983027580451038,-1.5887638538288076,-5.911688968587695
TCGA.LL.A50Y,-22.65415211905009,10.816307702676495,13.223028231842404,4.763571458127076,8.113760894428154
TCGA.LL.A5YL,-6.427492826118532,24.994057240771657,-0.7859517336313127,3.4764080198757035,7.465802567477188
TCGA.LL.A5YM,-31.94442075144017,18.352325758038237,-6.596070364765679,1.4810121143794355,-9.909365704364859
TCGA.LL.A5YN,11.170947614434871,1.4919250714547312,-3.933915599081214,-10.784877775587908,6.254373502145934
TCGA.LL.A5YO,33.65706375959081,9.358432018781153,4.65911059916778,-14.891862217094113,4.823224589831319
TCGA.LL.A5YP,38.910352029673994,-4.723858768933355,-4.001753304554504,8.288656737823233,-5.311390278172763
TCGA.LQ.A4E4,-28.07972135373883,5.3996518954336326,-7.727465134161235,7.141590922044801,3.909872539954556
TCGA.OL.A66H,-4.093753920306262,-10.216879291846384,5.681712283676644,-13.697431618086629,-7.501441670378806
TCGA.OL.A66I,34.6550979047326,20.376710876136944,-2.275876641260789,-0.554409279218752,0.11605980263557979
TCGA.OL.A66J,-15.34772633547893,-4.9915204572506084,-11.36222405870125,-10.2425856173447,-0.12265443196962172
TCGA.OL.A66K,-19.166242335141604,2.4859068065680976,0.6221314396730517,14.646552934456453,8.646567574857226
