,miRNA_PC1,miRNA_PC2,miRNA_PC3,miRNA_PC4,miRNA_PC5
TCGA.A1.A0SF,-6.1793953657612235,1.8601197930249498,1.793912636960271,-1.5025633582475306,0.010262860137326042
TCGA.A1.A0SI,-5.196663162084752,5.194070505869752,3.1148778325118585,-6.568769050549765,-1.8197102774521974
TCGA.A1.A0SN,-9.367181788076762,-2.974459885128963,4.604059056376385,-7.1482469577735825,-1.0437741264849472
TCGA.A1.A0SQ,-7.31046023817005,-12.101378822791236,10.301291178168281,-2.7639806087071634,0.453139316618951
TCGA.A2.A0CK,-5.376969492069387,2.1438827554890594,-1.9414407707443126,4.992088127501321,3.864245483515753
TCGA.A2.A0CO,-8.479978236216215,2.134536525793905,-2.857429398854147,3.3524971672843775,2.779947975211157
TCGA.A2.A0CR,-9.348077634584708,2.7399816774261994,-3.7300798113448073,4.065676653243099,2.095635380443727
TCGA.A2.A0EP,4.134301089813756,15.02184073031751,-7.953586480370348,3.814409782766509,4.006107890611159
TCGA.A2.A1FV,-1.7279008421011095,-1.3881824487249874,2.98393025519236,8.141743760656453,2.236218988775586
TCGA.A2.A1FW,0.7109277072552185,-2.9425223590091703,7.34090010689525,4.376532471319302,1.8124008415745094
TCGA.A2.A1FX,-6.752740637096511,-3.940499260239765,-1.856427353214829,0.9139370657498361,-1.117890763022597
TCGA.A2.A1FZ,2.3052469144964696,3.2018292987059693,2.9091446197537545,-3.197761879629902,-1.2537167903447435
TCGA.A2.A1G0,-5.979767505117898,2.610005570005078,3.49603162331956,3.2994089756513656,4.911164914490804
TCGA.A2.A1G1,10.327177565088268,3.39290341119741,0.5423196246936723,2.5703361807961866,-0.1618784077658831
TCGA.A2.A1G4,12.72740342206588,-0.879800214021959,7.933351485504538,10.027662537898026,5.317904308488768
TCGA.A2.A259,-9.436313861737775,-0.35370703166849293,-4.933737127675026,-0.32643372790825825,-5.404261372884721
TCGA.A2.A25B,8.11268840981609,-6.158614923576946,5.887361615415347,-3.9555401080609967,-8.968410503988638
TCGA.A2.A25C,8.367552567735101,-0.5518131848876456,8.147140511918174,-5.258698714230009,-7.495997178854482
TCGA.A2.A25D,-4.589219067953354,-6.907267498180369,-7.4819813442650585,3.749464546656747,0.5403312916019857
TCGA.A2.A25E,11.046494070460417,-5.353692042231884,5.67499670030086,-1.857597167583471,-8.987846776510853
TCGA.A2.A25F,13.454084366503,3.2810056830208927,-9.335167130803699,-7.911996204184333,-10.211251466848877
TCGA.A2.A3KC,-8.857901969315197,4.3366475829104045,-5.25160828075149,2.02699031326665,0.7884188504426644
TCGA.A2.A3KD,-7.413462100277216,4.230025239607019,-3.7723055851239065,4.6154265992298384,2.6724670246534963
TCGA.A2.A3XS,13.098627013320097,0.1034805365654973,-10.253944254004189,2.077157693851686,-1.6468241384995352
TCGA.A2.A3XT,16.797563309315326,-0.6461830177727349,-16.331315715341198,-6.325951034609286,10.538782807336402
TCGA.A2.A3XU,10.978375901517525,-8.95683783788685,-11.292213012398214,2.959552006032649,-2.014985566772251
TCGA.A2.A3XV,3.7907083192084667,0.9873898702126519,-2.6581865336773305,2.8053477033091214,-3.458740558101986
TCGA.A2.A3XX,11.215748687435372,-1.5049845581933574,-13.318411469880802,-3.060598143345132,-2.508268934926459
TCGA.A2.A3XY,5.2773938417811515,3.8377828788051533,-13.086484434140553,-0.4478254720305628,0.7443517624337074
TCGA.A2.A3XZ,-5.688289017873576,-0.44372956569335964,-4.339203871009051,-1.4977807111901158,-0.9398822242535767
TCGA.A2.A3Y0,14.474727851164742,-5.309655042104787,-14.228815223355337,-6.1896543355849065,4.98035910860468
TCGA.A2.A4RW,-12.102528748527927,-3.342756933438853,-3.4925478007468906,-3.4117441264665938,0.32858307731425807
TCGA.A2.A4RX,-1.7663826910285423,0.08649427414650393,-6.2904573187090635,-1.7205771368643485,-0.7989203916857465
TCGA.A2.A4S0,-8.104321376829377,-15.845638027562968,4.452196292344662,1.7363895564568663,4.245781747738819
TCGA.A2.A4S2,-6.290715168024582,-0.6424285313748926,1.3155178865691477,0.7561038671100313,4.16579301030992
TCGA.A2.A4S3,-0.744788219822952,-1.8219821315043894,-4.222952615929283,-1.268080121290528,-2.0422119645571897
TCGA.A7.A13D,9.999884463395682,-3.143448933602821,-10.049105088669016,-6.774744071942217,3.6727516354281975
TCGA.A7.A13E,2.77199030466494,-2.953854267162862,-5.655715981772999,-0.4213040523190686,0.08754066497887168
TCGA.A7.A13F,3.5402183851409537,-2.9522114209712096,1.0666797723265544,2.7368019953995764,0.02639443599860753
TCGA.A7.A13G,0.9026619875972071,2.764825410523841,10.796235088607888,3.0258214575256615,4.095401511374557
TCGA.A7.A13H,-8.205025377517913,3.9862440316760694,-3.249920245976543,2.2616014176960992,2.6847536333782376
TCGA.A7.A26E,-10.967169850568386,2.9590744669281843,0.3488049030580854,-2.8270735173882,-1.0810479725979678
TCGA.A7.A26F,5.8241372654971535,-2.6304475045359794,-0.2439754332711665,-3.628916288811175,-4.102313609059386
TCGA.A7.A26G,8.192434933812406,6.373196496609715,-11.105244151653505,-18.939519457440486,16.15137653139276
TCGA.A7.A26H,-14.561824566962118,-3.802434876730743,-2.9968133787689157,-5.179976310581762,-5.598224022795448
TCGA.A7.A26I,13.215831814363577,2.4718465630154163,1.9270095115649948,-4.105658498241656,-7.108973383425104
TCGA.A7.A26J,-6.560390673747945,-0.3205895494341609,-0.19219405186680913,-1.353490485751071,-1.8920085757979606
TCGA.A7.A2KD,0.2614125285806931,2.388349392250545,-3.9625541194294436,2.0359134946619375,-3.695726632473819
TCGA.A7.A3IY,6.887418721348804,5.369541616394699,0.10741888135156713,3.887217029011265,1.5301428831010648
TCGA.A7.A3IZ,-11.72316613096247,-7.887825294740952,-3.1614677415235475,4.57341103591299,0.7441768219062256
TCGA.A7.A3J0,-10.462217675489308,-15.130983640980983,3.3995894478451905,3.909378018444049,1.2928399861031663
TCGA.A7.A3J1,-11.795240724428147,-0.11378953959583933,-3.709522658351636,3.2207589757160675,2.716046368275859
TCGA.A7.A3RF,-3.235340993352912,-9.384591014702403,2.249661497789635,2.6179574881378667,-0.5524045949304156
TCGA.A7.A425,-8.573192046855132,0.6185514538784613,-2.5946618555907457,0.8106788231901115,3.8922178399853347
TCGA.A7.A426,-17.16307649058453,0.247759471420555,-3.1566808591525617,0.14528945775110488,4.450032721095208
TCGA.A7.A4SA,-8.250813140441002,-4.732108961307065,-2.0589697291380844,0.6755523538193902,3.038748174057353
TCGA.A7.A4SB,-16.500145054751748,-6.426295121788193,0.2566663741347626,0.22944400083374608,6.165821572323335
TCGA.A7.A4SC,-14.983894796642845,0.27639508623412845,-2.4805475213079897,-0.9206914061205511,5.721336561056971
TCGA.A7.A4SD,-1.1200023016693552,-4.909489552056754,-5.38774323081332,-1.2267161206458514,0.19387280254866715
TCGA.A7.A4SE,5.224617311108682,4.490103794135727,-11.854273362936095,-12.790037170154932,12.158321272391717
TCGA.A7.A4SF,-9.360103173910357,-12.930386813160458,-0.9865055535168714,-3.7363984142520623,-2.677906186422913
TCGA.A7.A5ZV,12.782124825124805,-10.628724528866156,-11.833925611198053,3.3077510166500788,2.9553326994567604
TCGA.A7.A5ZW,-14.91573351550452,9.269463120721296,-4.942120619882824,-3.0829745536397635,1.0764495189076424
TCGA.A7.A5ZX,-19.871354302887738,-0.06375144726230413,-2.505982248572093,-1.382578875822569,3.546551812702116
TCGA.AC.A23C,-0.4805089727042093,2.38738273401857,4.847681131795316,-1.9171931096370172,-0.9541349119331168
TCGA.AC.A23E,2.2603461827051357,8.114548427244232,6.360429966626478,-2.9875120973725355,-1.3383449747459766
TCGA.AC.A23G,-8.278701488024435,12.438529878093052,-3.67761816750556,0.16427545951041211,-1.1860671623907535
TCGA.AC.A23H,7.067174498765878,-2.3538608794474247,5.222126009300536,-2.9053988357930627,-8.870385918484267
TCGA.AC.A2B8,-2.6392309723291008,6.2278937618043875,1.014065871160124,0.01860312240440589,-1.090508199976546
TCGA.AC.A2BK,9.094707344361545,-17.20695981652535,-15.413903119309353,8.311577980852938,-0.48507376367002936
TCGA.AC.A2BM,-4.244214332186296,-1.2118905180484199,-3.248810747593163,4.980224066682439,-2.9408503586733863
TCGA.AC.A2FB,-2.470929262628058,4.172581202007479,-5.959888963666085,4.571148479526443,-0.23852085621659824
TCGA.AC.A2FE,-7.3518750102636305,7.8238020701455415,-6.81796614590162,6.226861429839627,0.12878610081534844
TCGA.AC.A2FF,-8.781572221244637,9.10455599970163,-2.319111072897582,-1.348447453540232,-0.6933326177067076
TCGA.AC.A2FG,-13.574478380637135,0.4257257017681546,2.856551756873729,-2.0055277999180263,2.2361908702296533
TCGA.AC.A2FM,-5.797155270611427,0.23187873413630133,-5.76899781980374,4.446738904680623,0.4196063677185764
TCGA.AC.A2FO,-9.11907412788604,3.2606300135550015,-5.418308643517676,6.373817706793259,-1.6672171558382982
TCGA.AC.A2QH,5.436859682129244,29.18963611200957,-13.182113691204483,-2.612470886369499,-14.866853899730499
TCGA.AC.A2QI,-11.152937203838697,1.9972714442603792,-3.752775544055579,4.569135160761975,-1.9824945591385046
TCGA.AC.A2QJ,3.2898483942319516,16.035507944696885,-9.427171434158835,-0.5667082312341633,-4.310309336770983
TCGA.AC.A3BB,-9.781392847975845,7.945541314526392,-5.853701617882172,5.277338664332338,0.08949165474904891
TCGA.AC.A3EH,6.97460207781492,6.173366217119128,-0.21208129423871744,2.0393157006137734,-7.537636861491455
TCGA.AC.A3HN,-14.73525990103949,7.232378813765399,-5.482758370976233,1.32454109188053,0.21302931289309995
TCGA.AC.A3OD,-9.556799889949145,-2.8729323091962438,-3.644767665542784,1.231405320570285,2.041689368869794
TCGA.AC.A3QP,-7.898067275210132,3.9316315264939945,-4.714746853450758,0.435645700618235,1.151272394625365
TCGA.AC.A3QQ,-6.491689063036851,2.2455077022154217,-1.8757096814404253,2.333872784061657,0.9759487023926139
TCGA.AC.A3TM,-6.50061689730101,3.6334554534386028,-2.6940759469184345,0.08251997514994457,0.3702436139486859
TCGA.AC.A3TN,-4.309624445683886,4.171464613094568,0.9663708801393458,2.3000228355542083,0.5106275844565364
TCGA.AC.A3W5,4.942783055805328,5.749130011088678,-2.942599944755865,3.3363776392971287,-3.2210818634645233
TCGA.AC.A3W6,-6.917630904557133,5.959424289812099,-3.4107075721549505,3.9083671063142575,-0.1491421902555613
TCGA.AC.A3W7,-4.490670145889891,4.4920644045667775,-0.4993257261064204,2.235884177863384,2.1047549737892606
TCGA.AC.A5XS,-3.079471721473982,-1.0225631383147733,-1.93175669842227,4.367924577065986,2.540728501513532
TCGA.AC.A62Y,-3.7292194435818153,-2.7092541641885957,0.38665067857889673,3.3223003113166554,3.2067574877102825
TCGA.AO.A1KP,5.707426586148802,5.850092528955289,4.744766254577787,-2.564149518830345,12.516042486288596
TCGA.AO.A1KQ,6.348108778433158,-4.005181523207593,3.2841963300583568,-1.4571677917348016,-4.9394694543567566
TCGA.AO.A1KR,25.336488867499543,-1.4577191846548672,-3.474606263007635,3.804878148783415,3.1970415077428918
TCGA.AO.A1KS,6.9048743847016825,-4.109899406478267,1.6633841066982467,0.8019302755179304,-1.912650619473786
TCGA.AO.A1KT,9.391032546502986,7.796296136051486,3.0382526282841136,0.5730489326253352,2.5398699173691126
TCGA.AQ.A0Y5,-13.2115484015557,2.216781455014524,-3.854688834793653,-8.162843394085755,-6.66349473100505
TCGA.AQ.A1H2,9.036491881958165,-4.283243453810365,12.057824638979646,7.405891629956606,2.9760423703678325
TCGA.AQ.A1H3,-0.7650290327840967,7.047336462468171,3.707710757503858,4.175561655824129,3.905929940607404
TCGA.AQ.A54N,5.509337036135985,-23.112154119037456,-7.074970346652533,6.087610883957198,4.118724137955441
TCGA.AQ.A54O,-4.361485856932397,0.9011228938642438,2.150049185993051,-0.4435560563218015,2.468613595445039
TCGA.AR.A1AI,14.851923728277322,-11.045285569604417,-4.515474519568983,0.9242480673266893,-3.7179325463740187
TCGA.AR.A1AJ,14.75451740822264,7.476775591330996,-3.7362353690173618,-1.789815812741561,2.1898222434634316
TCGA.AR.A1AM,-7.758528799395699,7.06813036548265,-4.820761097071455,-0.16499048029364372,1.8392662865589764
TCGA.AR.A1AN,7.838744595362386,13.73291709070734,4.827206989149243,3.494022518401649,2.158646499823929
TCGA.AR.A1AP,-1.2038287382475725,0.3207240599750263,2.4085026758295487,-0.4917377083555632,-1.7459490949942182
TCGA.AR.A1AQ,15.750708718673524,-6.960331864026046,-4.885492433291991,0.6444115323822357,-0.5162314007015246
TCGA.AR.A1AR,19.986420617835787,4.928943692783081,-3.0439934352084417,3.1774223963983714,4.838918150582499
TCGA.AR.A1AS,3.2893914200582968,-1.2705354711004928,7.448199110728928,-1.912728012584822,-0.6692884061093793
TCGA.AR.A1AU,1.5069561620851966,2.9597241405262324,-1.058666435843966,-1.9700687817698512,7.143063561451955
TCGA.AR.A1AV,0.2002234526372744,0.3844335760198515,9.836982007710485,2.0165597561820277,3.77319602686419
TCGA.AR.A1AW,15.010426186463153,1.992874108776433,3.4934145720144283,8.402026563343348,3.7250100750866952
TCGA.AR.A1AX,-8.629230532672095,-0.20616599952169873,-5.569076186893959,-1.0124543740058267,-2.22568541215315
TCGA.AR.A1AY,5.242614964647535,-5.223866295631298,-3.5749780045557236,-2.063023831931697,-3.4965845262086566
TCGA.AR.A24K,-23.477554106781753,-7.790846509930805,-1.0478007974504713,-10.562823964896157,-4.154547683079291
TCGA.AR.A24L,-2.4636501841423004,4.361725828647118,-0.7765034430671072,-11.979918019461282,9.527184689930595
TCGA.AR.A24M,-10.034138594969813,-0.16216336580073631,5.273778471815839,-5.6093622494748985,0.6066177034829243
TCGA.AR.A24N,3.5963248910875154,0.6234986992598064,8.329486377900189,-0.9571271469079691,-2.5888183068271537
TCGA.AR.A24O,-4.979559022058643,2.7748637264491394,2.582635317839277,-1.819107078257019,0.6730704498664059
TCGA.AR.A24P,-0.32620079126650886,6.620142786464805,5.203731585153708,-1.703111771519191,1.9458181647959523
TCGA.AR.A24Q,9.630820308210534,0.30590644415967494,-0.6041768073586746,-1.4418286278446668,-0.47134964308512506
TCGA.AR.A24R,10.728952690004977,-2.7454781110779294,3.9180490996701907,2.722263603874504,1.155723564988565
TCGA.AR.A24S,5.719511052429115,1.2256982476432348,-0.6923729113381006,-2.0087791041535468,-1.2735448591932812
TCGA.B6.A1KC,-7.785382188273924,-8.701722203117692,-6.047049290106536,-0.2899852139311619,-6.217985645784846
TCGA.B6.A1KF,13.664200890808212,-4.953105710825115,-3.498275933373566,-3.825783501109937,-6.235945777103721
TCGA.B6.A1KI,-5.919024731588641,4.890125956152554,6.6217333142587975,-5.129919889267057,3.8587064525033234
TCGA.B6.A1KN,6.41913105853276,-0.10012543428704512,2.485920964405136,0.8559790295487539,-3.0480095791937503
TCGA.B6.A2IU,-9.800609851836946,2.169395692164306,-4.1848090595259055,7.816487375834224,1.0772315334273426
TCGA.BH.A0AU,-0.6740630177983449,3.21196522366896,2.500591421106929,-5.235600751295494,-0.12371684155522551
TCGA.BH.A0AZ,-5.182361650419846,7.149512005418104,3.194956822447187,-3.544940809761996,0.5081426433567012
TCGA.BH.A0B5,-6.889331202045744,1.6665249497153651,2.256037136477869,-3.155697569666676,2.3213939669837607
TCGA.BH.A0B6,-4.74253948926359,0.5169779287867233,-4.9628598980544,7.16080759820896,-2.638993611189705
TCGA.BH.A0BF,2.4706021313212956,4.029521704393254,1.087638542353675,-3.517535724329134,-1.8917967694803535
TCGA.BH.A0BS,-2.442762839550538,0.07654430735451105,8.715925508442883,2.520633700155226,4.728540471007806
TCGA.BH.A0BZ,-5.421745696100238,8.520115699445439,-0.5502441961488825,-0.9473186670039084,4.8634819787957
TCGA.BH.A0C3,5.538804804475929,6.207729257483115,1.9779888965692918,0.025209007816050115,1.2610640220776632
TCGA.BH.A0DD,4.968535892440222,-4.973639537985417,3.573926391745039,-1.860760830721846,-4.637304977334223
TCGA.BH.A0DG,-2.050329535733503,1.2525558157777454,2.831678190521621,-0.9267327851946121,-1.4918361895649996
TCGA.BH.A0DI,-2.9804181225203594,10.31658458628089,-0.10985455501593328,-3.488653258567526,-1.84704402908265
TCGA.BH.A0DV,-2.1619324736885708,14.146404821660882,4.447195321378367,1.4182978443781578,1.2329867885409422
TCGA.BH.A0E2,-9.37136630557044,-3.3032793146436568,-3.6290743097663416,-2.5164489291589756,-3.268706733162765
TCGA.BH.A0H3,-0.013946692108067838,13.259942258181999,4.239166379147173,2.5222884146261815,4.6734876800567315
TCGA.BH.A0HA,3.4416154034992705,1.5474322987659834,7.415458062059627,3.7051661840329477,0.6714398405165795
TCGA.BH.A0HN,-1.8136720547534628,-6.432779393182454,4.585987567694935,4.324755868298108,0.04114462046176555
TCGA.BH.A1EN,4.153946238356849,-2.0532721902526765,5.683101273234948,2.779787172172484,1.0199940860869068
TCGA.BH.A1EO,-7.7408563349820785,4.640374278073389,0.5424553633361906,-2.836954839287341,2.592955337453239
TCGA.BH.A1ES,6.622664996515209,-0.11526101813071828,5.83495818513086,2.971099187181782,1.5895846633553194
TCGA.BH.A1ET,-3.4528628626955458,2.632020137915611,5.553849281173851,0.7684289828620982,1.155617534710397
TCGA.BH.A1EU,4.276779369909234,10.291502317050272,2.7488966107147,2.4751211348338202,5.615553124412252
TCGA.BH.A1EV,10.907677287026095,4.890480610652522,9.12491428780195,2.4863115611513975,-1.6611463636012442
TCGA.BH.A1EW,0.43514800192780717,3.5067229183853734,-0.1205098891135662,2.895718414422722,-2.561532546078086
TCGA.BH.A1EX,4.783892842989265,4.794323805875292,5.066153166297871,2.9930401274396483,1.9216930638207257
TCGA.BH.A1EY,-0.09173015108606222,4.67731081251903,4.374965102797187,-2.264715798946488,-5.009582996772847
TCGA.BH.A1F0,15.441971725892454,10.202512499946478,-1.5086992003348274,5.9166569111950515,1.6117633148437729
TCGA.BH.A1F2,5.479698147436848,8.404087318269527,3.036845628007792,-2.113941264548206,-2.3263453008121324
TCGA.BH.A1F5,0.09094153960788272,-4.532435696310392,4.587918245062717,-1.28918825495163,2.2322927625757165
TCGA.BH.A1F6,9.597856448217048,-2.78006441280635,-5.908896675531741,-3.8374456732098134,-0.3765642196446277
TCGA.BH.A1F8,3.9652832685139017,1.9372858284474768,4.453302647952236,-4.996968732566734,-3.9823508684909315
TCGA.BH.A1FB,-6.340169000783104,4.852487907255044,-1.730144478511556,-3.6667840845756476,0.24965521375123528
TCGA.BH.A1FC,19.0834550596807,-9.586315923645166,-0.03274215439562461,7.392157182995759,-0.3223165510818544
TCGA.BH.A1FE,4.740371333261397,9.54041531418953,-0.6625455056722667,2.3713471290838086,-0.903471122039203
TCGA.BH.A1FG,-8.492055424529413,-3.353936034938783,1.3224489242694306,-2.76233237184539,0.5658990427611613
TCGA.BH.A1FH,-11.886141166521364,10.918919758068544,0.6393243469698848,-5.528226380850009,-0.4261644964681541
TCGA.BH.A1FJ,-1.2039055217898296,-8.631379987595963,5.727688024053833,-0.9319277718744005,-0.6552877905784544
TCGA.BH.A1FL,-2.4387951900893876,-1.3531378355876382,5.775575238874222,4.271072867306381,4.792752664525905
TCGA.BH.A1FM,5.31677968656334,-0.22790765803081753,5.893463788324803,-2.7992595255715833,-4.13121171217057
TCGA.BH.A1FN,6.846278072257342,-2.491528736632365,0.9083009368564376,0.48599424630884647,-4.595377356855065
TCGA.BH.A1FR,2.1470056475386,-4.033680194647064,5.942213019400743,1.6786297808644373,1.8749114673213134
TCGA.BH.A201,4.8462395661180695,14.76590286043229,2.995378007245076,-0.13053463972986806,0.44500954736010606
TCGA.BH.A202,10.123834521061044,5.719735292835624,6.02041405101304,-1.2202786328095978,-1.925356366426677
TCGA.BH.A203,-5.73604506516516,-3.4995953400962456,-8.332014871667678,-3.549355844458329,-8.68993225872073
TCGA.BH.A204,4.698703088873443,-4.7639225130584935,6.161156266671443,2.3694506891487626,-0.013788997477488095
TCGA.BH.A209,12.133465116700565,-5.1536783910650765,0.679460745042358,-0.3642836024240317,-0.3196859555828793
TCGA.BH.A28Q,-14.045808950986585,-2.0810293678294025,-0.19462882015761068,2.000610017813534,0.3138350898538175
TCGA.BH.A42T,-4.645914539177876,-3.7423287989708385,-1.7768187022180433,0.7270965029969972,2.2645670945202054
TCGA.BH.A42V,-6.139595804009896,5.051604989631337,-5.710268197011253,4.414939875464279,7.114949699675769
TCGA.C8.A1HE,2.661835309789484,0.42950406288609067,8.251969734078468,4.665787420330825,4.748500204780305
TCGA.C8.A1HF,14.397986158742414,2.226580825726741,3.6719135079075005,4.175277524867522,-3.2590622139585066
TCGA.C8.A1HG,16.28033634419291,-0.2997013418008861,4.31965123607916,7.7470185044325905,0.1239289200095824
TCGA.C8.A1HI,-2.619522695180944,0.9149627222445502,8.23905523172115,0.1713352816909237,1.8697811580735495
TCGA.C8.A1HJ,33.985669691029415,-2.40900909441106,-9.803228494546646,1.074331407250645,6.219836074488856
TCGA.C8.A1HK,9.46732461919382,2.1730546699080575,4.195055111336074,-5.433745271177881,-10.067930446244423
TCGA.C8.A1HL,3.050183017252043,-3.877363106155644,9.139901927348161,3.383419434110794,0.9779336723040759
TCGA.C8.A1HM,14.043077891246119,-10.496690588218605,4.875323458071586,4.853674097975941,-0.7307171626884773
TCGA.C8.A1HN,9.737880948131375,-2.696045305562287,6.82099330047401,3.525349759242914,-1.2668548909663906
TCGA.C8.A1HO,12.909199301862037,-3.6833936427504996,9.332746107395328,9.76040514235328,2.3917481855798446
TCGA.C8.A26V,-2.229201550725921,-5.17994731115896,-0.18810307141805768,2.984966870842812,-3.144467482595141
TCGA.C8.A26W,-2.77831729003967,0.26604431087454294,-2.81722121920411,5.039473512775261,-3.3251152301582514
TCGA.C8.A26X,-7.427603402457485,-1.890361151005844,-0.9048750535354667,0.22282356155478622,-1.6365577382069494
TCGA.C8.A26Y,2.8461242176992863,0.7496243613434819,-4.9637929774917255,3.2969123518431327,-2.7325699755188344
TCGA.C8.A26Z,-10.889470742357375,-5.333213803487785,1.1105025249162266,0.39021967034991656,-2.391687997880039
TCGA.C8.A273,-11.632205355278643,-5.659085131840155,-1.0941997482116321,1.6700159296918728,-1.7516710081204383
TCGA.C8.A274,-11.09959710469037,-10.38820746043077,1.3643200863649743,2.0928499241513663,-2.1802569200598323
TCGA.C8.A275,1.1449183947174784,-8.652797113712376,-4.941371147816078,4.2682037638257855,-5.416981514492723
TCGA.C8.A278,11.34443475719484,-2.6867167027649352,3.1587596107402662,-0.7225689596489927,-3.740403490807103
TCGA.C8.A27A,9.05756069292041,-3.02439458406506,3.2889636877971076,3.8388529314715036,-3.7028392594234316
TCGA.C8.A27B,14.433265955475997,-12.322509107736924,-7.650023720148496,1.7361974289035962,2.4485785000793436
TCGA.C8.A3M7,-13.370364988399539,1.9083955867041116,-5.721081119396563,4.52854528458257,2.3989765619021632
TCGA.C8.A3M8,-5.89591260273823,0.8424308069783014,-1.667202734507065,1.6461672952813682,-1.107448343663188
TCGA.D8.A1J8,2.094817950538572,-5.499353679231437,3.349797428829942,-1.0270355451946291,-2.481135782029218
TCGA.D8.A1J9,3.901891805383854,-0.4035519722156522,6.062261698870897,-2.187856519747913,-5.133819363080464
TCGA.D8.A1JA,2.087530293532632,-9.502736433667051,7.8263576744647345,-7.467973655745866,-6.784213936354652
TCGA.D8.A1JB,-0.5535777849403859,3.795329790949848,1.6469256203852214,3.129588187901872,5.86341077690743
TCGA.D8.A1JC,9.321685213679311,2.1247126650604256,3.4139129177650718,-3.216106857749014,-3.8785590728225103
TCGA.D8.A1JD,0.5391271060999969,5.47070595882952,4.455314561650931,-1.138156858282442,-2.5141334919128893
TCGA.D8.A1JE,3.3638598976271212,11.107349276066905,7.300480066045767,1.2753269172771775,1.3194951438588016
TCGA.D8.A1JF,5.714326829982676,7.893420359845153,4.356837841381014,0.22698184527270596,-0.20493387861946336
TCGA.D8.A1JG,12.608973669322548,1.6352961009049627,1.1447826345113703,4.830569682442661,-4.736602634602213
TCGA.D8.A1JH,-0.08560176921592492,10.594948166933985,3.973067257675579,0.45186531979043504,2.9787413630789574
TCGA.D8.A1JI,-3.6952513786799526,-14.57341116934071,10.211700951063014,-1.6007428255760217,1.965408960981688
TCGA.D8.A1JJ,2.015724502847341,4.063748800071713,6.770325151619256,-6.6417412773605795,-2.3119252817705367
TCGA.D8.A1JK,6.85787910685876,-3.461285167170424,-0.1823914569192344,-3.750769949340886,-1.661772672870015
TCGA.D8.A1JL,12.128981327202245,2.8946724687423244,-2.4364134798157626,5.1022194202193845,1.44589043062218
TCGA.D8.A1JN,-16.900857506074843,-12.442468649069031,8.413876441308373,-5.893834366761822,4.74883740864111
TCGA.D8.A1JP,6.896198560811608,5.6297779009084605,2.4219863228781486,-7.3087498261033526,1.5375567510336492
TCGA.D8.A1JS,1.4504194489130382,-11.784431276475557,12.703435792191357,8.337552518179095,6.436958239383652
TCGA.D8.A1JT,5.556673177326095,-11.517727331081977,6.568213137541303,2.102649160908599,-0.4528895832056695
TCGA.D8.A1JU,-5.229861424442531,14.13007018604668,3.541420280209448,-0.11136956534885338,2.078750206919162
TCGA.D8.A1X5,14.928804799222558,-3.3787665626806005,-5.137491020166923,-26.357396297311247,22.838975750923712
TCGA.D8.A1X6,8.587657895965817,-7.383242377867919,8.63184080426376,3.3751420426089536,-1.6618185090161623
TCGA.D8.A1X7,5.471436913671274,1.387062340311426,7.367274329991286,-1.7572037712802757,-1.576582045618148
TCGA.D8.A1X8,-16.035140469874932,-3.4974107004108186,-4.141861213427025,-3.12431467325387,-2.988817997943599
TCGA.D8.A1X9,-15.009637832259086,-7.377286591767154,-3.9323603208985247,-5.028717664772458,-7.226097637403198
TCGA.D8.A1XA,0.9975869915465977,-3.392986264912426,6.896101261961604,-2.178228162957571,-1.1430185983838679
TCGA.D8.A1XB,-8.856002412697192,5.27483490181428,4.125143398664086,-8.477513134941997,-0.24554760706206785
TCGA.D8.A1XC,-9.927361222934046,-16.445088105702894,8.371012359242057,-1.6871288114961185,3.447948506680421
TCGA.D8.A1XD,2.1650936670441974,0.0894716575094475,3.2402264503345863,-9.592960257582826,4.6228560259591855
TCGA.D8.A1XF,3.9272234327753575,-7.908316770335251,4.851820887447252,0.21611847055065986,-0.670546104893417
TCGA.D8.A1XG,-4.899797785679766,-3.8410799763725514,6.622137149222776,-2.1031858637611163,3.999835772313251
TCGA.D8.A1XJ,-8.715468739825669,-8.165755787610408,-4.981529419534541,-6.898243668098057,-8.760757892979182
TCGA.D8.A1XK,9.279844066941394,-14.598804615920306,-1.7534469760280609,-4.551108282872184,-2.3329884886927985
TCGA.D8.A1XL,-10.239658076916266,-13.447400428106732,-4.893528686563854,-4.777932889300602,-7.580424797668085
TCGA.D8.A1XM,-9.630424292849694,-1.6410429976005982,-6.5071810227931435,-4.198922505098564,-6.202109952435532
TCGA.D8.A1XO,-2.621654791223521,2.384337649880951,6.69336269555664,-5.065988862212207,1.8389927742027061
TCGA.D8.A1XQ,19.803633633648367,-7.2935097258942845,-12.864542757086738,-21.827020506786198,21.39541455139186
TCGA.D8.A1XR,1.6646826791548228,-4.527218896663514,7.206079070412135,-1.7779497485220603,1.0649327171837235
TCGA.D8.A1XS,-7.0384054378327745,-0.6843554329147438,2.7949090130556105,-4.7589075647167265,-0.6062280818947041
TCGA.D8.A1XT,9.136441950546285,5.330120732080252,3.0014067672006095,-4.881312000387695,-4.2420715119882075
TCGA.D8.A1XU,-4.969358995776284,6.07795213990398,6.966817865253333,-3.960058794339075,0.4166374521082993
TCGA.D8.A1XV,-4.48671069546311,-13.202005304566903,8.133238193240267,-2.1182284330236945,2.5961775899833333
TCGA.D8.A1XY,1.6112938073244516,10.857309719734898,6.77598480326121,-5.22799764378373,-0.18801687740102588
TCGA.D8.A1XZ,14.170221612322113,-3.043686202794254,2.9448640633132586,-2.2077643395146036,-0.9462252460143671
TCGA.D8.A1Y0,1.7435654758194012,0.05006100593038866,6.071389464318342,-1.973711544648518,2.159282504589499
TCGA.D8.A1Y1,7.0796896055481096,2.2780955555636,8.175242768210959,-2.7230993915194874,-1.5443735298010246
TCGA.D8.A1Y2,-12.770404350616175,0.16839994903402178,-4.380782706456597,-7.497442300957238,-5.388628828012063
TCGA.D8.A1Y3,9.920180792281887,-7.508691988786687,-0.14863431973481497,-4.097645349430364,-6.713039836239781
TCGA.D8.A27E,-9.154592789734252,-9.212608411265732,1.6709758019831007,2.5906839403859756,0.2891654426869464
TCGA.D8.A27F,3.4862572122950817,-2.011550398765978,-9.665409341545292,3.0862379704377148,-6.494418829571103
TCGA.D8.A27G,-11.859800937998347,3.6765999778542797,-2.1210408416054425,0.6549476667997413,-3.3753241461872183
TCGA.D8.A27H,-1.5886496071780547,0.7679056069735024,-7.011416965710594,2.1732672533213555,-3.7165953460586567
TCGA.D8.A27I,-17.353684714359066,4.279405476518945,-4.22587957347914,1.5448109272188644,0.550935304590983
TCGA.D8.A27K,-11.310384734567027,0.41699417389948734,-1.0078047042674558,1.371345372053184,0.2553737884884591
TCGA.D8.A27L,-16.968780472655236,1.1275209928728378,-2.4085532357814596,-0.5771150263231765,-1.2679306432780784
TCGA.D8.A27M,3.1255356739659694,0.12855614613724645,-5.07966766355023,4.488811173783837,-3.748237571062977
TCGA.D8.A27N,-6.240085191320593,-1.69048614235473,-2.2924695913214985,0.6172074110201566,-4.476586863596523
TCGA.D8.A27P,-13.534223765457721,-0.22496314517722066,-0.3436446682657252,1.366758271354709,0.23651452276388288
TCGA.D8.A27R,-0.1752734323731169,0.22564910673275293,-4.16357302249388,3.1065380643910814,-6.236857852135062
TCGA.D8.A27T,-11.695479255360603,0.5362575239232394,-1.1335871973532512,4.306039772318604,0.21524490130323928
TCGA.D8.A27V,-5.618209183110144,0.4321543409685112,3.5708066502123117,-0.43409665211280224,-0.06592414410844405
TCGA.D8.A27W,-9.111578586377902,-3.2057546372746217,-3.2672580038021013,4.141256395403629,-3.748312309791479
TCGA.D8.A3Z5,-8.179629513512928,-1.2387610954303396,1.0874506343152415,4.029288067192179,9.292774746624094
TCGA.D8.A3Z6,-6.784110710704803,2.0677351182368917,1.013432658962762,0.06314556579041182,-2.276513583529962
TCGA.D8.A4Z1,-13.95007686204878,1.9408599945353096,-5.358824316379185,2.4609311236752203,5.927085685469512
TCGA.E2.A14N,19.09205372937947,12.215409202154452,-3.8536815064156804,4.369649111170432,6.1485196568014855
TCGA.E2.A14U,-1.6972389450151812,10.670481538193284,-5.738254275542493,5.081135699189967,3.493441633331622
TCGA.E2.A15I,-4.552097886950033,2.0661876516854307,6.408972305919842,3.1254287367800435,3.9334162524454954
TCGA.E2.A15K,7.8495004256667755,-2.1008755308548737,3.927503699609581,1.796649847244289,-2.8553665491047657
TCGA.E2.A1AZ,8.204029193291706,1.075910179585093,-10.153484736708583,-0.7181723287818973,-6.903469214215964
TCGA.E2.A1B0,4.465761260905451,2.889430746937819,-1.8525474712044976,-1.8047619115725155,-1.5374886225949165
TCGA.E2.A1B1,-7.013311022148888,8.036981673115292,-0.03535041930413429,-4.794284835014695,2.0452894907615233
TCGA.E2.A1B4,-5.273970093113713,5.735340727030846,4.846938028892628,2.6252931863813855,2.950740249614567
TCGA.E2.A1B5,4.68045661356806,-0.9296476935306379,3.59736276911704,7.417949503420436,5.963844819238526
TCGA.E2.A1B6,17.935540704949492,4.544433497009694,-4.6461859446985585,7.230615835048558,9.546431077419012
TCGA.E2.A1BC,-0.7229020042324099,7.3655986115877425,2.6807529760293534,0.007194873624955046,1.3821434126818273
TCGA.E2.A1BD,-2.971671679929818,7.5567811749095215,4.377987711211673,0.5171506139931477,2.099112806458899
TCGA.E2.A1IE,2.6935468051302855,2.626838414186471,6.530833684426102,4.317328421104597,3.4146860984373557
TCGA.E2.A1IF,6.295904375923165,14.811349432394195,3.184808925126137,-0.7256438184234079,2.0262814817447192
TCGA.E2.A1IG,-2.418293702120015,2.0304348396603737,5.788487280485482,-3.391740214997618,-0.9530180998174818
TCGA.E2.A1IH,-0.16635008843126928,13.007343551966324,3.4977887397221044,3.2851827578703143,4.2334992152820865
TCGA.E2.A1II,10.91275856845465,-13.815024664283465,-5.493447947304489,-3.9933017249666753,5.270282013222166
TCGA.E2.A1IJ,-3.411440090291011,9.693689892941205,3.3744346831369647,-1.5977558196670423,0.8830029970699835
TCGA.E2.A1IK,-3.0121867368527138,4.649414147183547,3.2154313488155637,0.5310204363236964,2.0987493006393296
TCGA.E2.A1IL,-4.724267193518377,0.853051740759858,5.264830254096847,-3.3986390616691904,3.664184616038511
TCGA.E2.A1IN,-2.76434469899634,5.750660060565811,4.941622853615902,-3.1591464370649187,-0.007504668970045513
TCGA.E2.A1IO,4.865696558713189,6.005262345235697,2.6999695218327733,-1.9118229832549125,-3.4315540369887243
TCGA.E2.A1IU,-7.754563106956237,-1.501342858664478,3.7195645488221984,-1.637740040090261,2.5901833550297035
TCGA.E2.A1L6,-0.18324646660262767,4.120671878801659,3.964530648838735,-1.3793165541666979,1.4238776274967417
TCGA.E2.A1L7,19.981597158923368,-3.161886281424659,4.3438091882110745,4.397807207939731,-1.5386545650708865
TCGA.E2.A1L8,7.2854019886061,12.238990732500374,6.7498362353212435,4.272170886420249,1.2783962236081927
TCGA.E2.A1L9,8.740467681218261,7.689652983373112,6.793747462143989,1.8792337585716195,2.0201109662194026
TCGA.E2.A1LA,-1.6051789916303245,-3.242220385556035,-0.7843308188427094,-4.819491926039015,2.4403711260806666
TCGA.E2.A1LB,2.8535813867137647,-1.7682288246082578,5.3574542991355125,-2.6549840969023326,-3.3420182269713434
TCGA.E2.A1LE,-6.908364610470836,1.4900363684897957,-5.471060261634429,2.311508217878095,-2.9223136055326844
TCGA.E2.A1LG,2.296592660605034,-7.801168360191966,-0.63272404296717,-0.4994000227374697,4.959423591838916
TCGA.E2.A1LH,5.00693724581768,-2.146472689811443,-9.322891342570466,1.2423535266723857,-3.201629216522445
TCGA.E2.A1LI,20.509677258080178,-2.012717472964385,-4.2555371987101305,2.6833869831452972,2.9592936050812666
TCGA.E2.A1LK,17.52352422030109,-8.884770535654427,-7.918019886318648,-3.766402320729772,-1.228631902355963
TCGA.E2.A1LL,7.8931264813386335,6.619580009487133,-4.410582792733636,-3.453637738379766,-4.776076969831831
TCGA.E2.A1LS,9.984739484227207,-5.199625376985612,3.105436505405675,2.0108700497019534,3.309216028486242
TCGA.E2.A2P5,-7.915987471446021,2.7438631229514274,-7.92533831792315,2.301707708857766,-3.989789888797569
TCGA.E2.A2P6,-12.61854923790102,-10.044172793624405,-2.6643294480903075,6.646751442443638,1.5546847031500406
TCGA.E2.A3DX,-13.980889957945667,6.811190988416324,-5.385171167577081,0.5867079806574812,0.6145697072152181
TCGA.E2.A56Z,-11.313887007550335,-8.751352090962005,1.5567106692181396,0.1953948382988919,3.7560894800591993
TCGA.E2.A570,-7.621479569997539,5.19697227322328,0.774238785315185,-1.038675406476486,-0.12994572287831996
TCGA.E2.A573,9.798874730557907,-6.4246390630061585,-12.024792165182477,-3.566350657465312,4.147007297359401
TCGA.E2.A574,8.851290124371559,-1.7333916792017925,-8.64183088977308,1.2740339889021106,-2.4977772852229965
TCGA.E9.A1N3,-1.0744930646883928,-9.338299266255538,8.38141264416931,-0.870352492727635,1.7428713377242275
TCGA.E9.A1N4,-17.619481957022888,-6.806348350864517,-5.422401887997587,-4.277311173116044,-3.0654585363779114
TCGA.E9.A1N5,-6.000098465824064,-1.2964715806190839,3.4718630366723544,-3.281875299150407,-0.2808348502080451
TCGA.E9.A1N6,9.238724754563227,4.1190232890155,4.822711852440494,-3.9658185754134494,-5.964600851010299
TCGA.E9.A1N8,7.807033483334633,-11.359238080570316,-6.1318127623457155,-5.079541394285649,4.779972221061629
TCGA.E9.A1N9,9.90786694842167,-0.7162555932135857,3.902680779902384,0.3033306058624273,-1.0656137523480818
TCGA.E9.A1NA,-2.0784419597444064,-1.2945508600195217,4.585001363938421,-4.127160046957118,-2.137492061714881
TCGA.E9.A1ND,7.806938378517487,-5.285330455871216,-4.309079212512502,-3.904806939933094,2.2299400846203534
TCGA.E9.A1NE,7.3146912385503216,1.8595154595103394,0.38363714050495634,1.0140138390596316,1.1526189946418774
TCGA.E9.A1NF,1.5498835454936295,2.5075342827352594,5.992186688755251,-4.014883005336675,-2.5663733140794966
TCGA.E9.A1NG,2.2714298967031876,5.328286966543978,6.100388234195649,-3.202838285135704,-0.11932915921372265
TCGA.E9.A1NH,3.49926484681066,3.211893880614025,5.962364143301904,-0.5705960956713596,-1.0838843225785273
TCGA.E9.A1NI,5.7744108098170575,-0.4957157293962517,7.477620412575454,-2.588956429820117,-2.4665360608810976
TCGA.E9.A1QZ,-0.2769174622747886,4.015579487978078,-1.773846580742911,2.0442842590469805,0.3263068757241945
TCGA.E9.A1R0,-10.16416447093354,0.2554336803510078,-3.5963213962360157,2.593460635478206,-1.9965465183846387
TCGA.E9.A1R2,2.7802111058081103,-4.30143994706663,1.6617171500468193,-0.764475933229878,-1.7140329505530583
TCGA.E9.A1R3,-13.196624908481112,-5.7281921156464,-3.995939816933635,-5.0415926154749675,-4.794424126231033
TCGA.E9.A1R4,10.48149847472741,-3.658233993013469,4.102581718595925,0.5045995671903558,-5.836260284738964
TCGA.E9.A1R5,-0.2992345366209161,4.440941542740427,5.47955224340399,-4.741363189009284,-1.496111268870615
TCGA.E9.A1R6,-0.13565297104882648,-2.0895195298038036,7.187829157579057,-1.9593297147467088,-0.24351540094471244
TCGA.E9.A1R7,0.5596126979728396,0.7835374017409407,5.257811564360126,-0.9006709319182147,0.8016120342407
TCGA.E9.A1RB,-6.041016017892986,-6.021319411127447,-6.5295987512746,-3.5069605036663836,-8.66248638384859
TCGA.E9.A1RC,7.751986292003869,3.8074600822959788,8.666779360320286,-3.763552044825478,-4.911723935070298
TCGA.E9.A1RD,-18.231480986695864,-5.844100454195388,-2.658880319482809,-5.936174369343799,-5.649993760480393
TCGA.E9.A1RE,8.239320811749753,-0.8672533978187084,1.643167971810506,0.5520207566815886,-5.483991054179575
TCGA.E9.A1RF,8.593752398446547,5.180959693739572,5.624360765735742,-0.6206224254719553,-0.2219029921183109
TCGA.E9.A1RH,10.886182460050799,5.29064341059017,-4.288461138655721,-11.037336488270281,1.0349056852502128
TCGA.E9.A1RI,-0.06974038437425484,4.4177260668534775,6.1637010500109755,-3.0726848253360717,-1.7059598227810366
TCGA.E9.A226,-13.370956881391661,-1.2679767463299705,-3.277438093829297,-7.352739739828435,-8.029271722342592
TCGA.E9.A227,0.3045507382799147,5.661938786273612,3.895140817802243,1.8453031227962031,1.4411298902720129
TCGA.E9.A228,8.102257803369088,-2.1425943733783512,4.5631260758707235,0.21107326913936786,-1.4018033526547746
TCGA.E9.A229,3.344239559715211,7.834569113195644,6.672222100134075,-2.7822253676354816,-1.895408842362707
TCGA.E9.A22A,-11.708829905046349,1.1211609507003006,-5.394490182154233,-6.5328256124057305,-7.887232056049056
TCGA.E9.A22B,4.4645781083767835,1.7300965276134341,4.807756203919597,0.612616098670943,-2.141144531897316
TCGA.E9.A22D,9.58897794574587,-8.774536974756604,4.400051068900769,3.28400739908216,-3.503848293186252
TCGA.E9.A22E,4.90404978594034,9.027975677704065,5.2440769667066585,-1.9736537038433484,-2.9782605776838524
TCGA.E9.A22G,19.03450992871614,-12.735548570758786,-6.154704417586103,2.653910278647806,-0.029709896808291576
TCGA.E9.A22H,8.129021328380045,-4.371484623532374,8.205316310608147,0.18552507880046398,-3.417027887436585
TCGA.E9.A243,8.005604103782895,0.30146487590756965,-1.5927938144291611,-1.0492252835053,-1.3507472385431938
TCGA.E9.A244,11.240665701226824,1.1145308200381947,-1.7061922837602792,-1.1277929834953553,-2.3246768235755804
TCGA.E9.A245,-14.107092507200715,-9.133745789572284,3.028047283496736,2.5215122738317715,-0.5801670893516282
TCGA.E9.A247,2.8353756155827727,-3.5717380456395267,6.948048500910378,-2.592725386008377,0.3224892022295819
TCGA.E9.A248,14.746946842078604,15.641960585435912,-0.143919338221357,-4.04117615721542,-10.280038154003432
TCGA.E9.A249,2.025442246830151,0.5031268345147983,7.524437397222378,-1.6229118918057674,0.5768959017601915
TCGA.E9.A24A,3.773702497377919,0.4738581800925478,7.7700175697535325,0.36126716377794243,-0.28740808153843317
TCGA.E9.A295,-11.317693773288598,1.2895586938448749,-3.68821213927733,2.652617349276825,-3.7076717828127297
TCGA.E9.A2JS,-1.174217016330282,-0.7607127903146337,-4.154377933841801,6.608164248606883,-4.91215958712852
TCGA.E9.A2JT,-7.746220361579426,1.3951268644633001,-8.082939005442169,9.572564315444374,1.8200675889659275
TCGA.E9.A3Q9,-6.509968333725733,-8.292153406900855,2.1752644795382126,4.737731119805053,4.449601826641327
TCGA.E9.A3QA,9.101301583772125,-2.8588313193070043,-11.893769819673299,0.4827906428185676,4.7338150552582015
TCGA.E9.A3X8,-15.419690760492625,7.701595710191917,-4.328040387016337,-0.6454753551690693,2.8790119938555074
TCGA.E9.A54X,-0.06962815661064839,-0.6345748202567403,5.313986783016508,2.6962602939297136,4.368751202561956
TCGA.E9.A5UO,-8.441786932061994,-15.370857752060939,3.5240357985797437,2.1599840391608027,1.1890239794422677
TCGA.E9.A5UP,-9.944891896560671,-14.158144182377622,-0.4211994446873429,0.7348679264934957,4.512641481638424
TCGA.EW.A1IW,-2.2705728842315476,5.5557322926741435,-0.17718842879249186,-6.038273797219473,0.57349041867221
TCGA.EW.A1IX,-1.5061964096331755,8.47060511243383,4.606334918650792,-2.389715035356356,-0.8684340092033462
TCGA.EW.A1IY,-1.6441559795327634,0.23292171104551299,5.790764325873608,-3.2932657351180032,-0.9427950124033972
TCGA.EW.A1J1,-6.753250347138455,-13.6216848940844,8.410076062455026,-0.8024364597124202,3.841560848811636
TCGA.EW.A1J2,1.3411991983908091,7.60623324598573,3.7311388967902333,0.8676353809943107,4.074981308140483
TCGA.EW.A1J3,2.4033690227427025,1.6311570080628361,5.862490089276337,4.245732641393671,1.0507494421559636
TCGA.EW.A1J6,4.917221362970196,-11.386382184210836,1.003035019671042,-2.062775344850579,2.273118896590632
TCGA.EW.A1OV,9.285445273604125,-4.4389104227478375,4.001017591847623,0.90205996847704,-3.2186377554493664
TCGA.EW.A1OW,0.9283706467675293,-2.710200996888037,-10.01343090626824,-2.168509341963134,-3.706423911014273
TCGA.EW.A1OX,-15.401122200296989,-19.345642968567148,9.401752415065237,-5.146231686139633,0.9154085887549155
TCGA.EW.A1OY,5.484508270648324,-2.271310170389871,4.682984684302938,0.12673062598805826,0.04502913709805574
TCGA.EW.A1OZ,5.550582178525774,-0.2647134179735337,2.3275447120090598,-5.666266540655599,-1.4837173001405106
TCGA.EW.A1P0,8.233459816861705,-6.3108114868959175,8.411820239515661,0.7852491819779028,-0.2668546452521571
TCGA.EW.A1P3,-6.309335689708812,0.5601849525479731,4.201961359399614,-0.8040298926009802,1.4743098109194874
TCGA.EW.A1P4,17.39988766107177,0.79178773062333,-2.0505134676153567,-2.67507745464926,-5.356257973357297
TCGA.EW.A1P5,1.1678224822039986,-5.46640841369665,8.654740629161406,-0.44338749508690317,0.5269594322150892
TCGA.EW.A1P6,5.978722880950955,0.8024910162990326,7.418823820031097,-5.431341241108372,-2.291997289334868
TCGA.EW.A1P8,15.382286434385321,-7.07236750299646,-4.3378339950182605,-1.7341295687629665,-0.8081256221564996
TCGA.EW.A1PA,-3.7228179443114326,-1.5211095178582157,-4.968595203553179,3.869169061599506,-0.9439651223414054
TCGA.EW.A1PB,7.210975225090982,-9.814682050234861,-4.189891616813686,-2.3726845641502408,1.9980279478776817
TCGA.EW.A1PC,12.239727514309463,-0.7029749836266572,-1.5805280617237434,1.730952052009134,-9.788753196778472
TCGA.EW.A1PD,1.6297285542596973,8.885790341879877,4.193103553530244,-2.1216688311192735,-0.6025011804202118
TCGA.EW.A1PE,-1.4831022136365621,0.2496623121018653,5.129079154942707,-0.7725964586856189,1.3525346648104937
TCGA.EW.A1PF,-3.798722847715183,4.703009297365545,2.404224012563315,-4.262064377166336,-2.0316534625166254
TCGA.EW.A1PH,-1.4250140467999481,-11.015880360063534,-12.657127675235838,-8.006086739799372,-7.962843969968985
TCGA.EW.A2FR,0.42945345980912913,6.450807242977588,-5.087123409119056,-7.367430686281963,-2.8104962458658282
TCGA.EW.A2FS,1.7646620319995665,1.7539392293893081,1.5209679770754183,1.7275264143440023,-1.1245308391732673
TCGA.EW.A2FV,1.8946136240895766,-2.3627534769422303,-1.0744484780732129,5.008852712450815,-1.7488726896273645
TCGA.EW.A2FW,3.9390370680026647,1.9395520882962163,2.9637905982333184,3.6677003182684444,-2.178398416812922
TCGA.EW.A3E8,-8.042840053841548,-1.1250511566433277,-3.761315415987907,3.533344124873534,3.783375266611162
TCGA.EW.A3U0,11.996593213046541,1.103180141690686,-16.356013815196757,-0.6075668546459695,5.282938545811601
TCGA.EW.A423,-3.9997562466426717,-15.394749723017007,3.050558076500846,-0.1882889277106311,2.71173853223569
TCGA.EW.A424,-17.972584065595992,1.7353329839727027,0.9612774085389874,-3.977695187694272,6.851781492258684
TCGA.GI.A2C8,-15.571181121361361,2.639012147619001,-1.8541377353911457,-2.040399751181117,-1.201834929870775
TCGA.GI.A2C9,7.360040850310073,-5.018298605259832,-11.885037585712547,-0.23385282819919523,4.644015217365707
TCGA.GM.A2D9,-10.645493489263295,2.4575717572638913,-1.8319302515450249,6.135669521758532,-0.3677387116311016
TCGA.GM.A2DA,-11.859351654706993,3.2524390266143013,-3.7320590185115696,5.8319346462652994,0.28891237320420726
TCGA.GM.A2DB,1.4088411163037238,4.600331731775606,-7.982619574775264,6.839252002387536,-4.271721395174802
TCGA.GM.A2DC,-6.748299878430065,-2.2157780116349683,-4.080950377991228,9.05078036785625,0.12122495035770785
TCGA.GM.A2DF,6.217740950426051,0.19066647890019867,-9.03169138021241,6.78233852768264,-1.1706534745201715
TCGA.GM.A2DH,6.5996857045092625,-2.673169820497734,-8.666555959487068,8.796075820092858,-6.399557652095527
TCGA.GM.A2DI,-4.9223522634243935,3.1558325554453477,-7.095629088081342,9.671927598746974,-1.246676568722638
TCGA.GM.A2DK,-6.451370721333597,6.792525884646018,-3.438127904271294,6.760709278372642,0.3399479384794211
TCGA.GM.A2DL,-10.448191092033214,4.131427582871382,-4.741670737212026,5.369565503688685,-1.2103548926015884
TCGA.GM.A2DM,-7.464203493779995,-4.56159930309644,-0.446838238421024,7.617054849903397,2.2357483871451476
TCGA.GM.A2DN,-3.8112005911063402,5.60142197825123,-3.1051614207917533,6.739850532399397,2.2235095298652876
TCGA.GM.A2DO,1.852872989238088,-3.298273941372649,-8.23503633887585,12.014980424203749,-0.5054105772520802
TCGA.GM.A3NW,-8.798179889167233,0.670751031958385,-5.933723510116727,7.198242080080069,0.9887372883117073
TCGA.GM.A3NY,-2.7898268511726574,1.5449129575241136,2.2095854322682795,5.471069829958609,1.135754228251401
TCGA.GM.A3XG,-7.315230903930682,7.834241628262229,-3.266892069542076,2.472894635982712,6.1089088927552435
TCGA.GM.A3XL,20.454989652108686,-2.492328608517691,-14.470555278238253,1.496661880062932,7.678643347141826
TCGA.GM.A3XN,-1.82401502394394,10.42557448473953,-4.297824216317546,2.3587133318731595,2.2538128316865276
TCGA.GM.A4E0,-2.3655834404403944,5.06121555181312,-1.9469382107190267,2.458923549121218,6.172867140510561
TCGA.JL.A3YW,-4.312343796416001,6.092066147236127,-4.686282376956747,-1.1079180682822851,-1.8435990441665733
TCGA.JL.A3YX,-6.2816195339285095,4.044526055915133,-5.166540663793788,1.1020487679739435,-0.829463416453817
TCGA.LL.A440,-6.438877860017918,13.260105647853607,-5.626243331363427,1.0526691383975384,2.243311243483381
TCGA.LL.A442,-6.145050894792203,-17.383673507194835,1.1378637960698648,2.0429028888394285,6.452162382091861
TCGA.LL.A50Y,-7.6791837200538495,-7.533426778624308,0.16642347710929603,0.7535543610645519,2.05928151605549
TCGA.LL.A5YL,-7.57008626866567,5.95248916150337,-2.472623241606475,-1.1872051248654634,0.49572137303804165
TCGA.LL.A5YM,-4.317690943115449,-2.6137074847280743,0.13924273579905377,2.047608542438175,1.0787862916409636
TCGA.LL.A5YN,1.6066981486027812,-3.5408870750910397,-2.6399692632282017,3.1143651104584666,0.28620724396904207
TCGA.LL.A5YO,3.7158708626715105,-2.0694427684810535,-7.49631488899361,0.7459845483306665,-2.8203360533201947
TCGA.LL.A5YP,6.724200370058039,1.836119998057436,-7.349839051374745,0.4477358838221953,-4.462710706548287
TCGA.LQ.A4E4,-9.338923267878878,-5.909330480735975,0.32638168040659415,2.754511060507832,7.146374959420286
TCGA.OL.A66H,-6.444832239272766,-5.37132316037605,0.10188245717230938,2.7919794416976518,3.72923445591102
TCGA.OL.A66I,4.18335370927309,-3.9888505061190753,-12.38980699952132,-4.2597954440530765,4.61971184565284
TCGA.OL.A66J,-1.7095261222642217,6.338859229043015,-2.124548896011521,1.2061898495902434,2.1219068067095175
TCGA.OL.A66K,-12.74879213371611,3.6754149802862552,1.0179653099214085,-2.5470817466244338,2.7747215000903225
