,RNAseq_PC1,RNAseq_PC2,RNAseq_PC3,RNAseq_PC4,RNAseq_PC5
TCGA.A1.A0SF,6.211500216640502,19.819787016733937,-2.6648121805139717,1.321355740959878,-4.628330120293932
TCGA.A1.A0SI,-1.2490379860352963,7.363491237301745,12.175192351818923,-10.944895479261461,-1.8510963044136386
TCGA.A1.A0SN,3.1123182450179883,-0.018427908964573993,9.450012401544672,-2.4952206130394528,3.33904408305326
TCGA.A1.A0SQ,15.22669771066177,-7.718116088619774,-4.618466991827087,9.327115146451556,4.5206095128979635
TCGA.A2.A0CK,6.488029474848088,16.747740308237102,-12.924877502767048,6.9075896990677,-3.5444429486971716
TCGA.A2.A0CO,-0.6066068358757419,29.897037429416663,-4.823248808762459,6.123032823117566,-3.239229978212222
TCGA.A2.A0CR,-6.7876706098110375,29.70466399377737,-2.575810608707353,13.443673201748014,-16.38690127686243
TCGA.A2.A0EP,-5.038012705056782,25.85257228497771,11.343758678772774,11.479620821503868,-3.4450238763220735
TCGA.A2.A1FV,15.344561569578765,2.1033227702478916,-15.578834103321222,3.8181716127315153,16.803951049658274
TCGA.A2.A1FW,8.107658284676665,-4.1571065557238445,2.717827824311792,6.151225324044878,16.212953456313436
TCGA.A2.A1FX,14.490224385915068,-7.667218679896056,-2.158403196978204,14.205241457136397,9.138407785139659
TCGA.A2.A1FZ,6.820526012574519,12.953445929865605,-3.57661223319036,-5.723119511884812,1.7814410583812097
TCGA.A2.A1G0,9.204753001623445,16.689424442260187,-6.64089001139347,4.095394115067023,9.241491145248792
TCGA.A2.A1G1,-34.28309492163627,-10.834241736425328,6.045604475139509,-3.4876168491462973,10.542337175605555
TCGA.A2.A1G4,13.201690818794786,-7.853751638204706,-0.5005782603696358,7.990017870283743,8.150280576827289
TCGA.A2.A259,4.416940932400504,16.00547885158122,-2.9767855250032627,2.1830037817730945,7.631229290589206
TCGA.A2.A25B,7.75716045478149,-16.870919939821945,15.495774598503074,-2.0852894443216563,7.847576855115475
TCGA.A2.A25C,9.384636987730387,2.430647922921419,5.816501471587588,-2.2624716447983966,6.242929377445735
TCGA.A2.A25D,-0.6764248006255502,8.331031526399515,9.067108136969964,12.603283712279397,-3.7461439989978986
TCGA.A2.A25E,10.527075086703992,-5.576592494622987,0.47836382238014286,8.01632640519989,7.414723987953245
TCGA.A2.A25F,-29.153826995266726,10.731869445940974,11.477755519052488,16.556768844550746,13.766587109261096
TCGA.A2.A3KC,3.8648923982198737,15.76558060152047,-5.928861385648821,-3.5312046241733874,1.5371410950433426
TCGA.A2.A3KD,8.389106851943218,9.468300322069608,-11.182408310253935,-1.2391318808384515,1.4559990647187602
TCGA.A2.A3XS,-35.19650113762281,3.52431687582887,-14.430455515738473,2.7978725287857995,-6.947945222872531
TCGA.A2.A3XT,-28.745256348205192,-6.998466764030003,-2.83149603055378,10.292395470256928,-6.192894949917983
TCGA.A2.A3XU,-29.69811892236148,-18.012341780645563,-23.0568777615067,-6.444137854239078,-13.095261690857749
TCGA.A2.A3XV,-3.472196812245103,-13.988927397792894,12.27982028975328,-3.636740931156706,-26.493804796187067
TCGA.A2.A3XX,-35.58307523966746,0.5006309517539229,-14.086118404750207,3.8336240071129866,-6.172735743255576
TCGA.A2.A3XY,-34.46203413486262,11.658236169320586,-8.534375840839452,4.758363042816286,1.012085301045184
TCGA.A2.A3XZ,-12.869193122543193,11.959495439451919,6.051864522642516,7.615367785042339,-10.366209321834303
TCGA.A2.A3Y0,-37.86914946398119,-9.732019011620677,1.5939143713043356,5.474477262350372,-15.482304515216573
TCGA.A2.A4RW,4.271817297050072,12.688533276570947,-0.7078763554938632,1.951936833188239,1.1909558544895447
TCGA.A2.A4RX,-31.226322602968718,11.268989665509409,-8.801335388637959,-6.443963620228642,11.952258892400485
TCGA.A2.A4S0,23.80349886832417,-19.575378837299027,-18.16961437649084,17.98366272169518,7.732161052570536
TCGA.A2.A4S2,5.247680222443087,10.978009891862664,0.20789037700151516,2.8700040619353215,-5.016647966106555
TCGA.A2.A4S3,-2.261291230591484,-3.797585770420934,8.750370739493109,7.07399787944514,-5.693326388677709
TCGA.A7.A13D,-30.624262447622918,-18.434310614030764,-15.721189520635267,-13.360661080249828,1.2728459794091993
TCGA.A7.A13E,-33.26593923910895,-20.04557654426521,-15.37015611086135,-5.2510839878087365,-1.4306282828982524
TCGA.A7.A13F,16.041562014044874,-11.6735617416026,-7.429827989664896,0.7181154605620628,1.2154723692687923
TCGA.A7.A13G,21.176970105900555,-4.486361543602496,-8.748681944001582,-11.134987000129241,-7.789747477417099
TCGA.A7.A13H,1.8268092121418698,20.707988834172667,-4.346576682386843,-1.6114074028866647,-4.527829404220521
TCGA.A7.A26E,12.74573396778688,6.397521396680371,-2.1431421176653234,-15.143159245391743,6.3403062615803
TCGA.A7.A26F,-27.379386828103126,-4.960216105448234,14.985691549692154,-15.789024668161513,3.4700026649292814
TCGA.A7.A26G,-25.094303456032137,7.693095596944912,2.7243575474978132,-7.668252445243085,14.642795141965209
TCGA.A7.A26H,8.281214807540483,6.698165046135905,5.605878017333397,-6.645287562331389,1.4671835077704658
TCGA.A7.A26I,-26.837809972441296,-13.513798613989875,-6.514764775587692,-13.286436147254038,9.25232933562698
TCGA.A7.A26J,11.427723371216763,-0.46510343561385414,0.08902045449805403,-6.483469240001206,6.053486042075292
TCGA.A7.A2KD,3.7729434857799897,0.9532681086889598,7.95549400357151,-3.5074126021775056,1.4118338645234114
TCGA.A7.A3IY,2.004412280553469,2.5737206355319744,-14.907977571736481,-2.51108525303056,0.3577204496791626
TCGA.A7.A3IZ,24.20714723554667,-14.612295647433122,-5.297441800931486,4.561816212804663,7.027238343239174
TCGA.A7.A3J0,6.030191188672357,-6.723838116954244,-11.962586546869401,15.550087376168957,10.976032062275701
TCGA.A7.A3J1,7.450108938565658,20.91934752912164,1.3872055490935171,7.327224843060725,-5.611818942106514
TCGA.A7.A3RF,23.581663338294042,-24.887853862671896,-12.831575853539132,16.640254086254878,3.5208632063518333
TCGA.A7.A425,4.159629797144781,19.366649082294046,-10.408360631192926,-1.8284415332607218,-14.0898171612086
TCGA.A7.A426,3.4945251782317452,26.178869706976908,-15.893908210741055,1.1595173815636113,-4.738961443396682
TCGA.A7.A4SA,1.0770319507819124,17.404534626795364,-1.2746276365322555,9.572350353092935,-0.472222563537537
TCGA.A7.A4SB,11.13606312361165,0.4505676283657113,-13.54606274198372,3.5320343190119057,-4.269940298384253
TCGA.A7.A4SC,2.4964436816436346,17.489466909691973,-3.477218997680285,-4.36893976654568,-1.558079052371566
TCGA.A7.A4SD,-35.2996820147372,-7.902714455918799,1.842172401655485,-0.026410881015572738,-3.5911203239325147
TCGA.A7.A4SE,-30.44476717733801,2.1408646853815316,-12.554863813978825,-8.170133372863058,3.2616226835736946
TCGA.A7.A4SF,6.70552164210448,-10.124479431070464,11.732265269915873,7.028572795091963,-12.457227439118665
TCGA.A7.A5ZV,-30.09996505069282,-20.52297044227403,-19.011185940028714,-1.0930292381453952,-5.267487316884668
TCGA.A7.A5ZW,4.575347705329318,14.91486452601262,-4.886836209912031,-9.512107092887996,0.19263899117334943
TCGA.A7.A5ZX,5.140605909087533,18.259196205202127,-17.24544659540818,-10.281078774462237,-1.7081578660846761
TCGA.AC.A23C,3.7718619391788195,8.330489486483364,8.006911326217654,-6.030061422802791,0.9865869238755296
TCGA.AC.A23E,11.304086681224984,-4.378553128087098,3.4041205245075035,-18.215707865714773,4.705587076334443
TCGA.AC.A23G,-2.2802732658046474,14.024455709971118,-7.912489420131109,-10.249466773075326,2.693496782607961
TCGA.AC.A23H,1.9097222054610046,-20.042964565696785,15.283653188116997,-13.347540466915529,-3.1161581109192618
TCGA.AC.A2B8,8.897917307877977,14.590130193594021,2.5123455401742065,-5.723103476516578,3.324853401089236
TCGA.AC.A2BK,-27.44105104369061,-28.044133875406644,-16.046930036354453,1.3685512082228255,6.840283355592486
TCGA.AC.A2BM,15.184681901900191,-8.622610074390725,1.4758992897497756,18.215966901650205,5.842841359853577
TCGA.AC.A2FB,-1.9014981387355037,24.69209359415689,2.7704940351482357,4.48268374383707,3.8682116873403656
TCGA.AC.A2FE,3.349501032555202,17.503603920667263,2.95176585685323,5.628901386612103,-4.2627553725955805
TCGA.AC.A2FF,-2.5395725896070234,27.428091026432742,-2.066764548280201,0.37546951178257537,10.028427499817015
TCGA.AC.A2FG,5.59464440176308,22.762884324489693,-14.23578745352549,-8.01667519506785,-1.6099700159277077
TCGA.AC.A2FM,16.47790478963501,-5.021520239062612,-7.178952403346493,11.776849916106647,4.4572382519690965
TCGA.AC.A2FO,3.2090743751971202,21.93790830893845,0.6364597288486185,8.755011224712565,3.1996662715881166
TCGA.AC.A2QH,-14.569632198446792,-17.290510843185917,-8.713538201211415,-3.4634518306171245,22.822660402045962
TCGA.AC.A2QI,6.889560595626603,6.585207883185227,2.2240322828169603,-0.4068999132968169,-4.367299968087952
TCGA.AC.A2QJ,-25.456848242175546,-6.552728414901627,-5.044984918969603,3.860509824721621,-12.641222256796485
TCGA.AC.A3BB,4.702727445991787,23.731735909037095,2.455592678221488,5.97620989236264,-6.712378304869259
TCGA.AC.A3EH,8.224390108683519,-3.3979773847505257,0.9479010645673597,-11.014810336056742,-9.895040888060155
TCGA.AC.A3HN,3.703984985315482,21.598480746191335,-1.9152871843788875,-2.460871851638736,0.7883268548775404
TCGA.AC.A3OD,-1.00226553517799,19.515791616412884,-1.941035703083284,3.185533367544432,3.177907168980968
TCGA.AC.A3QP,2.2787142589337823,14.465634281808676,-8.439445306429118,-2.6256663857107894,-10.790932678713203
TCGA.AC.A3QQ,9.44857688101536,9.84004423508448,-6.003914312758457,6.900266899941037,-20.41980377358374
TCGA.AC.A3TM,6.6822732358031605,12.050343298011637,-11.167709071011394,3.6102001837807625,-20.16886332244521
TCGA.AC.A3TN,17.00131088428888,4.224349487848209,-8.634207667696364,-1.1708738227867865,-19.07086500104341
TCGA.AC.A3W5,-9.4617695176903,8.367680470093244,15.06086627800806,-5.410607225284595,-8.142509812649795
TCGA.AC.A3W6,5.945745995470301,14.365987338659497,6.978516999393849,3.2778080199812174,-4.033462179647201
TCGA.AC.A3W7,5.338366519358741,18.18021200299069,-9.060432930392693,-11.311938256788928,-7.741244582534401
TCGA.AC.A5XS,1.757757148726128,14.03435662690136,1.5676823733133636,10.052104592516983,-14.698262619877015
TCGA.AC.A62Y,14.090305583461378,1.9113185630895932,-2.1289266077272626,4.653757292446517,-10.773793462473082
TCGA.AO.A1KP,14.189517085435906,-11.713851556376133,-3.4461178700549997,-3.2123454521080643,0.9878118297539916
TCGA.AO.A1KQ,9.231435576969647,-5.413924376696846,7.8215508771849445,16.509305909221297,-1.693790261446247
TCGA.AO.A1KR,-28.74392744102235,-7.701634886718089,-10.744414002259868,3.1694616384063155,-12.590009581659253
TCGA.AO.A1KS,5.751408503380046,-1.357021687859459,3.8336367034435717,-1.1455262875014913,13.428359430672463
TCGA.AO.A1KT,6.865613364024072,-7.883843920887232,2.297962169817272,-4.018862987332194,-0.34571654571202476
TCGA.AQ.A0Y5,5.027943223702501,-12.936926371127768,6.391342720565473,-13.18835728414083,4.071486499632283
TCGA.AQ.A1H2,18.559096283940207,-17.246469488303013,-0.45404974383877283,1.9849570379250343,-11.017190540904263
TCGA.AQ.A1H3,8.04571282463843,14.0580038307882,0.8502562791136214,-1.5401173714377545,2.8952111189989234
TCGA.AQ.A54N,-30.719733758642704,-20.64289309458311,-26.116959451271413,3.1764301492772327,-21.081365110853767
TCGA.AQ.A54O,16.54967353108635,-6.58757077017784,-6.872990838453913,12.325356045963106,-15.232890343651894
TCGA.AR.A1AI,-37.88000111846729,-13.136634600381715,3.564669775085145,6.273767178346441,-2.2730292832632304
TCGA.AR.A1AJ,-35.60076421854327,8.921901876745407,6.216086939950572,10.286467334100454,2.199127801437537
TCGA.AR.A1AM,3.807015736884251,20.729210196673982,-6.952657869016744,-4.190027282545661,-3.3109747248016435
TCGA.AR.A1AN,8.974436259691137,6.515358833605457,3.137903305402771,-1.849669036287532,1.791435712668078
TCGA.AR.A1AP,3.6110900001525983,4.128466106634227,1.526417605217305,-3.8644017921359395,-1.5818087115358883
TCGA.AR.A1AQ,-39.2556148200832,-4.873128000273207,2.125120277129567,6.552005394080123,1.30488359926165
TCGA.AR.A1AR,-28.08628199428409,-3.223687237924823,5.840008581519804,4.4723174926393385,8.750434874715554
TCGA.AR.A1AS,12.025127615615176,-19.549267669037377,-0.6946426656709137,-17.33836876735889,-13.843216143232025
TCGA.AR.A1AU,3.568832699345686,12.948167714461434,-12.329601552084664,1.2086193936178942,9.404641157380027
TCGA.AR.A1AV,21.65698768872327,-14.732708370311185,3.33396835940878,-7.982035500456205,0.8708628919161934
TCGA.AR.A1AW,-7.327752272444167,9.57909751079403,17.296973206415426,18.823423093934558,2.2527329352707444
TCGA.AR.A1AX,-3.9540908900499363,17.977156111712194,9.643910277503082,4.487641966132764,3.0082476400260916
TCGA.AR.A1AY,-31.45100609241189,-11.692265153780745,-14.255914134275503,-8.646940498453112,10.328956534135106
TCGA.AR.A24K,15.699023973737116,-19.249921224631304,0.4996871661000421,-9.866401945278046,-1.2235645560601318
TCGA.AR.A24L,13.253721736613448,-3.3467290682858466,-6.124608947575513,-1.517346103801839,19.330982401286867
TCGA.AR.A24M,10.770419011548237,2.098873139630823,-4.925207279376445,-20.040336878956595,6.382342950900407
TCGA.AR.A24N,11.023239458536759,-6.489530470632643,7.848168620157933,-6.663011190485847,-5.602020377728349
TCGA.AR.A24O,2.5848651171511365,22.215811768373108,-2.0313435447618304,-6.158817399344209,8.62918094503986
TCGA.AR.A24P,7.1785083427547365,4.071121964632596,-1.2094423264581373,-10.412932927176529,6.058328687651467
TCGA.AR.A24Q,-28.47733484445117,-0.3063289495741648,-6.0036755564303945,-1.9576311032272566,14.112622815397138
TCGA.AR.A24R,9.869481590763646,-2.242777234516986,3.780221827186019,11.106219759569283,5.934963169584753
TCGA.AR.A24S,-0.22984405065590222,4.319395323321586,11.100040331691407,-0.2306965275617238,4.79064397065984
TCGA.B6.A1KC,19.011442280341658,-22.682824919184338,-8.836268569374774,19.09433171681415,19.146328141286894
TCGA.B6.A1KF,-27.785345091506407,-21.223589152275853,-19.36111567307446,-16.073845283498155,-2.881877057803101
TCGA.B6.A1KI,15.594851411257864,2.730445028991717,-5.043108435696078,-9.35251935543065,-6.010949005689408
TCGA.B6.A1KN,-1.9589451564749414,-0.7062108680915199,6.5600301250290896,-5.265296934951545,0.5416804065075764
TCGA.B6.A2IU,17.531592763115455,4.123807577358493,-10.726026431295288,-2.437304255679838,-6.62096620763794
TCGA.BH.A0AU,7.501333040413462,2.506974593727285,2.443736197398359,4.9076949763445645,6.458820856537822
TCGA.BH.A0AZ,4.554681621360541,12.144286025908322,-4.16740142498922,-9.380963004223117,5.8450162974161355
TCGA.BH.A0B5,9.547433695310303,12.218255755827455,1.4883475049326609,-3.8684988472437993,1.8184726013516013
TCGA.BH.A0B6,-0.6987583878871315,12.256132985765651,15.68685351468009,12.283623029495079,-6.294726589248575
TCGA.BH.A0BF,-4.90067795296468,9.921109104720683,15.201764568282897,3.6043523468287892,2.1762529128255768
TCGA.BH.A0BS,17.973077316957184,-7.816249489251007,-6.317408059650695,-9.873392569597652,-4.9930776996268875
TCGA.BH.A0BZ,-3.0546790054283512,-4.661116198556305,16.36899591682921,6.673500308606346,2.03413223611548
TCGA.BH.A0C3,2.817205686122526,14.185582594206897,6.248335572423102,7.103445412911475,7.815301797718629
TCGA.BH.A0DD,13.826560446595405,-12.769763419891168,6.390026871846774,2.610551222411631,4.391795963827027
TCGA.BH.A0DG,-1.4157386594954955,13.794996548214552,4.549244038485579,-3.4389518427089834,7.227119246218545
TCGA.BH.A0DI,-3.9165043827534594,15.726451181218604,1.1470859533861688,-4.82991509265674,9.940177325744202
TCGA.BH.A0DV,4.075555211808345,22.532991039387557,-3.622805385824268,-10.024444711498433,5.855078353523474
TCGA.BH.A0E2,2.7859896047280475,-0.5222938456636961,-1.8939877387860908,0.30493935762172447,7.9470447853109185
TCGA.BH.A0H3,3.3568956092731086,14.671573371870325,-2.8582340111648614,-6.038398397280625,8.842835546717676
TCGA.BH.A0HA,8.009207639019534,8.970539837567406,2.673107179104077,2.91715928413976,1.15841008725605
TCGA.BH.A0HN,24.08643441328337,-16.396258139784962,-7.167182925208123,-1.5803404373090535,-21.06344918606521
TCGA.BH.A1EN,2.5206557402401395,-22.79963522070961,8.083373929649452,-9.38892888074408,-3.0567518243598544
TCGA.BH.A1EO,4.731060364985662,1.4194286984720492,8.481446519045681,-6.457676934515447,11.705994036729958
TCGA.BH.A1ES,8.987316610925571,-12.252715599777591,-9.294755091318763,-7.569949005309961,16.685376894789858
TCGA.BH.A1ET,16.583292289406423,6.457647783624771,1.4083198085622954,-7.014531743108901,0.6499723171982524
TCGA.BH.A1EU,4.72424343930218,23.65971957041295,1.6209126637042088,3.4883538562955714,8.68434890463164
TCGA.BH.A1EV,9.238575948527789,-9.390726477254944,3.6626388315562393,-19.720859360528337,-9.08710832057601
TCGA.BH.A1EW,4.929713140323727,8.976461513139784,4.208094572502123,3.811480948345504,3.158701747566791
TCGA.BH.A1EX,-2.1411301328207872,3.626407109231401,11.666141954731682,-13.244509539087785,-2.7382409007455366
TCGA.BH.A1EY,5.173925285751159,3.3144101321925654,14.818178123379454,-1.9884549816969637,-2.2843071459191044
TCGA.BH.A1F0,-33.8563472568859,14.047333227564035,2.379666912931765,5.040273035926823,9.614923383145008
TCGA.BH.A1F2,3.6629260922257103,-0.8149690130815409,7.8911837764579955,-11.829552866195327,7.499411524715049
TCGA.BH.A1F5,17.460575094158052,-6.1647830210207095,-1.9157405726507393,-4.316026525403427,3.886659065829409
TCGA.BH.A1F6,-36.782776896765604,-5.9169334069286155,-4.7656887525002825,1.9746939581370653,2.169441243988028
TCGA.BH.A1F8,7.602345826187962,-15.806321820312787,10.422401205790853,-2.824212660663996,5.794883881802345
TCGA.BH.A1FB,-4.054240782497075,26.249905645277746,0.11824980728693538,-3.9747631931620906,9.943134911791791
TCGA.BH.A1FC,-34.972564339537406,-18.246656094545745,5.108931982524544,10.387484355170225,3.3324875605463564
TCGA.BH.A1FE,-2.921733064534487,14.343908472717947,11.3508027342769,-2.2063460265551633,11.794296438887923
TCGA.BH.A1FG,15.600129464964239,-6.904134688108491,-3.2043688405985162,1.4476358303717838,-5.543201019299961
TCGA.BH.A1FH,-1.272247659870816,21.154430753175692,-9.016312746734593,-6.522306953104015,14.110262154082736
TCGA.BH.A1FJ,19.014655257784153,-16.396322004368404,-4.086462482728445,-9.053806920124586,-3.3359060992735388
TCGA.BH.A1FL,12.356529847978983,4.487741394994148,-0.23486206248934105,-1.2662238116259643,-1.99698498789608
TCGA.BH.A1FM,7.819780605939522,-23.286123038069857,7.133898667346165,-8.996268047889837,10.946168095105486
TCGA.BH.A1FN,-3.7910252318223554,-13.166776044105903,0.6852297420877337,-8.682929158936501,4.050861396878684
TCGA.BH.A1FR,15.705322074765375,-4.465469828578185,-10.349075568913259,16.878307825499483,13.368620566393478
TCGA.BH.A201,1.750925653363192,10.73931250949111,-10.382386142673043,-12.372891527586859,6.13932170718292
TCGA.BH.A202,-5.494217414792479,-5.0218419895640265,11.777582912375374,-8.097044218177535,0.042425718935526685
TCGA.BH.A203,-10.543162204225368,0.21514512148535836,13.694809549239055,-3.037408659018634,-3.043219250546095
TCGA.BH.A204,21.4738401120614,-28.887482991811474,-3.7663712456918486,10.86263443448908,18.15586002037401
TCGA.BH.A209,-9.17895092621326,1.5467159674102813,18.785000741390057,12.08967212102905,-1.7182309452103526
TCGA.BH.A28Q,15.075037704810322,4.471090443800073,-0.798972506593312,-4.954682433254713,1.4541446707491472
TCGA.BH.A42T,8.513336395331073,-0.06118777202858223,-3.3757430180745733,8.557847699195047,-10.59892122232343
TCGA.BH.A42V,0.9586084553097916,25.08067483388656,-11.213470824497962,4.3835130994044365,-0.23149088585438518
TCGA.C8.A1HE,18.135225642376533,2.006469639180215,-1.5139969748293234,-8.60190886697722,-6.870916138479558
TCGA.C8.A1HF,-7.018602521430477,-9.646877025766441,16.86110919737857,0.672746759589733,-2.8978077314418105
TCGA.C8.A1HG,0.12255652419037821,-8.465136493731084,5.884653453104904,20.689822484053355,9.801671155109789
TCGA.C8.A1HI,4.494361757233525,4.824474060688918,-8.47912563254144,-5.981847395653995,2.291828161862597
TCGA.C8.A1HJ,-36.22004804967315,-5.8449351455684475,-11.356012418235457,0.18571438904852985,8.627653401477689
TCGA.C8.A1HK,-3.6657782931387106,-13.921201828807805,12.46149842745629,-2.1101234529602775,1.379385077700238
TCGA.C8.A1HL,9.892129922225855,-12.532403698337978,4.668814328251879,-0.07227577670798441,-3.036451396295524
TCGA.C8.A1HM,-2.980158482231179,-8.933656681767506,18.824115324511727,14.031256701040002,-8.203473247933797
TCGA.C8.A1HN,10.976913060559285,-23.728451057098287,3.4909086528128093,5.41037323451786,-2.454058176790672
TCGA.C8.A1HO,17.105447340701335,-17.326381618071146,-0.6091444812675931,17.7940132492818,10.9541695404497
TCGA.C8.A26V,6.203152436734475,-12.448415492614107,5.331703976772567,-9.707314887130948,-5.171137848969026
TCGA.C8.A26W,4.7803929969197,10.34484643737761,3.817781198293649,3.0170925852749564,-2.45529177536049
TCGA.C8.A26X,-15.542170472926538,1.4994211484186588,23.46126529253461,-0.6434187746865172,-7.0453398926504445
TCGA.C8.A26Y,-16.826286605703444,-9.698392800728032,8.344063982949026,-4.286073394371427,-13.990376716154053
TCGA.C8.A26Z,15.227255842290946,-12.593549937845909,-0.7717762316300953,2.4892712455388146,4.759054106422978
TCGA.C8.A273,6.9086138428880215,-8.814168634178115,-1.636129690047071,1.0772201611545564,3.5613347309821144
TCGA.C8.A274,12.08883619288884,-12.829295583618022,5.7858232287202815,-12.840752788062566,-11.900436845354395
TCGA.C8.A275,-13.583339309015447,-1.2946539365777818,23.472942993467832,-1.7817620834594485,-3.016057265609677
TCGA.C8.A278,-9.382342540904471,-1.0650454463284529,26.170071814710152,-5.6714399135995635,-1.0362685913639316
TCGA.C8.A27A,8.778952228657477,-22.740626848889853,-3.568908975279397,15.448282768530923,18.796834920478346
TCGA.C8.A27B,-39.055696667762014,-18.069278797975652,3.0329228738486056,3.072844930840406,-0.05739620048568634
TCGA.C8.A3M7,-4.471453493599899,16.31178615662637,-1.120986683988521,-5.63816691976565,-3.1003118905139955
TCGA.C8.A3M8,13.366981855442786,-6.9984497840128785,-5.89200296712026,4.972908473081638,0.634755419067212
TCGA.D8.A1J8,-1.2604584519101123,-9.493005774402866,21.383384300176044,-7.203259583851095,1.48222452445694
TCGA.D8.A1J9,3.946369767731681,-9.581788424575318,12.88422719287822,-17.636705345658406,-0.15264037207290945
TCGA.D8.A1JA,-2.7688223691117666,-20.11800452135295,17.08249951123972,-16.139179087741958,3.5589299203428686
TCGA.D8.A1JB,-3.2581188388804296,17.325381288618107,0.9784263396546615,5.68972644151641,7.908562985810784
TCGA.D8.A1JC,1.2612412433223417,-2.0520133956692153,6.3844868846116505,-0.9404521592670331,2.600008810030546
TCGA.D8.A1JD,8.821613569346253,-6.051935019415885,11.030281811236305,-7.7596975083177515,6.711811478341316
TCGA.D8.A1JE,21.290808346231785,-12.765758510262915,4.792869828827161,-7.212865793974098,3.49041634059494
TCGA.D8.A1JF,-7.624207406678006,-5.832794043825202,22.977114115022705,-11.356393686953888,1.9145399250963122
TCGA.D8.A1JG,-14.685709396399774,-5.040355345152324,26.807683560624657,-6.715197852108593,-0.48735865572629955
TCGA.D8.A1JH,8.249472777744238,16.409992372996204,-1.1036605942030349,-5.51192171294326,12.019849155734269
TCGA.D8.A1JI,27.91610512502842,-14.656653562469835,-9.33637234233069,14.802000337109694,-2.472991114952211
TCGA.D8.A1JJ,5.416929639423058,-11.664744783314168,10.976587753847543,-11.154977683985427,-1.1605266278387614
TCGA.D8.A1JK,-20.13445850032646,-9.696658212919642,20.175960151487875,-7.814780274009523,-7.876364982406838
TCGA.D8.A1JL,-32.74998327441774,-1.044587360959372,-1.4977943359492303,-1.281993212653508,6.984478781537061
TCGA.D8.A1JN,6.246889821001141,-6.659820189308852,7.208163829123167,-5.534376219402583,-16.893460634570005
TCGA.D8.A1JP,2.367513917954906,1.210085795878256,1.986889119806287,-6.5815590102005945,2.8727816366375656
TCGA.D8.A1JS,23.47127712395342,-20.450929953089283,-7.234305759402072,0.5262260141642628,-22.79843533539791
TCGA.D8.A1JT,13.986396233390227,-22.7178636002924,-0.48700312663207945,-0.13629467348721314,-1.1904358633226018
TCGA.D8.A1JU,6.1797168459893035,19.88991967441592,-0.8163812946440592,-5.503248939328608,8.104807657508585
TCGA.D8.A1X5,14.141887562793158,-15.13566537109387,11.803195130178512,0.7842858776239147,-2.6490612617810574
TCGA.D8.A1X6,20.99447166094824,-18.825492593395722,3.531054245320488,6.041643393628409,-5.127635694296218
TCGA.D8.A1X7,15.933415012892326,-10.181390529934198,-0.7294701590254965,-2.7898811382242754,3.7179857683474373
TCGA.D8.A1X8,13.380953735494215,11.575263587728028,-4.766792343778756,0.13969374517311273,2.1560989258814938
TCGA.D8.A1X9,9.121865982629426,-14.873104471073358,10.768230707943896,2.064306781406393,11.232698920001805
TCGA.D8.A1XA,14.158340840996836,-9.06608872791362,1.2650779513903703,3.334804260358829,-2.188521942997609
TCGA.D8.A1XB,9.15197579511376,2.2657759905675263,-2.9615223981421783,-15.627193585967788,7.450820869564975
TCGA.D8.A1XC,26.41412102935651,-25.461717076893912,-15.363251241733023,7.373126013475345,0.8596987407819391
TCGA.D8.A1XD,10.295603127580229,-9.428586393076863,-7.123683994466164,-6.255554327533622,16.60321315356887
TCGA.D8.A1XF,11.560442307385836,-22.72603278370131,-5.032419258195746,21.341970844535915,8.458259814881982
TCGA.D8.A1XG,13.168838046834198,-12.358598372477097,-19.49789476196268,-3.192548146172602,9.800974070849431
TCGA.D8.A1XJ,0.7690564170876247,-15.683928015919024,7.319254415586579,-12.78660247493839,-8.197025296759449
TCGA.D8.A1XK,-35.06713680799798,-15.087195485622987,-3.947815168288733,3.1405276670085875,4.850946319990341
TCGA.D8.A1XL,-0.12428048666859845,-5.20598636633812,12.040794593823259,13.64121154206939,-9.853340714892973
TCGA.D8.A1XM,4.302554836276786,13.608365946577475,1.3247999435742295,0.5159577622180563,10.258655965645588
TCGA.D8.A1XO,13.121586114316178,3.9158491578381622,3.7881025242908333,-10.592440696575768,-0.49577407418940017
TCGA.D8.A1XQ,-32.594490173127674,-11.960415686471979,2.456186796969195,3.289746228496727,-2.302898536195507
TCGA.D8.A1XR,19.393914164368297,-7.736437353539524,-1.5172378709562742,-6.077739247458049,-4.247105157947076
TCGA.D8.A1XS,12.52161796832589,-5.964195672469699,7.102066929958119,-5.8881887753301365,5.606469858826462
TCGA.D8.A1XT,-11.640025633593744,-15.387449389749294,14.078939087096186,-8.98378993897927,3.766873715548086
TCGA.D8.A1XU,12.032387680655965,1.6252648420382316,-0.4724065359073787,-9.686087177003602,2.625019956372517
TCGA.D8.A1XV,23.148615334333222,-22.956868474103317,-12.675231597298056,6.069476555994642,5.790304051683766
TCGA.D8.A1XY,8.508293096797486,-4.768155692088541,1.9802560404900496,-11.41482374027146,4.938473333251891
TCGA.D8.A1XZ,4.730966683934891,-13.126237334079601,11.483212225901068,5.352048448360659,3.6138367562029505
TCGA.D8.A1Y0,5.066510158491569,11.027296386553648,5.353269022697892,3.5458759264739683,8.31741856690048
TCGA.D8.A1Y1,13.69380132043923,-13.201362392726653,7.000110780793792,-7.868535166821282,1.4932993366859164
TCGA.D8.A1Y2,-0.15206763813263507,-0.37735173960140034,13.759448670971889,4.906201892666411,0.8664663084894016
TCGA.D8.A1Y3,-3.15690202753883,-18.890222196396667,12.893786716251354,10.56207502740061,-13.133251652623148
TCGA.D8.A27E,21.04792349140618,-15.005700440068617,-7.929073604827977,12.68671314360673,7.378364743144071
TCGA.D8.A27F,-36.45622501054954,-5.814768868342058,-13.65560277417278,-9.873078244774627,7.749471167903808
TCGA.D8.A27G,8.101682515260721,4.6438701544388685,10.114202780122818,2.5386934077022265,3.9717385805627012
TCGA.D8.A27H,-30.48630572559028,-4.598691259013202,-14.94456275965338,-11.491683541091911,11.816654728023638
TCGA.D8.A27I,0.2876808327588244,25.529790129918975,-3.6577987410690267,-0.5149916331754711,6.7511462660415535
TCGA.D8.A27K,5.582224509494717,12.631215082342392,1.143781391583534,-7.334859296367736,-0.42186713240368107
TCGA.D8.A27L,5.086978969738077,18.44472098250242,1.1825860260096837,-8.28203758130353,5.239912921220493
TCGA.D8.A27M,-35.713844531665565,7.1271477278164905,-0.2585268635662231,1.5705267354046126,12.67624005835114
TCGA.D8.A27N,0.5408429368876125,-3.7629193234496747,11.694676011387084,-5.2252832855412805,1.8722585496214132
TCGA.D8.A27P,9.957955806002014,7.0956333902984134,-9.896318159857914,-16.4113720869913,0.02772140148572055
TCGA.D8.A27R,0.26957698901001004,1.0596181278689674,1.8962026433524997,12.546975181598684,-1.2712488086097324
TCGA.D8.A27T,10.564736625012364,11.163885446695936,7.443039378753705,1.1403851985832194,4.048108529108338
TCGA.D8.A27V,3.446783889363125,11.504294774635643,-3.7280751698556767,-11.802128724321857,1.9295800799962375
TCGA.D8.A27W,7.079198385929058,-6.522846271444629,3.599718716397199,14.27711532353088,13.081291706315842
TCGA.D8.A3Z5,4.6700985513616535,21.024208430307283,-18.587312843654388,-1.7808140648041593,-9.957785015171975
TCGA.D8.A3Z6,13.198877596486964,5.3969250616999505,-4.9957811017725975,-10.795081384324737,-8.957172212032775
TCGA.D8.A4Z1,1.3928028289781618,24.980156976556923,-12.652927596322462,-4.391552041971014,0.712509014375409
TCGA.E2.A14N,-35.691309220449405,-10.70301784352748,-3.2638159238364164,3.0692143453623006,2.6031645568567674
TCGA.E2.A14U,4.205787610150116,18.273574362436815,-22.226676144558557,-4.8721614469021945,-6.5010092615216575
TCGA.E2.A15I,10.231619289223467,14.24495250752523,2.319668771175028,-4.319196352950299,1.9854486936510423
TCGA.E2.A15K,9.368334306083035,3.3677622650086985,12.68092065823938,5.3905041997402625,-12.132559363110357
TCGA.E2.A1AZ,-28.966008548316456,0.18226683815872405,0.8509961020075104,2.502100859501839,10.09229997275121
TCGA.E2.A1B0,-19.79553920893222,-3.278782376972618,10.252812871003172,-9.714211110013496,0.31651178219911685
TCGA.E2.A1B1,-7.367558518865973,20.638889709208815,3.250438513566159,-5.28357004017725,11.51058950874189
TCGA.E2.A1B4,16.289917429951764,-1.215537507333736,-9.445154402610743,-10.985654877032019,-10.545399323993525
TCGA.E2.A1B5,-4.955033880495788,18.850195103621918,8.53020492982435,14.218481860118086,-1.7388784010384042
TCGA.E2.A1B6,-37.46895632069886,9.678294393760302,-3.691378186303407,16.37298191446829,-7.793715674230551
TCGA.E2.A1BC,10.438050564395642,8.435026393970597,0.9025899068590293,-10.306278818692947,5.217353517895489
TCGA.E2.A1BD,13.420135148408235,2.3720259519138525,-5.956059781698273,-10.119611102847623,-10.338033418412381
TCGA.E2.A1IE,20.524508485099727,-8.17577481021347,-11.834235003766246,6.165164581118516,7.619324086200603
TCGA.E2.A1IF,2.38840945688878,16.356682689266954,-7.703146692296271,-6.452913906666878,-12.540081287499948
TCGA.E2.A1IG,8.731655356192405,-9.235579698867902,-7.662767397077523,-1.952966657548768,7.087801304301119
TCGA.E2.A1IH,0.8803723164853914,10.901557092422498,12.517559782019516,6.994198180809744,6.54236962651827
TCGA.E2.A1II,-32.539132547502135,-12.160994426494076,7.468466010522663,14.434357261727932,4.562352421908074
TCGA.E2.A1IJ,1.8508876808916148,18.740503837565278,0.23254335542753996,-9.490262414222837,-0.8854641722383394
TCGA.E2.A1IK,10.186070207348687,1.7236463404422382,-11.439953015768939,16.38958981723803,2.668105104879184
TCGA.E2.A1IL,12.55703381414875,8.662524261796047,-5.34721934441071,-10.181020059143503,-4.261964465650019
TCGA.E2.A1IN,12.2671397548688,-5.70936072381372,0.43169961354743724,-13.939928668567612,2.772953174450741
TCGA.E2.A1IO,3.1770629851494205,16.953616357836633,-0.2623583660703241,-2.500199608482288,9.312635809743185
TCGA.E2.A1IU,12.108030070822293,8.848757789386816,-4.483585268990912,-2.7105504120869215,-3.428443612715523
TCGA.E2.A1L6,11.452708092957916,16.69085067085849,-10.009567936366576,-7.481457101815442,1.782212803442221
TCGA.E2.A1L7,0.1342177222720229,3.7029523373610895,2.676236707906377,13.205739506766072,10.83583524116178
TCGA.E2.A1L8,12.510437432960913,3.0762901852488573,2.9511224702854775,-3.8284902643336918,-3.353994895308257
TCGA.E2.A1L9,6.985144656586321,0.008469423773920452,3.771968297130871,-9.949686966512035,-0.8594382846750657
TCGA.E2.A1LA,2.4848220226996656,3.6518315264718977,5.937483066648714,11.572264363914531,-5.316454635649492
TCGA.E2.A1LB,0.7635635447294039,-14.124443645614031,17.423879198268445,-15.340196591761297,-6.307569680156797
TCGA.E2.A1LE,-11.684631148252288,2.862199260814023,13.982355005961148,-1.2353925739520837,-6.089840669711822
TCGA.E2.A1LG,-32.6184204129976,-11.069876727664578,-6.567593201007309,-5.416221440151239,-1.6411869508295838
TCGA.E2.A1LH,-40.594518597731735,6.7330024010922696,-4.86872154376008,12.143999830461308,-6.145095532715028
TCGA.E2.A1LI,-39.07143800529896,-10.216327558876475,-7.698848318453566,4.382329821283641,-2.6993348785075675
TCGA.E2.A1LK,-37.68575368206793,-27.36251305560003,-19.05135894554911,-2.029821712679457,-10.218335697150756
TCGA.E2.A1LL,-22.766595629982362,-7.7565851468662865,-5.99534134020105,-11.626626606968852,3.218278759987277
TCGA.E2.A1LS,-30.344587518414546,-10.322223931305063,-18.80217927104177,-11.183876175078936,-1.2825381642677647
TCGA.E2.A2P5,6.062825565269532,-1.2468624797391785,4.220388154832306,-4.810272372090617,-8.228977003090229
TCGA.E2.A2P6,15.996258390293484,1.3480071528962136,-5.04712946157211,1.085591691829822,-16.837652532332566
TCGA.E2.A3DX,2.2111540404173957,25.735833672059957,5.097434598763885,0.3277542270524141,3.680561800821507
TCGA.E2.A56Z,15.601916406826629,-12.711069860748902,-6.160377373320529,17.415947537960513,-1.6779898354165537
TCGA.E2.A570,12.105581817071728,1.722115922248406,-5.7912266967871675,-11.119495956289722,-8.922434207717034
TCGA.E2.A573,-42.20010581843579,-1.8942840759955397,-4.138228001905224,4.419809615974829,-8.586262063362426
TCGA.E2.A574,-33.565133484071104,-20.526710678113773,-21.746622606185483,-7.889400423903801,-8.499033190229543
TCGA.E9.A1N3,22.68343310346658,-10.454962553053575,-13.673658038134555,12.977218863232823,8.19724525072177
TCGA.E9.A1N4,6.26155673023275,3.46950188300961,7.285982228392664,1.5731631941387576,4.62991370385327
TCGA.E9.A1N5,13.737365248821629,4.078423976460214,6.3817489423098435,4.47127978416441,2.873434565461303
TCGA.E9.A1N6,1.067490600537859,-11.898039028809029,10.53140852350358,-13.770768357086896,1.9295439284679023
TCGA.E9.A1N8,-31.742135680411383,-14.740310909462448,-20.791321964182536,-5.871154286315382,4.840913610383302
TCGA.E9.A1N9,-6.333876587586774,3.5123898144196524,0.7655136832966898,-1.324366966337986,7.395114646290121
TCGA.E9.A1NA,2.4344692245255795,-16.473327465650442,9.102062870279982,-3.1548701003671664,4.809017923599217
TCGA.E9.A1ND,-35.93805571023321,-8.051875817212217,10.289326383049948,-2.203566182307521,-5.59388161731324
TCGA.E9.A1NE,-3.691369428838167,18.25988558417228,5.040216696425888,9.621690988890519,8.312423171679262
TCGA.E9.A1NF,4.721628581334456,-5.547090877852807,12.105007637419218,-11.11381479293689,-3.646827541813183
TCGA.E9.A1NG,1.409823467827504,-6.543729161226146,9.265627808865975,-16.75311881218273,2.1074360093887816
TCGA.E9.A1NH,11.121641092929963,4.278083721153857,1.203695832554455,-14.682822835314072,-2.1781242142588866
TCGA.E9.A1NI,15.492181696792795,-7.4745265225452755,3.157079341480955,-8.870845913209056,-8.04875844838067
TCGA.E9.A1QZ,0.031152309568822614,21.85085070713021,-2.696810047585723,12.333842411270643,3.4119672094639575
TCGA.E9.A1R0,11.828292638016107,18.921739031647757,-4.7243751407144865,6.339938692540555,3.591156548203746
TCGA.E9.A1R2,3.7067550205608244,3.3916342893536204,-3.3431640232273825,8.761560896441368,1.7006046665045238
TCGA.E9.A1R3,5.097780998177278,0.2350046329779102,1.637837199436758,-11.783475740008905,-1.392109021276268
TCGA.E9.A1R4,4.7907100327259045,0.12116530633107524,9.678936011104463,6.440416469264646,-3.248724970565272
TCGA.E9.A1R5,13.57530296448935,-10.320956806007912,5.207380829577275,-6.053534893261532,1.4716929518940458
TCGA.E9.A1R6,20.508210553123913,-19.86994383877321,-2.291998578018592,5.180151854240729,2.183021041308662
TCGA.E9.A1R7,12.012636806171104,-12.51782842036424,-0.3615096712974853,0.6196130547740415,2.7148123561508863
TCGA.E9.A1RB,2.3665261967180475,-9.633376447357957,0.21643000983664773,-7.637660559329518,-1.1109524669689907
TCGA.E9.A1RC,12.342560594914456,-14.17173223458145,-2.940079358214322,-15.456918727849144,-4.715515250215024
TCGA.E9.A1RD,20.88564676342613,-5.60834555511058,0.7019585650106194,-11.145177128092687,-2.7102851816618925
TCGA.E9.A1RE,14.783714283648173,-11.578959594500557,6.181361248342401,9.536410269798889,8.821279633836726
TCGA.E9.A1RF,0.6366197935786917,-5.185160471188845,12.610856147900652,1.5979424523453691,1.9696920630835855
TCGA.E9.A1RH,-15.245295540075446,-17.655116044647226,12.588186120975188,-13.774840397597544,-1.5414185118990986
TCGA.E9.A1RI,10.863822989342529,3.245900249183187,0.4884095369882714,-8.416395693504315,11.71404556369773
TCGA.E9.A226,9.402155787595037,-12.474859330689604,5.654341126707746,-18.105866405177927,5.1305979178002525
TCGA.E9.A227,8.84532915292792,11.572049137833979,1.911259403914857,3.2945755145327715,0.18889968752704556
TCGA.E9.A228,15.290123410847421,-20.027646219181353,-2.2531031262561325,10.913539999619422,10.994014436664145
TCGA.E9.A229,8.528871656266404,5.668342744470292,2.7570568731226506,-6.248304255477071,7.834169004766323
TCGA.E9.A22A,-0.8535571085074141,-2.3406304651056677,12.74348540311027,1.7461532473311607,2.491268696756225
TCGA.E9.A22B,7.171140895840451,-1.988917315076844,-1.8676446017029253,4.8473432689772045,10.44519222828666
TCGA.E9.A22D,6.460979092210012,-2.67396335045821,18.92395955885271,17.91577702786687,0.459771613876556
TCGA.E9.A22E,6.261908844438398,-1.5018758474185854,13.1827693092641,-5.96298516602873,1.4993148695516225
TCGA.E9.A22G,-40.27035673094486,-16.792410583607015,-11.085420680409442,-1.4351855068114359,3.9491661015837667
TCGA.E9.A22H,18.407222564733708,-2.97920489093837,4.646008290407284,-0.7646749648930811,-3.671130338982389
TCGA.E9.A243,-30.339233019114836,5.202303265755375,13.153539877424139,2.279449578923321,6.383795498186354
TCGA.E9.A244,-32.832585145593775,-7.557392055864409,-11.852404740450574,-6.593822164125376,6.013413261807392
TCGA.E9.A245,15.672590884102352,-2.1877604097583325,-18.18908646606175,10.791033072737777,12.492872349212538
TCGA.E9.A247,6.788407968439323,-5.766866058680804,-8.019779552832526,1.0263931641486905,0.23380286751223062
TCGA.E9.A248,-22.780554692879246,2.1063545201528657,17.077501151090477,3.6791445283320825,1.1819619027235155
TCGA.E9.A249,14.383707608166489,-8.25746156792467,2.2684526149381994,-3.4104193247102397,-8.60729528761646
TCGA.E9.A24A,15.006702093380493,-9.808801778898609,4.3876301010623795,-9.887319460015519,-1.1495739484878325
TCGA.E9.A295,2.556840588009761,9.294932235820177,-3.7267654972996116,-0.10701141661374736,2.595615608889422
TCGA.E9.A2JS,8.185026492575386,-12.84223271397839,0.8264810455522689,5.738733070097589,8.23436467158027
TCGA.E9.A2JT,-7.566674689479392,20.487501279685127,14.726171654584654,20.136452319257472,0.6745066996752747
TCGA.E9.A3Q9,18.56400815262655,1.8304808509242492,-8.04563990454891,17.19991371653672,-0.15913251924077015
TCGA.E9.A3QA,-38.12535039734186,0.04277080371074551,-0.5155993234940561,13.125559490378626,-4.197746062979823
TCGA.E9.A3X8,0.1487609750171971,20.144997596526665,-6.92076490915106,5.501003760828903,-20.1739951195536
TCGA.E9.A54X,23.222007744104598,-25.753568146710936,-17.42623617201805,3.412116828294274,-5.660780640454847
TCGA.E9.A5UO,22.773483544766357,-35.638061799201836,-9.863308430007702,13.210070518283073,-4.361111493750116
TCGA.E9.A5UP,12.69173830752434,-26.041331902582726,-3.395201783155232,5.825435195960296,-20.3555269864289
TCGA.EW.A1IW,0.2976098669407794,15.780431668074828,-1.6556181453455208,-4.940497681384402,1.8480499435768736
TCGA.EW.A1IX,12.533321920683012,11.622699076036804,-1.7183306212376912,-8.349853015655254,6.965400488760089
TCGA.EW.A1IY,0.8638329057580565,7.044954996867692,10.539718931545707,-5.852036530776143,6.032835160120428
TCGA.EW.A1J1,18.39345595935001,-10.356664540591819,1.9212887204655973,16.584554191358098,6.289769322965184
TCGA.EW.A1J2,5.595740612423327,19.05937650149994,-5.023051518244718,-9.72360633144634,5.084236722757708
TCGA.EW.A1J3,14.016236597893903,5.37639924992337,-3.5486212510816344,-9.331844838351742,-0.8719536027653495
TCGA.EW.A1J6,4.494640202327935,-3.383197859441549,-0.49159681384088544,18.12261866653791,-6.397702662878123
TCGA.EW.A1OV,-13.60323981522772,5.492087097348591,18.317492629958423,12.138999036696218,-3.486328436894824
TCGA.EW.A1OW,-37.01799520289019,-5.484995648507983,-13.306238414750135,-6.516352447412592,8.226404921112525
TCGA.EW.A1OX,21.96585426530046,-35.47973359693964,-10.405747745033926,12.435053201301018,7.240705173669797
TCGA.EW.A1OY,6.833019535686475,-6.682085023515694,-0.9947617562151674,3.3148283525003164,-2.4648418243580767
TCGA.EW.A1OZ,5.378270897297927,-8.039903535077235,12.433973679749306,1.0525826019036653,-0.0012201512364475918
TCGA.EW.A1P0,13.264701625517539,-12.777660693731901,3.0761825425602964,10.636175317256484,2.2044670375563777
TCGA.EW.A1P3,12.39986257586635,9.352014731315423,-7.129304692138051,0.40089270647432457,-8.695354024937531
TCGA.EW.A1P4,-35.474983957601985,-5.7184373450348,1.025294844235869,-0.5652577038152073,8.381435373715858
TCGA.EW.A1P5,12.93090480322646,-8.294211956437616,2.5821426813883184,-0.005428148045533889,0.8236508103021697
TCGA.EW.A1P6,11.888204460676937,-1.1366468070674713,0.4822314280677091,-5.830624865877112,-4.098326020214473
TCGA.EW.A1P8,-32.6138779199379,-5.1500064553421065,-8.558288049318914,-0.6148631346785041,-2.9209720815395293
TCGA.EW.A1PA,4.714393584462097,5.433637506191778,-2.3094519715444393,9.460440168100854,6.203352358349705
TCGA.EW.A1PB,-36.42865505554699,-15.758553549789566,6.2901844914938465,11.166927485671051,-12.121275698735735
TCGA.EW.A1PC,-1.8333005096113086,-14.958621044918727,0.65477923855935,-6.139324290175765,-8.25070636900571
TCGA.EW.A1PD,7.571815090903845,1.037303891605784,-3.9173756415855343,-2.3640405661894754,10.623396487086758
TCGA.EW.A1PE,9.536469546408687,6.108859692031365,8.775710657929231,-2.9404096946481464,-5.746469745917554
TCGA.EW.A1PF,4.739589268650975,10.018159011371019,1.567406338027462,-1.4615909270604601,6.596879497630289
TCGA.EW.A1PH,-39.65152145817506,-4.730651754866132,-10.864836970011947,-2.854999309033353,1.0762926602095488
TCGA.EW.A2FR,-7.70038648910506,-2.3062970485859955,10.173517455924175,-10.711142202240733,1.6944452398220682
TCGA.EW.A2FS,-0.0010547883290978651,11.552393899899167,-6.776879800530466,12.251321886812681,-0.8301074699710345
TCGA.EW.A2FV,-5.475317356712476,10.340354634449904,3.045720574313667,1.7518246775071595,4.729406278775832
TCGA.EW.A2FW,17.385666186520965,-16.15529791293814,-2.7033644699719663,11.721937331447318,1.6897768473750074
TCGA.EW.A3E8,6.698161494991253,21.188496034984585,3.775820179953606,11.1507664356666,-4.725322927578926
TCGA.EW.A3U0,-35.87638474213706,13.117796136280854,-1.9656643937569402,12.486203261749466,6.3646565981825125
TCGA.EW.A423,10.221328075580429,-4.476464789593505,-1.2234005275915198,4.757822125836205,-20.86930673520221
TCGA.EW.A424,9.830746332903637,8.499586177935594,-15.662967953314693,-5.384625776189904,-8.519929408536818
TCGA.GI.A2C8,9.732885346741543,-0.024094795906385476,6.52026577918616,-4.454124748279235,5.491577636392265
TCGA.GI.A2C9,-33.40285406678725,-5.637741922450645,-16.888255993853925,-10.428616755252834,3.992002434841315
TCGA.GM.A2D9,10.890647110246178,6.744578640183189,-0.2422559636405983,-3.084893529132493,-12.545396883481548
TCGA.GM.A2DA,2.809560153953196,18.124289554368563,4.490332277370119,4.9842069240363225,-3.6146945075528074
TCGA.GM.A2DB,-20.573787755714847,1.1269064981954136,12.264372531293253,-1.3458932122515723,-16.74344968944032
TCGA.GM.A2DC,14.398186905406288,-10.31566215281926,-5.509379996563692,15.736119490465365,-3.7739344650734807
TCGA.GM.A2DF,-36.904388298648016,1.1311235458023843,-4.338035958183959,10.485147603399522,-7.569670803747815
TCGA.GM.A2DH,-11.235833179602736,2.3648300846113517,12.085662835220319,7.472386246563714,1.8342590353117798
TCGA.GM.A2DI,-0.7081758019754089,20.42766917193299,6.663092502344627,8.360394892310294,4.452045126980911
TCGA.GM.A2DK,4.153117943646072,13.563403395588171,-8.209845923811807,11.288844798471784,-0.3283750413102487
TCGA.GM.A2DL,5.633540831116625,0.4671933130973109,5.726004967847478,-4.197620138238738,-2.085422495446458
TCGA.GM.A2DM,15.770265226837573,-18.91788154327889,-5.891398442496695,3.566183550391869,-0.3870099058837489
TCGA.GM.A2DN,-2.6450924237304867,13.346832133567588,3.863069661383807,-2.8484572367813894,-6.813297402259042
TCGA.GM.A2DO,-1.766494486030963,6.765144241374814,12.428437631815465,26.54072649209952,-6.214002370881946
TCGA.GM.A3NW,10.636005117917234,9.292792616358748,-8.701565808335667,7.3845207575908836,-3.715291586309412
TCGA.GM.A3NY,7.460602326132352,13.958936633421521,-9.450108458356558,-2.9262116760945105,-17.08330661042917
TCGA.GM.A3XG,-1.503670495362307,18.20676963394564,-24.766367037631177,-5.291393388838529,-6.5475496189243145
TCGA.GM.A3XL,-34.006801038035434,-10.796286287150904,-0.5124328883460473,10.21606119396352,-14.720579710694443
TCGA.GM.A3XN,1.98840762079952,22.723885159532635,-7.51873556956099,2.171000917494089,-4.29234435124607
TCGA.GM.A4E0,-0.6439506117690867,23.925564494367208,-7.235263745929163,4.906493554181587,-7.806798608265308
TCGA.JL.A3YW,-19.533893660308102,2.3032453273516498,13.384356774529628,-7.383119689767545,-8.26015404243879
TCGA.JL.A3YX,8.682470361877874,4.436560260899926,-6.280561143802339,-5.777558548583092,-9.885892527039097
TCGA.LL.A440,-2.235792626677845,26.21248895901773,-9.82347320961759,0.16851085427414797,3.663471074877671
TCGA.LL.A442,23.193634439260865,-25.74424416995932,-7.021008123752334,6.933607294273041,-11.336438339850265
TCGA.LL.A50Y,15.280366567902856,0.6013802716493075,0.923542577494008,3.2210475505411287,-23.26373021976334
TCGA.LL.A5YL,-3.639289823476695,10.564261333237678,-1.9160583713642316,-1.6900953969401606,-21.059766888203487
TCGA.LL.A5YM,9.9092534867908,-11.913283716109976,-5.822943636487594,20.040257917682894,-13.840633278023041
TCGA.LL.A5YN,-2.0533004245030537,16.994699360984594,5.055753915322992,12.261316127996745,-21.755629211123626
TCGA.LL.A5YO,-25.019247431047127,9.643440534842583,15.822491004299303,8.5702491010284,-12.082628063003584
TCGA.LL.A5YP,-31.908790091538858,0.8172423370571401,-10.731271999363988,-2.1586671660451824,3.391467416142145
TCGA.LQ.A4E4,12.148998477755288,0.19269353098457556,-4.375725705438367,-3.4192592697365876,-10.546844270363588
TCGA.OL.A66H,11.40440068571904,-5.979104383967553,0.5413210523175839,15.729443834156728,-5.22399488125551
TCGA.OL.A66I,-35.48294140183236,2.2542814096220223,-1.8253862661523519,12.641058006856033,0.14851765670782335
TCGA.OL.A66J,7.405353722309335,9.732376072994292,-7.535838852307455,6.6241979700374225,-0.8267038723194892
TCGA.OL.A66K,15.392975113657169,5.6313471517278995,-11.400175202303977,-3.8783319497398634,-5.77855108712455
